Ticker,Report Date,Fiscal Year,Net Income (Common),Shares (Diluted),Diluted EPS,Previous EPS,EPS Growth %,EPS Growth for PEG %
A,2024-10-31,2024,1289000000,291000000.0,4.429553264604811,4.1891891891891895,5.73772309056646,5.73772309056646
A21,2021-12-31,2021,-49820876,1853320448.0,-0.026881954523171592,-0.3743943645183689,-92.8198827036958,
AA,2024-12-31,2024,60000000,214000000.0,0.2803738317757009,-3.657303370786517,-107.6661354924846,
AAC,2022-12-31,2022,20983590,100000000.0,0.2098359,0.126792576,65.49541512588246,65.49541512588246
AACG,2022-12-31,2022,-7116996,62753840.0,-0.11341132271746239,-0.08311328017209128,36.45391263903566,
AACI,2021-09-30,2021,-468899,20709500.0,-0.022641734469687824,,,
AACT,2024-12-31,2024,-69459000,58410000.0,-1.1891628145865434,-0.9829627839536008,20.977399551545584,
AAGH,2024-06-30,2024,-1220571,21123253567.0,-5.7783285899992624e-05,-3.609754229807884e-05,60.075401873184944,
AAIC,2022-12-31,2022,2642000,29243000.0,0.09034640768730978,-0.38471775191879176,-123.48381566400413,
AAL,2024-12-31,2024,846000000,721300000.0,1.1728822958547067,1.1421917575996743,2.6869864933650733,2.6869864933650733
AAM,2024-12-31,2024,5855202,7500000.0,0.7806936,,,
AAMC,2023-12-31,2023,-32546000,2925744.0,-11.124008115542576,-3.3174993212680093,235.31304872402436,
AAN,2023-12-31,2023,2823000,31105000.0,0.09075711300434014,-0.17097891907645477,-153.08087891452703,
AAOI,2024-12-31,2024,-186733000,41538551.0,-4.495414392283448,-1.754556272537109,156.2137483218492,
AAON,2022-12-31,2022,100376000,81145608.0,1.2369862334385369,0.7315508996103948,69.0909318951455,69.0909318951455
AAP,2022-12-31,2022,464402000,60717000.0,7.648632178796713,9.418055818652523,-18.78756798565001,
AAPL,2025-09-30,2025,112010000000,15004697000.0,7.464995794316939,6.083555429791938,22.70777969343247,22.70777969343247
AAT,2024-12-31,2024,56798000,76514592.0,0.7423159232163193,0.6599117299617832,12.487153889401004,12.487153889401004
AAWH,2024-12-31,2024,-84994000,212433000.0,-0.40009791322440486,-0.24209405786476798,65.26548266124594,
AAWW,2022-12-31,2022,355880000,34190000.0,10.408891488739398,16.14944184371624,-35.54643194811401,
ABBV,2024-12-31,2024,4278000000,1773000000.0,2.412859560067682,2.742808798646362,-12.029611351017877,
ABCL,2024-12-31,2024,-162857000,294327532.0,-0.5533189467304065,-0.5062758206357288,9.291995425656662,
ABEO,2024-12-31,2024,-63734000,41048206.0,-1.5526622527669054,-2.5344618146013214,-38.7379899029513,
ABG,2022-12-31,2022,997300000,22400000.0,44.52232142857143,24.422018348623855,82.30402087581838,82.30402087581838
ABIO,2023-12-31,2023,5339000,14415877.0,0.3703555461800902,0.6888203677090505,-46.233363073763826,
ABIT,2024-12-31,2024,10284000,4466443337.0,0.0023025031829705263,,,
ABM,2022-10-31,2022,230400000,67500000.0,3.4133333333333336,1.8613569321533923,83.37876386687799,83.37876386687799
ABMC,2022-12-31,2022,-1410000,48017654.0,-0.029364200091907863,-0.013020941357814203,125.51518576869749,
ABMD,2022-03-31,2021,136505000,45881000.0,2.97519670451821,4.9377107325830885,-39.74542322041249,
ABML,2023-09-30,2023,-7231985,44348562.0,-0.16307146554154336,-0.3231428690133649,-49.535799431551474,
ABNB,2024-12-31,2024,2648000000,665000000.0,3.9819548872180452,7.206015037593985,-44.74123539232053,
ABOS,2024-12-31,2024,-102329000,60013277.0,-1.7051060217891452,-1.077384586428509,58.26345051412978,
ABR,2024-12-31,2024,223272000,205526610.0,1.0863410825488728,1.5082231346637474,-27.972124443571246,
ABSI,2024-12-31,2024,-103106000,110239870.0,-0.935287750248617,-1.2014384836895755,-22.152672571600917,
ABT,2024-12-31,2024,13402000000,1748000000.0,7.667048054919908,3.272155517438536,134.3118477731071,134.3118477731071
ABTL,2021-12-31,2021,-5659000,13115384.0,-0.4314780261104059,-0.5188555294707659,-16.840430215610358,
ABUS,2024-12-31,2024,-69920000,185608874.0,-0.3767061266693531,-0.43895416748837385,-14.180988683897034,
ABVC,2024-12-31,2024,-4902878,11673980.0,-0.4199834161100156,-1.7962819877065723,-76.61929368638634,
AC,2024-12-31,2024,44328000,21347000.0,2.0765447135428867,1720.2241513940562,-99.87928638765709,
ACA,2024-12-31,2024,93700000,48800000.0,1.9200819672131149,3.268993839835729,-41.26382424417167,
ACAC,2022-12-31,2022,217224,4818436.0,0.04508184813495499,,,
ACAD,2024-12-31,2024,226451000,166362000.0,1.3611942631129705,-0.3741080094494534,-463.85060697207143,
ACAH,2022-12-31,2022,17994321,43125000.0,0.41725961739130435,-0.2567972505395701,-262.4860143613604,
ACAN,2024-09-30,2024,-1254329,24391961.0,-0.05142386870821907,-0.003884681514536695,1223.7602237348951,
ACAQ,2022-12-31,2022,-2246145,31248997.0,-0.07187894702668376,,,
ACBA,2023-12-31,2023,-227215,1454000.0,-0.15626891334250345,0.2356995652173913,-166.30004310715333,
ACC,2021-12-31,2021,35489000,138710430.0,0.2558495421000425,0.5248559895604101,-51.2533824155598,
ACCD,2024-02-29,2023,-99805000,74906938.0,-1.3323865941496633,-6.448528195865111,-79.33812873759304,
ACCO,2024-12-31,2024,-101600000,95600000.0,-1.0627615062761506,-0.22875131164742918,364.59253003723467,
ACEL,2024-12-31,2024,35252000,84977000.0,0.4148416630382339,0.5253620266580649,-21.036991257794856,
ACER,2022-12-31,2022,-26237315,16089019.0,-1.63075915318392,-1.077497127362195,51.34696063423927,
ACET,2024-12-31,2024,-117122000,5491652.0,-21.327280024298698,-53.029756705016446,-59.78242905594699,
ACHC,2024-12-31,2024,255612000,92059000.0,2.7766106518645652,-0.23823241596938943,-1265.50497150704,
ACHR,2024-12-31,2024,-536800000,376734395.0,-1.4248765366910552,-1.693366233527326,-15.855382699878206,
ACHV,2024-12-31,2024,-39827000,32071146.0,-1.241832767684697,-1.5037306541256086,-17.41654236564063,
ACI,2023-02-28,2022,1513500000,534000000.0,2.8342696629213484,3.3810220198703598,-16.17121550039404,
ACIA,2020-12-31,2020,90391000,43233000.0,2.0907871302014667,,,
ACIW,2024-12-31,2024,203118000,106493000.0,1.9073366324547154,1.116225874312171,70.87371618491056,70.87371618491056
ACLS,2024-12-31,2024,200992000,32704000.0,6.145792563600783,7.425388210462837,-17.232710406427287,
ACLX,2024-12-31,2024,-107348000,53566153.0,-2.0040266845371555,-1.4708253704372216,36.25184368022105,
ACM,2025-09-30,2025,561774000,133311000.0,4.214010846816842,2.9480187317244764,42.943828730416826,42.943828730416826
ACN,2025-08-31,2025,7678433000,632435108.0,12.1410606445966,11.423697986220851,6.279601047235528,6.279601047235528
ACOR,2023-12-31,2023,-252854000,1242000.0,-203.58615136876006,-66.89602679251027,204.33220197100513,
ACR,2020-12-31,2020,-208063000,10763261.0,-19.33085149565731,,,
ACRE,2024-12-31,2024,-34993000,54446368.0,-0.6427058642368946,-0.7160200698581508,-10.239127184770158,
ACRO,2022-12-31,2022,205069,34500000.0,0.005944028985507247,-0.0555125072603573,-110.70754912515366,
ACRS,2024-12-31,2024,-132065000,77296665.0,-1.7085471928187328,-1.267475308110984,34.799248702139394,
ACRV,2024-12-31,2024,-80556000,33791817.0,-2.3838907508288174,-2.7351879841599334,-12.843623011125905,
ACRX,2024-12-31,2024,-13004000,25845639.0,-0.5031409747694766,-1.2897735685665699,-60.989976300362706,
ACST,2021-12-31,2021,5915000,5525950.0,1.0704041838959817,,,
ACTG,2022-12-31,2022,-125065000,42460504.0,-2.945443134636367,1.5151384363720966,-294.40092495369896,
ACU,2023-12-31,2023,17793160,3657697.0,4.864580089602829,0.8647296179480991,462.5550447949154,462.5550447949154
ACVA,2024-12-31,2024,-79700000,164850699.0,-0.4834677710405098,-0.4705200151747253,2.7517970433152295,
ACXP,2024-12-31,2024,-14103103,808168.0,-17.450707031211333,-23.008603504851013,-24.155731452662398,
ADAG,2022-12-31,2022,-79971847,54135084.0,-1.4772646699873968,,,
ADAP,2024-12-31,2024,-70814000,1513810852.0,-0.04677863149576629,-0.09438588549004011,-50.43895466690036,
ADBE,2024-11-30,2024,5560000000,450000000.0,12.355555555555556,11.825708061002178,4.480471628592486,4.480471628592486
ADC,2024-12-31,2024,181760000,101876304.0,1.784124402471452,,,
ADCT,2024-12-31,2024,-157846000,97159966.0,-1.6245991687563992,-2.9377877463191955,-44.69991336876235,
ADER,2022-12-31,2022,7258882,6875000.0,1.0558373818181819,0.2174231551545241,385.6140465203861,385.6140465203861
ADES,2024-12-31,2024,-5109000,36051000.0,-0.1417159024714987,-0.42086998350742166,-66.3278665562046,
ADEX,2023-12-31,2023,-18657000,54769568.0,-0.3406453744532,-8.92840579710145,-96.18470102956354,
ADI,2024-10-31,2024,1635273000,498697000.0,3.279091311958965,6.551082202312836,-49.9458072621758,
ADIL,2024-12-31,2024,-13197451,194059.0,-68.00741527061358,-89.90525743164987,-24.356575784996824,
ADM,2024-12-31,2024,1800000000,493000000.0,3.6511156186612577,6.42619926199262,-43.18390280463963,
ADMA,2024-12-31,2024,197673000,243342466.0,0.8123243067652647,-0.12607973267292716,-744.2941220954012,
ADMP,2022-12-31,2022,-26478273,2142873.0,-12.356435962373878,-22.231071557468344,-44.41817196966002,
ADMS,2020-12-31,2020,-57403000,35167000.0,-1.6322973241959793,,,
ADN,2022-12-31,2022,-74337000,1717623.0,-43.278996613342976,-13.452103550324948,221.72660916141652,
ADNT,2024-09-30,2024,18000000,90100000.0,0.1997780244173141,2.148846960167715,-90.70301291248207,
ADOM,2024-12-31,2024,-8848975,16209111.0,-0.5459259918696343,-0.8421209213019966,-35.17249387111979,
ADP,2023-06-30,2023,3412000000,415700000.0,8.207842193889825,7.002849679411066,17.207173788429753,17.207173788429753
ADPT,2024-12-31,2024,-159492000,147101648.0,-1.0842298653241464,-1.5600835370884392,-30.50180714376176,
ADRA,2023-12-31,2023,-35404000,51394570.0,-0.6888665475749676,31.797777777777778,-102.16639839547652,
ADRT,2023-12-31,2023,834518,188875.0,4.418361350099272,-0.008931617391304348,-49568.77095744052,
ADSK,2025-01-31,2024,1112000000,217000000.0,5.124423963133641,4.194444444444445,22.17169713431195,22.17169713431195
ADT,2024-12-31,2024,501053000,908700000.0,0.5513954000220095,0.5037366085368096,9.461053788334572,9.461053788334572
ADTN,2024-12-31,2024,-459891000,78928000.0,-5.826715487532941,-3.4285349928586,69.94767443440372,
ADUS,2024-12-31,2024,73598000,17380000.0,4.2346375143843495,3.832750904297713,10.485591683925911,10.485591683925911
ADV,2024-12-31,2024,-326962000,12860639.0,-25.423464572794554,-4.890824594633193,419.81959444409983,
ADVM,2023-12-31,2023,-117165000,10082400.0,-11.620745060699834,-15.570220954952594,-25.365573845607546,
ADXS,2022-10-31,2022,-15384000,1818639.0,-8.459072966102674,-0.12264617548583098,6797.135546701113,
AE,2023-12-31,2023,212000,2568000.0,0.08255451713395638,0.8066327558595381,-89.76553871210112,
AEE,2024-12-31,2024,1182000000,267400000.0,4.420344053851907,4.373576309794989,1.0693249813014116,1.0693249813014116
AEHA,2024-12-31,2024,-9480000,27502537.0,-0.3446954730030906,-4.353571167496906,-92.08246610101303,
AEHR,2025-05-31,2025,-3910000,29581000.0,-0.13217943950508773,1.1194921835432352,-111.80708909344368,
AEIS,2021-12-31,2021,134736000,38363000.0,3.5121340875322575,3.4942400498157853,0.5121009850887592,0.5121009850887592
AEMD,2025-03-31,2024,13388090,31217.0,428.87176858762854,1943.357847819166,-77.93140521860613,
AEO,2025-01-31,2024,329380000,196412000.0,1.6769851129258904,0.8637377262360119,94.1544362353883,94.1544362353883
AEP,2023-12-31,2023,2208100000,520206258.0,4.244662508462173,4.493221334312671,-5.531862495897288,
AERC,2022-12-31,2022,-6168932,14676369.0,-0.4203309415292025,-0.5715388805649543,-26.45628218438716,
AERG,2023-12-31,2023,-7384440,211084080.0,-0.034983405664700054,-0.02789456554589904,25.412979123609936,
AERI,2021-12-31,2021,-74810000,46336346.0,-1.6144993392444023,-3.98936712010337,-59.529938192237154,
AESE,2024-12-31,2024,-16757285,6730402.0,-2.4897896143499305,,,
AEVA,2022-12-31,2022,-147305000,217307896.0,-0.6778630814224993,-0.5072351054928084,33.6388341583566,
AEYE,2024-12-31,2024,-4254000,11888000.0,-0.3578398384925976,-0.49906510283868777,-28.297964242099738,
AFCG,2023-12-31,2023,20951999,29725388.0,0.7048519938579103,1.232323341445616,-42.802999005840356,
AFGS,2024-12-31,2024,-16274815,407311.0,-39.95672839672879,-10.110277866100025,295.2090034113162,
AFI,2021-12-31,2021,-53000000,22102447.0,-2.3979245374957805,-2.8775267169919183,-16.66716686465729,
AFIB,2021-12-31,2021,-117683000,28654313.0,-4.106990804490758,-8.939787379261896,-54.05941293393661,
AFRM,2025-06-30,2025,52183000,341023566.0,0.1530187506161964,-1.670953970531367,-109.15756827026995,
AFTC,2023-12-31,2023,-1361229,73044017.0,-0.01863573576464175,-1.287313815224942e-06,1447545.1308327944,
AGCO,2024-12-31,2024,-424800000,74700000.0,-5.686746987951807,15.639519359145527,-136.36139229960648,
AGE,2024-12-31,2024,-11141000,7359000.0,-1.5139285228971329,0.7167732281322269,-311.2144348418452,
AGEN,2022-12-31,2022,-220286000,14354806.0,-15.345801259870736,-2.069461083594413,641.5361120595157,
AGFS,2022-12-31,2022,-59786000,52192000.0,-1.1455012262415696,-0.5902353627698891,94.07532968982038,
AGIO,2024-12-31,2024,673725000,57889255.0,11.638170157829808,-6.326659339758523,-283.9544304952891,
AGL,2024-12-31,2024,-260151000,16438640.0,-15.82557924499837,-16.054358219394157,-1.4250272185867607,
AGM,2024-12-31,2024,180428000,10938000.0,16.495520204790637,15.801609069299689,4.391395410731436,4.391395410731436
AGMH,2021-12-31,2021,3551695,430229.0,8.255359355134127,,,
AGNC,2024-12-31,2024,731000000,786000000.0,0.9300254452926209,0.051646223369916075,1700.7617684478373,1700.7617684478373
AGR,2023-12-31,2023,786000000,387164874.0,2.0301428481345134,2.845607235142119,-28.656955075772384,
AGS,2024-12-31,2024,51645000,40135000.0,1.286782110377476,0.01120712228332024,11381.82448488687,11381.82448488687
AGTI,2023-12-31,2023,-19425000,134971632.0,-0.14391913109563645,0.2183243045962245,-165.91988526508982,
AGX,2025-01-31,2024,85459000,13906000.0,6.145476772616137,2.3883968113374667,157.3055173848922,157.3055173848922
AGYS,2025-03-31,2024,23225000,28257000.0,0.8219202321548643,3.1663437895834887,-74.04197753703231,
AH,2021-12-31,2021,97200000,262209929.0,0.37069534464501536,0.4893640730586711,-24.24957918793279,
AHCO,2024-12-31,2024,90422000,135531000.0,0.6671683968981267,-5.050625660253835,-113.20961880323944,
AHH,2022-12-31,2022,63199000,67576000.0,0.935228483485261,0.1262448740480375,640.8051142966777,640.8051142966777
AHPI,2022-06-30,2022,-5361428,4014000.0,-1.3356821126058793,0.4190266055970948,-418.7583066957264,
AHR,2022-12-31,2022,-81302000,65807868.0,-1.2354449774911413,-0.9543313111482686,29.45661145756935,
AHT,2021-12-31,2021,-267864000,2184400.0,-122.62589269364585,-33027.66497461929,-99.6287176438665,
AI,2025-04-30,2025,-288702000,129089000.0,-2.236457018026323,-2.343258323419514,-4.557811843695325,
AILIM,2024-12-31,2024,1182000000,267400000.0,4.420344053851907,4.373576309794989,1.0693249813014116,1.0693249813014116
AIM,2023-12-31,2023,-28962000,50141643.0,-0.5776037294988519,-0.3921446756322226,47.29352848349373,
AIMC,2022-12-31,2022,127000000,65400000.0,1.9418960244648318,0.42290076335877863,359.18480000883204,359.18480000883204
AIN,2024-12-31,2024,87623000,31338000.0,2.7960622885953157,3.5528840005115745,-21.301616146411906,
AINC,2022-12-31,2022,-32812000,2915000.0,-11.256260720411664,-16.634587554269174,-32.33219228496708,
AINV,2022-03-31,2021,82364000,64516533.0,1.2766340063561692,,,
AIP,2024-12-31,2024,-33638000,38914197.0,-0.8644145991243247,-1.0334488564467528,-16.35632535349729,
AIR,2025-05-31,2025,12500000,35800000.0,0.34916201117318435,1.307909604519774,-73.30381167271982,
AIRC,2023-12-31,2023,634444000,150220000.0,4.223432299294369,5.770862204397555,-26.81453568452912,
AIRG,2024-12-31,2024,-8688000,11053000.0,-0.7860309418257486,-1.1959199384141648,-34.27394956989718,
AIRI,2024-12-31,2024,-1366000,3336464.0,-0.4094154769840166,-0.6499897972037934,-37.01201484311126,
AIRS,2024-12-31,2024,-8018000,57688906.0,-0.13898686170266428,-0.0746757684686957,86.12043043243402,
AIRTP,2023-03-31,2022,-12295000,2847000.0,-4.318580962416579,3.875177304964539,-211.44215148256546,
AIT,2025-06-30,2025,392988000,38816000.0,10.124381698268754,9.826578699340246,3.0305868200954045,3.0305868200954045
AIV,2021-12-31,2021,-6207000,149480000.0,-0.041523949692266526,-0.03393036232323028,22.379918306493664,
AJG,2024-12-31,2024,1463000000,220500000.0,6.634920634920635,4.513727315030247,46.99427262313862,46.99427262313862
AJRD,2022-12-31,2022,74000000,83300000.0,0.8883553421368547,1.7812879708383962,-50.12848249804698,
AKA,2024-12-31,2024,-25990000,10567656.0,-2.459391183815976,-9.235619533495022,-73.3705879189106,
AKAM,2024-12-31,2024,504918000,154346000.0,3.2713384214686485,3.5240641711229945,-7.171428707945782,
AKLI,2023-12-31,2023,-59493000,78197107.0,-0.7608081971625881,-0.6372238394076774,19.394183034612578,
AKOM,2022-12-31,2022,-11878723,9869165.0,-1.2036198604441206,,,
AKR,2024-12-31,2024,21650000,108258000.0,0.19998522049178813,0.2085659712018807,-4.11416620872772,
AKRO,2024-12-31,2024,-252060000,67136772.0,-3.7544253691553715,-2.8868996534575238,30.050428481601266,
AKTS,2024-06-30,2024,-167950000,89085992.0,-1.8852571120272197,-0.9989826274285198,88.71770742200573,
AKTX,2024-12-31,2024,-19791000,597200262.0,-0.03313963716914779,-0.040894964727786455,-18.96401576639394,
AKU,2022-12-31,2022,-156761000,89459812.0,-1.7523063875877585,-0.5634205576883512,211.01214957034352,
AKYA,2024-12-31,2024,-55365000,49418535.0,-1.1203286378278918,-1.4250841180639309,-21.385087123844247,
AL,2024-12-31,2024,372073000,111869386.0,3.325959078742061,5.141145496736324,-35.30704235362665,
ALB,2024-12-31,2024,-1179449000,117516000.0,-10.036497157833827,13.361037990591512,-175.11764553698043,
ALBO,2022-09-30,2022,-37800000,12080.0,-3129.139072847682,4725.662251655629,-166.21588480538136,
ALCC,2024-12-31,2024,-73616000,98910013.0,-0.7442724732024856,-0.46700635586171724,59.37095156427981,
ALCO,2025-09-30,2025,-147334000,7639000.0,-19.28707946066239,0.9148517449488324,-2208.2191259023193,
ALDX,2024-12-31,2024,-55851444,59484794.0,-0.9389196842473725,-0.6369268518737656,47.41405256901614,
ALE,2024-12-31,2024,179300000,57800000.0,3.102076124567474,4.304878048780488,-27.940441298999186,
ALEC,2024-12-31,2024,-119049000,96588177.0,-1.2325421567900594,-1.557209979777564,-20.849328427363467,
ALEX,2023-12-31,2023,29812000,72800000.0,0.4095054945054945,,,
ALG,2024-12-31,2024,115930000,12037000.0,9.63113732657639,11.359055643613916,-15.21181312294183,
ALGM,2025-03-31,2024,-73010000,187707391.0,-0.3889564476446215,0.7843714307059823,-149.58829865775925,
ALGN,2024-12-31,2024,421362000,74993000.0,5.618684410544984,5.812519590429422,-3.3347875541545946,
ALGS,2024-12-31,2024,-131211000,6264612.0,-20.944792750133608,-34.1107148081406,-38.59761406953839,
ALGT,2024-12-31,2024,-240238000,17852000.0,-13.457203674658302,6.5262223208835115,-306.2020417477363,
ALHC,2024-12-31,2024,-128035000,190793552.0,-0.6710656553005523,-0.7855674420372345,-14.575678752640442,
ALIM,2023-12-31,2023,-21391000,25561885.0,-0.8368318690112251,-2.5878788311883203,-67.66340607118137,
ALIT,2024-12-31,2024,-157000000,24661316.0,-6.366245824026585,,,
ALJJ,2021-09-30,2021,-4643000,42321000.0,-0.10970912785614706,,,
ALKS,2024-12-31,2024,367070000,169198000.0,2.169470088298916,2.0960172037942613,3.5044027487793894,3.5044027487793894
ALKT,2024-12-31,2024,-40835000,98892692.0,-0.4129223219042313,-0.668712447238303,-38.2511386456843,
ALLE,2024-12-31,2024,597500000,87600000.0,6.820776255707763,6.12004530011325,11.44976746465498,11.44976746465498
ALLK,2024-12-31,2024,-115818000,88791000.0,-1.3043889583403723,-2.1394617387497408,-39.03191000262377,
ALLO,2024-12-31,2024,-257590000,194811756.0,-1.3222507988686267,-2.085396623748187,-36.59475690086812,
ALLR,2024-12-31,2024,-25154000,1606989.0,-15.652876279800298,-6158.67269984917,-99.74584010155006,
ALLT,2024-12-31,2024,-5869000,38928475.0,-0.1507636762036016,-1.6566074618449307,-90.89925165279051,
ALMU,2020-12-31,2020,-13470,560586.0,-0.024028427395618158,,,
ALNA,2021-12-31,2021,-48663000,89382587.0,-0.5444349020687889,-1.0104077380528476,-46.11730675004855,
ALNY,2024-12-31,2024,-278157000,127651000.0,-2.179042859045366,-3.524586489039758,-38.17592884097372,
ALOT,2025-01-31,2024,-14489000,7509000.0,-1.9295512052204022,,,
ALPA,2024-12-31,2024,-10368261,712091.0,-14.560303388190555,-1.4627407424277301,895.4124449986008,
ALPN,2023-12-31,2023,-32184000,50000339.0,-0.6436756358791887,-1.7275763803981903,-62.74111852983151,
ALRM,2022-12-31,2022,56338000,54932757.0,1.02558114823911,1.0081557035802693,1.7284477583132896,1.7284477583132896
ALRN,2024-12-31,2024,-62883000,17938899.0,-3.505399077167445,-3.4209556365202016,2.4684167121541423,
ALSK,2020-12-31,2020,-1073000,54013000.0,-0.0198655879140207,,,
ALSN,2024-12-31,2024,731000000,88000000.0,8.306818181818182,7.395604395604396,12.321018506011061,12.321018506011061
ALT,2024-12-31,2024,-95059000,71003399.0,-1.3387950624729952,-1.6610720725588404,-19.401747546654335,
ALTG,2021-12-31,2021,-23400000,31706329.0,-0.7380229984997633,-0.9018155124442649,-18.162530105582388,
ALTI,2021-12-31,2021,3939000,6956.0,566.2737205290397,,,
ALTM,2024-12-31,2024,244233000,60115000.0,4.062763037511436,2.643364774926982,53.69664739606974,53.69664739606974
ALTO,2022-12-31,2022,-42862000,71944000.0,-0.595768931391082,0.6122627009512732,-197.3060959724372,
ALTR,2021-12-31,2021,-8794000,75750000.0,-0.1160924092409241,-0.14336232438115262,-19.021674807480736,
ALUR,2024-12-31,2024,-7198000,2247164.0,-3.2031485018449923,-57.8275599922994,-94.46086173742842,
ALV,2024-12-31,2024,650000000,80400000.0,8.08457711442786,5.73943661971831,40.8601165949394,40.8601165949394
ALVR,2024-12-31,2024,-69167000,5008449.0,-13.810063754268038,-42.067483208287925,-67.1716425584803,
ALX,2024-12-31,2024,43444000,5132418.0,8.464626224909974,19.966155423807788,-57.60512705006447,
ALXN,2020-12-31,2020,603400000,222000000.0,2.718018018018018,,,
ALXO,2024-12-31,2024,-134850000,52174904.0,-2.5845759102882107,-3.7407153528118826,-30.906907729683464,
AMAM,2022-12-31,2022,-77996000,38605975.0,-2.0203090324748953,-3.3284600273115696,-39.30198903104392,
AMAT,2024-10-31,2024,7177000000,834000000.0,8.605515587529975,8.113609467455621,6.062728580262977,6.062728580262977
AMBA,2025-01-31,2024,-117126000,41303287.0,-2.8357549364049404,-4.248289670781059,-33.24949200360013,
AMBQ,2024-12-31,2024,-42385000,373446.0,-113.49699822732069,,,
AMC,2024-12-31,2024,-352600000,332920000.0,-1.0591133004926108,-0.0023657273746749063,44669.0343287401,
AMCIU,2022-12-31,2022,-115028000,9302080.0,-12.365836458082493,0.001695549807546499,-729411.3067540111,
AMCR,2025-06-30,2025,511000000,318600000.0,1.6038920276208413,2.532963219986121,-36.679221594475834,
AMCX,2024-12-31,2024,-226546000,44438000.0,-5.098024213510959,4.897910936327885,-204.08568632187308,
AMD,2024-12-31,2024,1641000000,1637000000.0,1.0024434941967013,0.5255384615384615,90.7459810385995,90.7459810385995
AME,2024-12-31,2024,1376124000,232168000.0,5.92727679955894,5.67229783723311,4.495161742956122,4.495161742956122
AMED,2024-12-31,2024,43231000,33051000.0,1.3080088348310188,-0.2989969017454523,-537.4656818165219,
AMG,2024-12-31,2024,511600000,36100000.0,14.171745152354571,15.945497630331754,-11.123845232670105,
AMGN,2024-12-31,2024,4090000000,541000000.0,7.56007393715342,12.485130111524164,-39.44737564108174,
AMH,2024-12-31,2024,454198000,367989537.0,1.2342687884628634,1.153722169395607,6.9814571656754865,6.9814571656754865
AMHCU,2024-12-31,2024,-71269000,14584870.0,-4.886502245134856,-6.175379829206419,-20.871227676973405,
AMK,2023-12-31,2023,123119000,74438332.0,1.6539731169688219,1.3978211312013127,18.325090388880263,18.325090388880263
AMKR,2024-12-31,2024,354012000,247818000.0,1.4285160884197274,1.4556955367835065,-1.867110784981496,
AMLX,2024-12-31,2024,-301743000,68142158.0,-4.428139772151037,0.7039585182966921,-729.0341912284017,
AMN,2024-12-31,2024,-146979000,38188000.0,-3.848826856604169,5.355201952161867,-171.87080694595315,
AMOT,2024-12-31,2024,13166000,16603000.0,0.7929892188158767,1.4808874139626351,-46.451755120670846,
AMP,2024-12-31,2024,3401000000,102900000.0,33.05150631681244,23.710575139146567,39.39563305760492,39.39563305760492
AMPE,2023-12-31,2023,-8632000,810113.0,-10.655303642825137,-21.6781778494324,-50.84778934450838,
AMPH,2024-12-31,2024,159519000,52058000.0,3.0642552537554266,2.5951397143450126,18.07669686596485,18.07669686596485
AMPL,2024-12-31,2024,-94319000,123900000.0,-0.7612510088781276,-0.7727428209820588,-1.4871457607754435,
AMPS,2021-12-31,2021,5906000,96603428.0,0.061136546831443705,0.044211205513247316,38.28292199163157,38.28292199163157
AMPX,2024-12-31,2024,-44671000,101872347.0,-0.43849976284535785,-0.4266535938842265,2.7765309213229727,
AMPY,2022-12-31,2022,55147000,38459731.0,1.433889384197721,-0.8448589267367422,-269.7193861389501,
AMR,2024-12-31,2024,187579000,13134806.0,14.281063610684466,49.30431604326369,-71.03486113030534,
AMRC,2024-12-31,2024,56757000,53140000.0,1.0680654873917952,1.1736304200796572,-8.994733851624016,
AMRK,2023-06-30,2023,156360000,24648600.0,6.343565151773326,5.447543106105757,16.44818642487258,16.44818642487258
AMRN,2022-12-31,2022,-105803000,20057750.0,-5.274918672333636,0.3840687736036573,-1473.4307589861833,
AMRS,2022-12-31,2022,-528510000,339333994.0,-1.5574920560419891,-0.8516639662396678,82.87635943067401,
AMRX,2024-12-31,2024,-116886000,308978000.0,-0.3782987785538129,-0.47686446836535407,-20.669539533824977,
AMRZ,2024-12-31,2024,1274000000,553100000.0,2.30338094377147,,,
AMSC,2025-03-31,2024,6033000,37718000.0,0.15995015642398855,-0.3725398155909472,-142.93505008861,
AMSWA,2024-04-30,2024,11373000,33725000.0,0.33722757598220904,0.3033565734121731,11.165409138510785,11.165409138510785
AMT,2021-12-31,2021,2567700000,456977000.0,5.618882350752883,3.7896992629521367,48.26723602272944,48.26723602272944
AMTX,2024-12-31,2024,-87537000,45902000.0,-1.9070410875343122,-1.219621134494627,56.36340119052878,
AMWD,2025-04-30,2025,99456000,15299000.0,6.500817046865809,7.147355473554735,-9.045841207718341,
AMWL,2024-12-31,2024,-208143000,14152996.0,-14.70663879223876,-47.70466973918455,-69.17149018608812,
AMZN,2024-12-31,2024,59248000000,10721000000.0,5.526350153903554,2.8998284407167367,90.57507252179484,90.57507252179484
AN,2022-12-31,2022,1377400000,75000000.0,18.365333333333332,19.42008486562942,-5.4312405923767955,
ANAB,2024-12-31,2024,-145231000,42573000.0,-3.4113405209874803,-4.051379190808696,-15.798044065420036,
ANDE,2024-12-31,2024,114012000,34322000.0,3.321834391935202,2.94310976673841,12.868178736551151,12.868178736551151
ANEB,2024-06-30,2024,-8201703,25822258.0,-0.3176214489065983,-0.46789953498937825,-32.11759680124311,
ANET,2024-12-31,2024,2852100000,1281077000.0,2.226329877126824,1.6454349094234317,35.30343038041781,35.30343038041781
ANF,2025-01-31,2024,566223000,52971000.0,10.689301693379397,6.223172628304821,71.76611242891295,71.76611242891295
ANGI,2024-12-31,2024,36004000,50669200.0,0.7105697346711611,-0.8092508400869737,-187.80586926481203,
ANGN,2024-12-31,2024,-51898000,12202996.0,-4.252890027989848,-6.960726629056262,-38.90163693202737,
ANGO,2025-05-31,2025,-33993000,40853000.0,-0.8320808753335128,-4.587964460814813,-81.86383346165378,
ANIK,2024-12-31,2024,-56385000,14721000.0,-3.8302425106990015,-5.640488537117904,-32.09378078700744,
ANIP,2024-12-31,2024,-20147000,19318000.0,-1.0429133450667771,0.9428382983401121,-210.61423224988306,
ANIX,2024-10-31,2024,-12554000,31898.0,-393.56699479591197,-316.6881859264041,24.27586891017586,
ANNX,2024-12-31,2024,-138200000,137404145.0,-1.0057920741765105,-1.7739068929940887,-43.30074040814598,
ANRO,2024-12-31,2024,-61431000,24602000.0,-2.496992114462239,-9.730635218440096,-74.3388580662206,
ANSS,2024-12-31,2024,575692000,87895000.0,6.549769611468229,5.72645503856453,14.377386487087174,14.377386487087174
ANTX,2023-12-31,2023,-64732000,23600107.0,-2.7428689200434557,-2.788502369014508,-1.6364859315927238,
ANVS,2024-12-31,2024,-24590375,12235444.0,-2.0097656447939283,-6.228909831590739,-67.73487337059952,
ANY,2024-12-31,2024,-9470000,1980163.0,-4.782434577355501,-19.297074027355247,-75.21678897756213,
ANZU,2024-12-31,2024,-14779000,18790448.0,-0.7865166386666247,-2.27620255836787,-65.44610514669709,
AOMR,2023-12-31,2023,33714000,24941758.0,1.3517090495385289,-7.652258546102243,-117.66418425873803,
AON,2024-12-31,2024,2654000000,212500000.0,12.489411764705883,12.507317073170732,-0.14315866752316886,
AORT,2024-12-31,2024,-13359000,41676000.0,-0.3205441980996257,-0.7532582284073338,-57.445642674574614,
AOS,2024-12-31,2024,533600000,147084080.0,3.6278569373381537,3.6857125742540964,-1.5697273118930433,
AOSL,2025-06-30,2025,-96976000,29405000.0,-3.2979425267811595,-0.3924422722765264,740.3637323905137,
AOUT,2025-04-30,2025,-77000,12806000.0,-0.006012806496954553,-0.9445515539446286,-99.36342209466027,
AP,2024-12-31,2024,438000,19887493.0,0.022023892101432796,-2.035325913392519,-101.08208184038314,
APA,2023-12-31,2023,2526000000,308000000.0,8.2012987012987,10.618618618618619,-22.7649189046248,
APAM,2024-12-31,2024,259748000,63563044.0,4.086462567777591,3.497142144419641,16.851486128418426,16.851486128418426
APD,2024-09-30,2024,3828200000,222800000.0,17.18222621184919,10.328693309384823,66.35430733757129,66.35430733757129
APDN,2023-09-30,2023,-9947059,872.0,-11407.177752293577,,,
APEI,2024-12-31,2024,10057000,18149000.0,0.5541352140613808,-2.9293684384103775,-118.91654210496247,
APEN,2022-12-31,2022,-39839000,40650039.0,-0.9800482602243014,-0.8161156150341444,20.08693893000668,
APGE,2024-12-31,2024,-182146000,55193971.0,-3.3001068178261717,-3.358624292133489,-1.7423048610818337,
APH,2024-12-31,2024,2424000000,2527200000.0,0.9591642924976258,0.7766677408959072,23.497377577598865,23.497377577598865
APHE,2023-12-31,2023,-2248650,21710349.0,-0.10357502774368113,-0.08686657553074822,19.23461597380296,
APLD,2025-05-31,2025,-233680000,201194451.0,-1.161463444138427,-1.3087160220545748,-11.251682980466116,
APLE,2024-12-31,2024,214064000,241258000.0,0.8872824942592578,0.7739492170636946,14.643503048629093,14.643503048629093
APLS,2024-12-31,2024,-197878000,123905000.0,-1.5970138412493442,-4.45430492593404,-64.14673292905604,
APLT,2024-12-31,2024,-105624000,139534746.0,-0.7569727471321014,-1.421612194620102,-46.752514504534936,
APMI,2022-12-31,2022,5934049,15000000.0,0.3956032666666667,,,
APO,2022-12-31,2022,897211000,584300000.0,1.5355314051001199,7.337837570928914,-79.07378856158391,
APOG,2025-02-28,2024,85052000,21891000.0,3.885249645973231,4.509211896247341,-13.837501200451108,
APOP,2024-12-31,2024,8962472,53160626.0,0.1685922961102828,0.16340238356109651,3.1761547390438016,3.1761547390438016
APP,2024-12-31,2024,1579776000,347807555.0,4.542098000142636,0.9837881402583021,361.6947302241384,361.6947302241384
APPF,2024-12-31,2024,204068000,36782000.0,5.548039802077103,0.07419611719801192,7377.533881282082,7377.533881282082
APPH,2022-12-31,2022,-176646000,104763000.0,-1.686148735717763,-1.7388747632650072,-3.0321923499679215,
APPN,2024-12-31,2024,-92262000,72988000.0,-1.2640708061599166,-1.5244589751306394,-17.080693755527843,
APPS,2025-03-31,2024,-92099000,103747000.0,-0.8877268740300924,-4.161703391928695,-78.66914600997825,
APRE,2024-12-31,2024,-12958711,5509921.0,-2.3518868963819988,-3.9492283158452537,-40.44692511330219,
APRN,2022-12-31,2022,-109733000,1257729.0,-87.24693475303503,-44.74957886353153,94.96705213495657,
APT,2024-12-31,2024,3929000,11235046.0,0.3497092935801064,0.35331260296165196,-1.0198643782703298,
APTM,2024-12-31,2024,-2561229,12114048.0,-0.2114263539322281,0.44668703890482964,-147.3320995501896,
APTO,2024-12-31,2024,-25430000,698980.0,-36.38158459469513,,,
APTV,2024-12-31,2024,1787000000,256660000.0,6.962518506974207,10.283512443438914,-32.29435423675271,
APTX,2022-12-31,2022,-64849000,67716000.0,-0.9576614094157954,-1.1140434394525438,-14.03733683074304,
APVO,2024-12-31,2024,24130000,768.0,31419.270833333332,829095.2380952381,-96.21041475216818,
APXI,2024-12-31,2024,-119057,17575000.0,-0.006774224751066856,0.24218463726884779,-102.79713231502245,
APY,2024-12-31,2024,320266000,193643000.0,1.6538991856147653,1.5719288065390733,5.214636867439748,5.214636867439748
APYX,2024-12-31,2024,-23463000,35542000.0,-0.6601485566372179,-0.5404944832765294,22.137889851406833,
AQB,2024-12-31,2024,-149192660,3860454.0,-38.64640272879822,-7.168623230761667,439.1049506265102,
AQMS,2024-12-31,2024,24555000,641961.0,38.24998714875203,-50.968785930247414,-175.0459059415276,
AQST,2024-12-31,2024,-44137000,86726211.0,-0.5089234210866194,-0.12847749564025412,296.1187276810253,
AQU,2024-12-31,2024,-357114,1589067.0,-0.22473187096579314,0.24047432807378502,-193.4535809979843,
AQUA,2022-09-30,2022,72198000,124882000.0,0.5781297544882369,0.4187468989694411,38.06185930237231,38.06185930237231
AR,2024-12-31,2024,57226000,313414000.0,0.1825891632154275,0.636732702818063,-71.32404815909076,
ARAV,2022-12-31,2022,-76322000,36372000.0,-2.0983723743538985,-1.950722471350274,7.568985602622513,
ARAY,2024-06-30,2024,-15545000,98272000.0,-0.15818340931292738,-0.09780363391088065,61.735717772066835,
ARC,2023-12-31,2023,8235000,43484000.0,0.18938000183975714,0.2563308687615527,-26.11892482761232,
ARCB,2024-12-31,2024,173961000,23820175.0,7.303094960469434,7.933267239348596,-7.943414231069134,
ARCC,2022-12-31,2022,155000000,518000000.0,0.29922779922779924,0.2757847533632287,8.500486549267027,8.500486549267027
ARCH,2023-12-31,2023,464038000,19183000.0,24.19006411927227,63.42215868477484,-61.85865536443913,
ARCO,2024-12-31,2024,148759000,210660590.0,0.7061548626632063,0.8606161512955541,-17.947756197675936,
ARCT,2024-12-31,2024,-80941000,27000000.0,-2.9978148148148147,-1.1163061439086677,168.5477304924773,
ARD,2020-12-31,2020,107,236400000.0,4.526226734348562e-07,,,
ARDX,2024-12-31,2024,-39136000,235232927.0,-0.16637126655317264,-0.3012201822418805,-44.767556637497776,
ARE,2024-12-31,2024,336343000,172071000.0,1.9546756861993015,0.6719014212241602,190.91703402532042,190.91703402532042
ARES,2020-12-31,2020,152142000,149508498.0,1.017614396741515,,,
ARHS,2024-12-31,2024,68550000,140692000.0,0.4872345264833821,0.8939466196827489,-45.49623928816959,
ARIS,2024-12-31,2024,26857000,30877637.0,0.8697880605306682,0.6288101934367037,38.32283089701873,38.32283089701873
ARKO,2024-12-31,2024,15095000,116949000.0,0.1290733567623494,0.23927929434388195,-46.05744842391138,
ARKR,2025-09-30,2025,-11466000,3605000.0,-3.180582524271845,-1.0810210876803552,194.22021092083492,
ARL,2024-12-31,2024,-14703000,16152043.0,-0.9102873240245831,0.2456655173590115,-470.539314516129,
ARLO,2024-12-31,2024,-30504000,98630000.0,-0.3092770962181892,-0.23757465985294435,30.181011901533505,
ARLP,2024-12-31,2024,360855000,127125437.0,2.838574313022814,4.956663393810005,-42.73215492971158,
ARMK,2025-09-30,2025,326394000,267349000.0,1.2208536407467392,0.98618332081142,23.795811081273932,23.795811081273932
ARMP,2024-12-31,2024,-18916000,59059971.0,-0.3202846137530274,-1.91389986931594,-83.26534115562156,
ARNA,2021-12-31,2021,-616433000,61140000.0,-10.08231926725548,-7.390107181331824,36.429946411663195,
ARNC,2022-12-31,2022,-182000000,108000000.0,-1.6851851851851851,-3.5414808206958073,-52.415803713032936,
AROC,2024-12-31,2024,172231000,162375000.0,1.060698999230177,0.6802855958119525,55.919661648014674,55.919661648014674
ARPO,2023-12-31,2023,-65765000,26917967.0,-2.4431637054908344,-2.6881241577262056,-9.112691150492658,
ARQT,2024-12-31,2024,-140039000,120958000.0,-1.1577489707171085,-3.7823845029759333,-69.39102912974062,
ARRW,2023-12-31,2023,-5848628,15761695.0,-0.37106592914023523,0.470306052173913,-178.8988207625744,
ARRY,2024-12-31,2024,-296064000,151754000.0,-1.9509469272638613,0.5627409190775019,-446.6865232515946,
ARTE,2022-12-31,2022,3479590,25156250.0,0.1383191055900621,0.032909252670915275,320.3046084735512,320.3046084735512
ARTNA,2024-12-31,2024,20394000,10296000.0,1.9807692307692308,1.6662342845739373,18.876994016223914,18.876994016223914
ARVN,2024-12-31,2024,-198900000,71900000.0,-2.7663421418636998,-6.618018018018018,-58.19983967507887,
ARW,2024-12-31,2024,392074000,53797000.0,7.288027213413387,15.841237836416235,-53.993322436839584,
ARWR,2025-09-30,2025,-1631000,133758000.0,-0.0121936631827629,-5.004783610498898,-99.7563598322776,
ASAN,2025-01-31,2024,-255536000,229472000.0,-1.1135824850090643,-1.1661660753337024,-4.509099641711933,
ASC,2024-12-31,2024,128607000,42041821.0,3.059025440406114,2.7117063829902213,12.808136588626562,12.808136588626562
ASCB,2024-12-31,2024,155060,5033542.0,0.030805345420779246,1.0799103295452785,-97.14741635689784,
ASFH,2024-12-31,2024,-143577,81551838.0,-0.0017605611782777967,0.00023910946545569473,-836.2992405685487,
ASGN,2024-12-31,2024,175200000,45700000.0,3.833698030634573,4.503080082135524,-14.86498217423452,
ASH,2022-09-30,2022,927000000,61000000.0,15.19672131147541,3.639344262295082,317.56756756756755,317.56756756756755
ASIX,2024-12-31,2024,44149000,27255213.0,1.6198369097317273,1.9502899745533628,-16.943791391703833,
ASLE,2024-12-31,2024,5851000,53359085.0,0.10965330458721322,-0.10810795894369488,-201.4294466925633,
ASMB,2024-12-31,2024,-40177000,6004560.0,-6.691081444768643,-13.37623714573278,-49.97784973554242,
ASO,2025-01-31,2024,418447000,73048000.0,5.728384076223853,6.701906569079244,-14.526052889888918,
ASPI,2024-12-31,2024,-35114000,55671805.0,-0.6307321991805367,-0.492526622244948,28.060529257412405,
ASPN,2024-12-31,2024,13375000,80306690.0,0.16654901353797547,-0.6597297998125953,-125.24503419207164,
ASPS,2021-12-31,2021,11812000,2007875.0,5.882836331942975,-34.44339017822798,-117.07972502562068,
ASPU,2022-04-30,2022,-9585781,25016437.0,-0.38317930726905675,-0.41679070566690035,-8.064334914585613,
ASRT,2024-12-31,2024,-21581000,6354576.0,-3.3961353204368003,-70.06294947325408,-95.15273715141946,
ASTC,2024-06-30,2024,-11662000,1638000.0,-7.119658119658119,-5.951851851851852,19.620889378201145,
ASTE,2024-12-31,2024,3900000,22853451.0,0.17065256358875516,1.4880580706102429,-88.53186129229677,
ASTR,2020-12-31,2020,-68293000,16963817.0,-4.025803862420822,,,
ASTS,2022-12-31,2022,-31640000,54437073.0,-0.5812215509823608,-0.5906268506625342,-1.5924267021763305,
ASUR,2024-12-31,2024,-11773000,26054000.0,-0.4518691947493667,-0.4162074261450899,8.56826821534058,
ASXC,2023-12-31,2023,-78433000,249685000.0,-0.31412780102929694,-0.31950763662195764,-1.6837893608865895,
ASYS,2025-09-30,2025,-30326000,14302000.0,-2.1204027408754023,-0.5972691441441441,255.0162873245076,
ATAI,2024-12-31,2024,-149269000,160159983.0,-0.9319993496752557,-0.25324586957365525,268.02154019107843,
ATAK,2023-12-31,2023,-2428000,1000000.0,-2.428,,,
ATAX,2024-12-31,2024,18331662,20394624.0,0.898847755173128,2.507676434731035,-64.15615098007908,
ATCX,2022-12-31,2022,-7505000,36308926.0,-0.20669848510528788,-0.8053379068430376,-74.33394313753891,
ATEC,2024-12-31,2024,-162123000,142946000.0,-1.1341555552446378,-1.539384041833688,-26.32406700191259,
ATEN,2024-12-31,2024,50140000,75302000.0,0.6658521686010995,0.5290536068828591,25.857221260478024,25.857221260478024
ATER,2024-12-31,2024,-11862000,7069404.0,-1.6779349433134674,-11.453128328828463,-85.34954909140441,
ATEX,2025-03-31,2024,-11372000,18562446.0,-0.6126347788432623,-0.48643259140994577,25.944434986873333,
ATGE,2025-06-30,2025,231195000,38334000.0,6.0310690248865235,3.412285707197261,76.74572243952704,76.74572243952704
ATHA,2024-12-31,2024,-96940000,3848088.0,-25.191731582022033,-30.94987977437245,-18.604751405588203,
ATHX,2022-12-31,2022,-72534000,11945000.0,-6.072331519464211,-242.32248355813175,-97.49411138813807,
ATI,2024-12-31,2024,367800000,146600000.0,2.508867667121419,2.7386666666666666,-8.390907967815764,
ATKR,2025-09-30,2025,-15175000,34035000.0,-0.4458645511972969,12.853624724781865,-103.46878457045403,
ATLC,2024-12-31,2024,87368000,18801000.0,4.6469868624009365,4.112223281432052,13.004244769088924,13.004244769088924
ATMU,2024-12-31,2024,185600000,83600000.0,2.2200956937799043,2.053956834532374,8.088722043925278,8.088722043925278
ATNI,2021-12-31,2021,-22108000,15867000.0,-1.3933320728556122,-0.8868931733969729,57.10258175952354,
ATNM,2024-12-31,2024,-38243000,30070028.0,-1.2717979511026727,-1.8349841161372265,-30.691609811865906,
ATNX,2022-12-31,2022,-103427000,6973670.0,-14.83107173124051,-36.55649954425152,-59.429726817012266,
ATO,2025-09-30,2025,1198754000,160573000.0,7.4654767613484205,6.83121978698597,9.284681127823792,9.284681127823792
ATOM,2024-12-31,2024,-18435000,27217000.0,-0.6773340191791895,-0.7994344576853161,-15.27335197179972,
ATOS,2024-12-31,2024,-25504000,8394814.0,-3.0380661203452513,-3.578511002191175,-15.102507202437032,
ATR,2023-12-31,2023,284487000,66905000.0,4.2521037291682235,3.589840526876397,18.44826245995048,18.44826245995048
ATRA,2024-12-31,2024,-85403000,7488000.0,-11.40531517094017,-65.17816677996828,-82.50132562113505,
ATRC,2024-12-31,2024,-44698000,46965000.0,-0.9517300117108485,-0.6572804422466475,44.7981638488655,
ATRI,2021-12-31,2021,33000826,1818000.0,18.152269526952697,17.444323737099403,4.058316048948818,4.058316048948818
ATRO,2024-12-31,2024,-16215000,43901361.0,-0.36935073607399094,-0.6369681348620247,-42.01425222723317,
ATRS,2021-12-31,2021,46289000,170155000.0,0.27204019864241424,0.33029296817607473,-17.636696855927838,
ATSG,2021-12-31,2021,231420000,76216000.0,3.0363703159441586,0.5358662461831106,466.62839609169964,466.62839609169964
ATUS,2024-12-31,2024,-102918000,459888000.0,-0.22378927043106148,0.11690994519090882,-291.4202167023716,
ATVI,2022-12-31,2022,1513000000,789000000.0,1.917617237008872,3.446998722860792,-44.368495865952326,
ATXG,2021-01-31,2021,-3590169,176376.0,-20.35520138794394,,,
ATXS,2024-12-31,2024,-94260000,56161249.0,-1.6783814761669564,-2.419753522487365,-30.63832904594025,
AUGG,2023-12-31,2023,6658010,85682086.0,0.07770597461877854,-0.26163186584553705,-129.70050088036862,
AUGX,2023-12-31,2023,-19171000,43946263.0,-0.43623732011069977,-0.65339402102112,-33.23518335399659,
AUMN,2024-12-31,2024,7600000,14721036.0,0.5162680126588917,-1.0805859754975842,-147.77667158054336,
AUPH,2024-12-31,2024,5752000,146194000.0,0.039344979958137814,-0.5446954676198721,-107.22329857636994,
AUR,2024-12-31,2024,-748000000,1618000000.0,-0.4622991347342398,-0.5998492840994725,-22.930784950711537,
AURA,2024-12-31,2024,-86919000,49650480.0,-1.7506175166886604,-1.9285191967013862,-9.224781392739867,
AUTL,2024-12-31,2024,-220662000,255161038.0,-0.8647950397505437,-1.1980032922022492,-27.813634121086594,
AUVI,2023-12-31,2023,-14822833,370571.0,-39.99998111023259,-883.1985985887887,-95.4710094451977,
AVA,2023-12-31,2023,170000000,76495000.0,2.2223674749983657,2.1205861026363673,4.7996811935842265,4.7996811935842265
AVAC,2022-12-31,2022,8210543,26030250.0,0.3154231327013763,0.40085416129294693,-21.31224690695853,
AVAH,2024-12-31,2024,-10929000,192893000.0,-0.056658354631842524,-0.708185053380783,-91.99949866756396,
AVAV,2025-04-30,2025,43619000,28173488.0,1.548228604140176,2.183329013586911,-29.088625923737975,
AVB,2024-12-31,2024,1081994000,142458604.0,7.595146727676764,6.5574707730917225,15.824332131880725,15.824332131880725
AVD,2024-12-31,2024,-126340000,28059000.0,-4.502655119569479,0.2635194336382434,-1808.6615045441672,
AVDL,2024-12-31,2024,-48832000,95141000.0,-0.5132592678235461,-1.9991019532516776,-74.32550816186766,
AVDX,2024-12-31,2024,8145000,209158393.0,0.038941779400647816,-0.23441253363522663,-116.61249882706603,
AVEO,2021-12-31,2021,-53342000,34374000.0,-1.5518124163612033,-1.6626483506214373,-6.666228262807805,
AVGO,2024-10-31,2024,5895000000,4778000000.0,1.2337798241942235,3.2978922716627634,-62.588837883046914,
AVGR,2023-12-31,2023,-18320000,786000.0,-23.307888040712466,-65.36342872497649,-64.34108721746703,
AVID,2022-12-31,2022,55241000,44856000.0,1.2315186374175138,0.8938513703215775,37.77666828149013,37.77666828149013
AVIR,2024-12-31,2024,-168385000,84264715.0,-1.998285996695058,-1.6303682407010454,22.566543361750657,
AVLR,2021-12-31,2021,-125233000,86530000.0,-1.447278400554721,-0.6830894610112984,111.87245348684756,
AVMR,2024-12-31,2024,-19151197,181203673.0,-0.10568879031497336,-0.1372941147265738,-23.020159658368154,
AVNS,2022-12-31,2022,50500000,47300000.0,1.0676532769556026,0.13097713097713098,715.1448035168964,715.1448035168964
AVNT,2024-12-31,2024,169500000,92000000.0,1.8423913043478262,0.826797385620915,122.8346794981956,122.8346794981956
AVNW,2023-06-30,2023,10169000,11855000.0,0.8577815267819485,1.7901861252115059,-52.08422662304994,
AVP,2022-12-31,2022,-428100000,442900000.0,-0.9665838789794536,-0.43373221946263263,122.85268089536703,
AVPT,2024-12-31,2024,-29090000,183721000.0,-0.1583379145552223,-0.11919981125553476,32.83403126854385,
AVRO,2024-12-31,2024,-57982000,8490171.0,-6.829308856087822,-11.53477131668729,-40.79372127466543,
AVT,2023-06-30,2023,770828000,93368000.0,8.255804986719218,6.9363447840591475,19.022413731399368,19.022413731399368
AVTE,2024-12-31,2024,-69628000,28582194.0,-2.436062116155254,-2.868071592985318,-15.062715933823467,
AVTR,2024-12-31,2024,711500000,681900000.0,1.0434081243584103,0.4733195754716981,120.44474355800236,120.44474355800236
AVTX,2023-12-31,2023,-31544000,277727.0,-113.57916227086311,-1062.6498648028162,-89.31170406802444,
AVXL,2025-09-30,2025,46377000,85289447.0,0.5437601207567919,0.5151911481721587,5.5453151099340126,5.5453151099340126
AVY,2024-12-31,2024,704900000,80700000.0,8.734820322180918,6.202219482120839,40.83378292820525,40.83378292820525
AVYA,2022-09-30,2022,-2096,86600000.0,-2.4203233256351038e-05,-1.536643026004728e-07,15650.719488363831,
AWI,2022-12-31,2022,202900000,46400000.0,4.372844827586207,3.8326359832635983,14.094968754705617,14.094968754705617
AWK,2024-12-31,2024,1051000000,195000000.0,5.38974358974359,4.880829015544041,10.426806031901581,10.426806031901581
AWR,2024-12-31,2024,119268000,37583000.0,3.173456083867706,3.369231599104566,-5.8106873771720196,
AWRE,2024-12-31,2024,-4431000,21139000.0,-0.20961256445432613,-0.34807024223099986,-39.778659873137066,
AWX,2022-12-31,2022,-583000,3919000.0,-0.14876243939780556,0.5013991350801322,-129.669464701815,
AXAS,2022-12-31,2022,37328000,9705000.0,3.8462648119526017,-5.316988785492723,-172.33915599835464,
AXDX,2023-12-31,2023,-61618000,12477000.0,-4.938526889476637,-7.606256085686465,-35.072829078552715,
AXGN,2024-12-31,2024,-9964000,44257754.0,-0.22513569034705194,-0.5064537757264747,-55.546645886071325,
AXL,2024-12-31,2024,35000000,117700000.0,0.2973661852166525,-0.2881646655231561,-203.19314641744546,
AXNX,2023-12-31,2023,3192000,49081470.0,0.06503472695499951,-1.6768956911117223,-103.87828099861618,
AXON,2024-12-31,2024,377034000,78558000.0,4.799434812495226,2.329609308736217,106.01887168363255,106.01887168363255
AXSM,2024-12-31,2024,-287216000,47914253.0,-5.994374993177917,-5.266634749002383,13.817936478571724,
AXTA,2024-12-31,2024,391000000,220400000.0,1.7740471869328494,1.2032447048219919,47.43860328853906,47.43860328853906
AXTI,2024-12-31,2024,-11624000,43154000.0,-0.2693608935440515,-0.4193185282461365,-35.76222480063201,
AY,2020-12-31,2020,11968000,101063000.0,0.11842118282655373,,,
AYI,2025-08-31,2025,396600000,31641000.0,12.53436996302266,13.439338527587852,-6.733728469652734,
AYRO,2021-04-30,2021,-11196173,119817.0,-93.44394368077985,,,
AYX,2022-12-31,2022,-319000000,68510000.0,-4.656254561377901,-2.6735982176011883,74.15685463598176,
AZEK,2024-09-30,2024,153379000,147485126.0,1.0399624976419657,0.41339769965767825,151.5646551742127,151.5646551742127
AZO,2025-08-31,2025,2498247000,17245000.0,144.86790374021456,149.54934561590744,-3.130366004888041,
AZPN,2021-06-30,2021,319803000,68439000.0,4.672818130013589,,,
AZTR,2022-12-31,2022,-13449350,5272.0,-2551.0906676783006,,,
AZYO,2024-12-31,2024,-53949000,29071113.0,-1.855759702079518,-2.073474427534172,-10.499995686639163,
AZZ,2025-02-28,2024,52435000,29344000.0,1.7869070338058888,3.4593597524693562,-48.34572979782282,
B,2023-12-31,2023,15996000,51205888.0,0.3123859506156792,0.26385866290038557,18.3913945374665,18.3913945374665
BA,2022-12-31,2022,-4935000000,594900000.0,-8.295511850731215,-7.138973836221543,16.200339727282078,
BACA,2023-12-31,2023,-20814064,2558874.0,-8.134071470498352,0.31766330652097186,-2660.595228823304,
BAER,2024-12-31,2024,-15567000,50524996.0,-0.30810492295734176,-2.068737831797243,-85.1066230712438,
BAH,2025-03-31,2024,935000000,128290417.0,7.288151538239992,4.632464296026761,57.32774334582567,57.32774334582567
BALL,2024-12-31,2024,4008000000,308206000.0,13.004289338948626,2.230129139302635,483.1182199168559,483.1182199168559
BALY,2024-12-31,2024,-567754000,48468887.0,-11.71378249308675,-3.5144728898903272,233.3012619554533,
BAND,2024-12-31,2024,-6524000,27209698.0,-0.23976745350132148,-0.638081291158254,-62.42368224492332,
BARK,2023-03-31,2022,-61519000,8835875.0,-6.962411758880699,-8.74498084526663,-20.383910701768738,
BASE,2025-01-31,2024,-74653000,51310000.0,-1.454940557396219,-1.699692633810281,-14.399784499000246,
BATL,2024-12-31,2024,-64101000,16457000.0,-3.8950598529501126,-0.9181315005170002,324.237688256726,
BAX,2024-12-31,2024,-649000000,510000000.0,-1.272549019607843,5.228346456692913,-124.33941648948736,
BB,2023-02-28,2022,-734000000,639487000.0,-1.1477950294532961,0.021378751302767656,-5468.859075060687,
BBBY,2023-02-28,2022,-3498801000,97106000.0,-36.030739604143925,-4.6079986166691365,681.9173268369713,
BBCP,2023-10-31,2023,30040000,54173731.0,0.5545122967439698,0.4908907550572905,12.960427759380844,12.960427759380844
BBGI,2024-12-31,2024,-5887258,1579744.0,-3.7267164806449653,-50.25813983672825,-92.5848499511685,
BBIO,2024-12-31,2024,-535762000,186075873.0,-2.879266351742442,-3.951078259848574,-27.127073614259658,
BBLR,2024-12-31,2024,-1313026,159723780.0,-0.008220604345827527,,,
BBQ,2021-12-31,2021,24021000,9922000.0,2.420983672646644,0.5395942408376964,348.6674410920645,348.6674410920645
BBSI,2024-12-31,2024,52993000,26708000.0,1.9841620488243223,1.847422981457147,7.401611257391805,7.401611257391805
BBW,2020-12-31,2020,261000,14759810.0,0.01768315445795034,,,
BBWI,2025-01-31,2024,798000000,221000000.0,3.6108597285067874,3.834061135371179,-5.821540110699964,
BBXIA,2021-12-31,2021,46911000,17840000.0,2.6295403587443946,-2.1889947199503053,-220.12547745222935,
BBY,2025-01-31,2024,927000000,216600000.0,4.2797783933518,5.679633867276888,-24.64693159167055,
BCAB,2024-12-31,2024,-69776000,971467.0,-71.82539396603282,-129.20503458214162,-44.40975601429054,
BCAC,2022-12-31,2022,-32069000,1684500.0,-19.03769664588899,-3.889434916865279,389.47204549787335,
BCC,2024-12-31,2024,376354000,39318000.0,9.572053512386184,12.12140046615373,-21.031785567072237,
BCDA,2022-12-31,2022,-11907000,1181989.0,-10.073697809370476,-11.186556635543173,-9.948180324200917,
BCEI_delisted,2020-12-31,2020,103528000,20912000.0,4.950650344299923,,,
BCEL,2022-12-31,2022,-97157000,38593894.0,-2.517418947152625,-2.9516557164840242,-14.71163343700046,
BCLI,2024-12-31,2024,-11623000,5021798.0,-2.3145096636702633,-5.983645213553694,-61.31940345614721,
BCO,2024-12-31,2024,162900000,44800000.0,3.6361607142857144,1.8699360341151385,94.45374857468644,94.45374857468644
BCOR,2022-12-31,2022,-1355860000,49183000.0,-27.567655490718337,-4.065781099225984,578.0408196586501,
BCOV,2023-12-31,2023,-22886000,43128.0,-530.6529400853274,-0.21551002844780187,246131.20506610457,
BCPC,2024-12-31,2024,128475000,32718000.0,3.9267375756464333,3.3451368343195265,17.386455924910372,17.386455924910372
BCRX,2024-12-31,2024,-88881000,206696000.0,-0.4300083213995433,-1.1786751162863298,-63.51765508086933,
BCSF,2024-12-31,2024,119418000,64562265.0,1.8496562969096577,1.910945968206041,-3.207294832826746,
BCYC,2024-12-31,2024,-169031000,58207593.0,-2.9039338561895183,-5.07592050226956,-42.79000518445664,
BCYP,2024-12-31,2024,-34105309,9261918.0,-3.6823160170496,-7.641743247788141,-51.81314135206747,
BDC,2024-12-31,2024,198433000,41299000.0,4.804789462214582,5.664131220980424,-15.171642838759947,
BDN,2021-12-31,2021,12369000,172237194.0,0.07181375702161055,,,
BDSI,2021-12-31,2021,84860000,102430883.0,0.8284610804341108,0.24472094816075327,238.53296444810601,238.53296444810601
BDSX,2023-12-31,2023,-52146000,4105650.0,-12.70103394103248,-31.0889960335368,-59.14620746410909,
BDTX,2024-12-31,2024,-69676000,55028371.0,-1.2661832202883128,-1.8756150231116622,-32.492371585523806,
BDX,2025-09-30,2025,1677000000,366983448.0,4.569688385509965,4.6060733689729405,-0.7899349521453436,
BE,2024-12-31,2024,-29227000,227365000.0,-0.12854661007630902,-1.4205124106055549,-90.95068729307965,
BEAM,2024-12-31,2024,-376742000,82313008.0,-4.576943658771405,-1.7177441072609987,166.4508432556638,
BEAT,2024-12-31,2024,-19448000,26645228.0,-0.7298867924868198,-0.7199527080726769,1.3798245777471463,
BECN,2023-09-30,2023,-262800000,64575000.0,-4.069686411149826,,,
BEEM,2024-12-31,2024,-11282000,14621000.0,-0.7716298474796526,-1.300931551235318,-40.68636072766929,
BELFB,2024-12-31,2024,49192000,12615000.0,3.8994847403884263,5.778882279273638,-32.52181733526225,
BEN,2025-09-30,2025,524900000,517400000.0,1.0144955546965597,0.9108367626886146,11.380611351474702,11.380611351474702
BENF,2024-03-31,2023,-2095641000,393013.0,-5332.243462684441,-420.56794975532694,1167.867288933113,
BEP,2024-12-31,2024,-9000000,276811594.0,-0.03251308902906719,2.2253403157672653,-101.46103896103895,
BERY,2024-09-30,2024,516000000,117700000.0,4.384027187765506,4.546574391363748,-3.575157681506369,
BF-A,2024-04-30,2024,1024000000,477220000.0,2.1457608650098488,1.6296712559707782,31.668326182242268,31.668326182242268
BFAM,2024-12-31,2024,140191000,58471566.0,2.3975927034346918,1.2811963093509362,87.13702856741217,87.13702856741217
BFLY,2024-12-31,2024,-72492000,211682760.0,-0.34245585233299114,-0.6509708395056275,-47.393057945104665,
BFRG,2024-12-31,2024,-7038632,8245353.0,-0.8536483519868706,-0.8852940889636532,-3.574601634788721,
BFRI,2024-12-31,2024,-17759000,5516334.0,-3.219348212055325,-13.01884437465765,-75.27162842254972,
BFS,2024-12-31,2024,39455000,24142000.0,1.634288791318035,1.7251486301085104,-5.266783232744432,
BG,2022-12-31,2022,1610000000,150000000.0,10.733333333333333,13.359477124183007,-19.65753424657535,
BGCP,2024-12-31,2024,126988000,479142000.0,0.2650320781730677,0.07401186557249244,258.0940381964519,258.0940381964519
BGFV,2024-12-31,2024,-69072000,21947000.0,-3.147218298628514,-0.32567014575382774,866.3821936590647,
BGNE,2024-12-31,2024,-644786000,105284003.0,-6.124254223122576,-8.446846523436644,-27.496560922112135,
BGRY,2022-12-31,2022,-102794000,234675258.0,-0.4380265771349445,-1.3302512579061616,-67.0718915293938,
BGS,2024-12-31,2024,-251251000,79012000.0,-3.179909380853541,-0.8913514750831459,256.75145772961406,
BGSF,2021-12-31,2021,14109000,10427112.0,1.3531071690799907,-0.20041412149259785,-775.1556023111709,
BGSX,2021-12-31,2021,-854585,20944444.0,-0.04080246770933618,,,
BGXX,2022-12-31,2022,-27662077,162058082.0,-0.1706923632478879,,,
BH,2024-12-31,2024,-3759000,1581180.0,-2.3773384434409746,34.75126171593367,-106.84101332168596,
BHAC,2024-12-31,2024,-5274560,10762592.0,-0.49008268640119407,0.03045799747867428,-1709.0443462159137,
BHC,2024-12-31,2024,-46000000,368000000.0,-0.125,-1.6223622910386408,-92.2951858108108,
BHE,2024-12-31,2024,61126000,36759000.0,1.6628852797954243,1.9165207238762405,-13.234161307049597,
BHG,2024-12-31,2024,-64754000,8226000.0,-7.8718696814976905,-173.51797837566005,-95.46336941267528,
BHI,2022-12-31,2022,-526000000,434000000.0,-1.2119815668202765,-0.8571428571428571,41.3978494623656,
BHIL,2023-12-31,2023,-115312000,5374712.0,-21.45454491329024,,,
BHLL,2024-12-31,2024,-25341623,9731003.0,-2.604214899532967,,,
BHR,2023-12-31,2023,-74040000,65989000.0,-1.1220051826819621,-0.15348630304073932,631.013230792426,
BHVN,2021-12-31,2021,-846586000,35822511.0,-23.632793357227246,-21.405422975513915,10.40563591881023,
BICX,2023-12-31,2023,-3766913,2697299.0,-1.3965500302339489,-3.017731728356607,-53.721862778223816,
BIG,2024-01-31,2023,-481876000,29155000.0,-16.52807408677757,-7.301039501039501,126.3797379047785,
BIGC,2024-12-31,2024,-27030000,77600000.0,-0.3483247422680412,-0.8606390482147372,-59.527197494630634,
BIIB,2024-12-31,2024,1632200000,145900000.0,11.187114461960247,7.974587912087912,40.28454617702282,40.28454617702282
BILL,2025-06-30,2025,23799000,103912000.0,0.22903033335899609,-0.2721720608471094,-184.14909768701503,
BIO,2022-12-31,2022,-3627535000,29785000.0,-121.79066644284036,140.75757676019057,-186.5251230136874,
BIRD,2022-12-31,2022,-101354000,7437721.0,-13.627023654154277,-13.09210615542526,4.085801721882243,
BIVI,2025-06-30,2025,-17911585,1477372.0,-12.123950501295544,-73.04799569771585,-83.40276090330204,
BIXT,2023-12-31,2023,-4472525,134224825.0,-0.03332114606966334,,,
BJ,2025-01-31,2024,534417000,133605000.0,3.999977545750533,3.8761748989771903,3.193938612161462,3.193938612161462
BJRI,2024-12-31,2024,16687000,23768000.0,0.7020784247728038,0.821803285541111,-14.568554649848497,
BKCC,2020-12-31,2020,-103852603,86795585.0,-1.1965194197377667,,,
BKD,2024-12-31,2024,-201935000,227525000.0,-0.8875288429842875,-0.8392693009604412,5.75018554457063,
BKE,2025-01-31,2024,195468000,50310000.0,3.8852713178294573,4.402342107897107,-11.745356844033239,
BKI,2022-12-31,2022,452500000,155600000.0,2.908097686375321,1.3309859154929577,118.4919954842834,118.4919954842834
BKKT,2021-12-31,2021,-43995000,2286576.0,-19.24055880932888,-39.82683419569357,-51.68945963721781,
BKNG,2024-12-31,2024,5882000000,851600000.0,6.906998590887741,4.696413906378319,47.069630756079036,47.069630756079036
BKR,2024-12-31,2024,2979000000,1001000000.0,2.976023976023976,1.9142857142857144,55.4639390460286,55.4639390460286
BKSY,2024-12-31,2024,-57218000,21443000.0,-2.6683766264048874,-3.1810174897195296,-16.11562542398476,
BKTI,2023-12-31,2023,-2230000,3427000.0,-0.6507149110008754,-3.440068594406008,-81.08424605081942,
BL,2024-12-31,2024,161174000,73503000.0,2.19275403725018,0.7333333333333333,199.01191417047914,199.01191417047914
BLAC,2024-12-31,2024,-10328910,4481692.0,-2.304689835892337,0.05230514816704641,-4506.238996841903,
BLBD,2025-09-30,2025,127720000,32883436.0,3.884022338784791,3.1649015129918627,22.721744194596603,22.721744194596603
BLCM,2022-12-31,2022,-24969000,30831161.0,-0.8098624634991851,-1.918067963047398,-57.77717582996967,
BLCO,2024-12-31,2024,-317000000,351800000.0,-0.9010801591813531,-0.7417974322396577,21.472536843486246,
BLD,2024-12-31,2024,622602000,30679660.0,20.29364080305975,19.330204666590994,4.984096925439663,4.984096925439663
BLDE,2024-12-31,2024,-27307000,77499423.0,-0.3523510104068775,,,
BLDR,2024-12-31,2024,1077898000,118980000.0,9.059488989746177,11.94247197630971,-24.140588249087024,
BLI,2022-12-31,2022,-98040000,68868596.0,-1.4235806404416897,-1.06711051544842,33.40517405017551,
BLIN,2025-09-30,2025,-2849000,11227586.0,-0.2537500046759829,-0.1882389711497139,34.80205672935042,
BLK,2023-12-31,2023,5502000000,150700000.0,36.50962176509622,33.976377952755904,7.4558971997038315,7.4558971997038315
BLKB,2024-12-31,2024,-299524000,50560538.0,-5.9240667098914175,0.05617879017244208,-10645.02364986387,
BLLN,2024-12-31,2024,-41570000,10079925.0,-4.124038621319107,,,
BLMN,2021-12-31,2021,215555000,107803000.0,1.9995269148353942,-1.854518223807564,-207.81921089619217,
BLND,2024-12-31,2024,-43345000,246410000.0,-0.17590601030802322,-0.7251856661661459,-75.74331395186158,
BLNK,2024-12-31,2024,-198132000,100844970.0,-1.964718716263191,-3.2094621156852168,-38.7835517153713,
BLPH,2022-12-31,2022,-19831000,9550872.0,-2.0763549129336045,-1.8685032916112136,11.123963348395293,
BLTE,2024-12-31,2024,-36144000,30538378.0,-1.1835599127104917,-1.1894558529015529,-0.4956838185022794,
BLUE,2021-12-31,2021,-819378000,3431050.0,-238.8126083851882,-128.89097864188184,85.28264033801698,
BLZE,2024-12-31,2024,-48531000,43543023.0,-1.1145528412209689,-1.658167239382723,-32.78405128569073,
BMAC,2022-12-31,2022,2199522,27600000.0,0.07969282608695652,-0.019852666666666668,-501.4212671024372,
BMAQ,2022-12-31,2022,-4287805,9528537.0,-0.4499961536592658,-0.004747432156913554,9378.727421179654,
BMBL,2024-12-31,2024,-557008000,120824549.0,-4.610056520881365,-0.031222018386915643,14665.401979307408,
BMEA,2024-12-31,2024,-138426000,36105671.0,-3.8339129606537434,-3.43786509266755,11.520168980187862,
BMI,2024-12-31,2024,124942000,29534.0,4230.446265321325,3.14360401955459,134473.1281359262,134473.1281359262
BMRA,2024-05-31,2024,-5978000,2102706.0,-2.8430032539023524,-4.035530757074613,-29.55069791208166,
BMRN,2024-12-31,2024,426859000,196708000.0,2.1700134209081483,0.8749967379106971,148.00245839655025,148.00245839655025
BMY,2024-12-31,2024,-8948000000,2027000000.0,-4.414405525407005,3.861886429258903,-214.30697422798454,
BNED,2025-04-30,2025,-65825000,26298984.0,-2.5029484028736624,-23.745679939894817,-89.45935256767068,
BNET,2021-12-31,2021,5997215,41088992.0,0.14595673215833574,-0.14575435240461407,-200.13884988707565,
BNFT,2021-12-31,2021,-38566000,33354624.0,-1.1562414854384209,-0.8651162235175157,33.651578135618074,
BNGO,2024-12-31,2024,-112017000,1271000.0,-88.13296616837137,-407.66431996913934,-78.38099587056254,
BNNR,2022-12-31,2022,-145576,15700000.0,-0.00927235668789809,,,
BNTC,2025-06-30,2025,37917000,36209271.0,1.047162755637914,5.509605234445155,-80.9938695953891,
BOCN,2022-12-31,2022,12658706,23718750.0,0.5337003847167325,,,
BODY,2023-12-31,2023,-152641000,6239000.0,-24.465619490302934,-0.6315412909079674,3773.954061678009,
BOLT,2024-12-31,2024,-63118000,1909197.0,-33.059972333918395,-36.60056944915342,-9.673612100909313,
BOMN,2024-12-31,2024,-1292450,31496857.0,-0.04103425303673951,-0.22526108092374936,-81.78369167524791,
BOOM,2024-12-31,2024,-94452000,19667673.0,-4.802398331515884,1.345347170682488,-456.9634988030376,
BOOT,2025-03-31,2024,180942000,30773000.0,5.87989471289767,4.802064617294437,22.445139361962617,22.445139361962617
BOX,2025-01-31,2024,201567000,148643000.0,1.3560477116312237,0.6672701331215593,103.22319916935156,103.22319916935156
BOXL,2024-12-31,2024,-29604000,54438.0,-543.8113082773062,-769.2820034634341,-29.309238246965574,
BPMC,2024-12-31,2024,-67089000,62857000.0,-1.0673274257441494,-8.371874896793157,-87.2510346976997,
BPMP,2021-12-31,2021,152100000,104800000.0,1.4513358778625953,1.6068702290076335,-9.679334916864612,
BPTH,2024-12-31,2024,-9894000,2401000000.0,-0.004120783007080383,-0.033635983263598325,-87.74888495220536,
BR,2025-06-30,2025,839600000,118300000.0,7.097210481825867,5.860621326616289,21.09996681740125,21.09996681740125
BRACU,2024-12-31,2024,1122587,4754668.0,0.23610207905157626,0.06009840384353616,292.859150912325,292.859150912325
BRBR,2025-09-30,2025,216200000,128500000.0,1.6824902723735409,1.8631897203325776,-9.698392277882572,
BRC,2023-07-31,2023,174857000,49869000.0,3.5063265756281456,2.9036998315618283,20.753754830855886,20.753754830855886
BRCC,2024-12-31,2024,-2952000,7110756.0,-0.4151457313399588,-2.7481351002581063,-84.89354721676645,
BRDG,2020-12-31,2020,146922000,21752812.0,6.754161255105776,,,
BRFH,2024-12-31,2024,-2825000,14678000.0,-0.1924649134759504,-0.21139306834343888,-8.95400923777544,
BRID,2023-10-31,2023,3474000,9076832.0,0.3827326538598489,4.964948122869301,-92.29130608440953,
BRIV,2022-12-31,2022,5439084,4312500.0,1.2612368695652174,0.019861376304711697,6250.198748643695,6250.198748643695
BRK-A,2024-12-31,2024,88995000000,1470577.0,60517.062350356355,65432.13990154885,-7.5117175727216985,
BRKHU,2024-12-31,2024,-61195000,17476105.0,-3.5016383799479347,0.04657885217391304,-7617.657083677694,
BRKR,2024-12-31,2024,113100000,150.0,754000.0,2.906122448979592,25945124.71910112,25945124.71910112
BRKS,2025-09-30,2025,-55763000,45896000.0,-1.214986055429667,-3.1010249177244944,-60.81985512321477,
BRLT,2024-12-31,2024,541000,97194920.0,0.005566134526372366,0.006008544479485142,-7.363013698630139,
BRMK,2022-12-31,2022,-116391000,132841196.0,-0.876166456676587,0.6213669649885463,-241.0062822848552,
BRN,2023-12-31,2023,-1625000,9976582.0,-0.1628814357462305,0.6744391643002045,-124.15064906784228,
BRO,2024-12-31,2024,993000000,284000000.0,3.4964788732394365,3.1018518518518516,12.722303973092286,12.722303973092286
BROS,2024-12-31,2024,35258000,57428000.0,0.6139513826008219,0.029915720554433377,1952.270081490105,1952.270081490105
BRP,2024-12-31,2024,-24518000,63455148.0,-0.38638315050498345,-1.4989828847121671,-74.22364494981034,
BRSP,2020-12-31,2020,-353299000,128548000.0,-2.7483819273734325,,,
BRST,2023-12-31,2023,-21464000,35608163.0,-0.6027831314971233,-0.4722574461851661,27.638671738545707,
BRT,2023-09-30,2023,-1494000,17966028.0,-0.08315694487395879,0.395396817030417,-121.03126309880277,
BRX,2024-12-31,2024,339274000,304038000.0,1.1158934080608345,1.0089656586501574,10.597759050960187,10.597759050960187
BRZE,2025-01-31,2024,-103743000,102189000.0,-1.015207116225817,-1.3167305496656336,-22.899402882114682,
BSET,2024-11-30,2024,-9695000,8706435.0,-1.1135441773814425,-0.36256010654304943,207.1336744681873,
BSGM,2023-12-31,2023,-29041000,7351794.0,-3.950192293200816,-6.329967375890477,-37.595376743231355,
BSIG,2024-12-31,2024,85000000,38300000.0,2.2193211488250655,1.5482352941176472,43.345210980342365,43.345210980342365
BSM,2024-12-31,2024,241860000,209982000.0,1.1518130125439323,1.9086064519815984,-39.651623238092384,
BSQR,2022-12-31,2022,-3858000,20449000.0,-0.18866448237077607,-0.11437024945161454,64.95940445648188,
BSTG,2024-12-31,2024,-7732000,14789332.0,-0.522809279012737,-0.6704982124259029,-22.026745288226568,
BSX,2024-12-31,2024,1856000000,1485900000.0,1.2490746349014066,1.0727707550392893,16.43444128523621,16.43444128523621
BSY,2024-12-31,2024,234787000,333774167.0,0.7034307121797116,0.9828073066497893,-28.426385577293022,
BTAI,2024-12-31,2024,-59599000,2535000.0,-23.51045364891519,-98.35034547005515,-76.09519973056582,
BTBT,2021-12-31,2021,-1009952,57529895.0,-0.017555255402430338,,,
BTCS,2022-12-31,2022,-15892738,12732914.0,-1.2481618897292481,-3.0868354173168835,-59.56500036486667,
BTU,2024-12-31,2024,370900000,141900000.0,2.613812544045102,4.922877511341542,-46.90478205026866,
BURL,2025-01-31,2024,503639000,64595000.0,7.796872822973914,5.232050156353497,49.02137001698743,49.02137001698743
BURU,2023-12-31,2023,-20710446,165321.0,-125.27413940152793,-517.7201641566817,-75.80273126784854,
BV,2025-09-30,2025,20200000,96503000.0,0.20931991751551765,0.3195386985303302,-34.49309317517631,
BW,2024-12-31,2024,-59915000,91717000.0,-0.653259482974803,-2.2155463931424206,-70.51474593369934,
BWEN,2024-12-31,2024,1152000,21975000.0,0.05242320819112628,0.3559164301335443,-85.27092211745988,
BWMN,2021-12-31,2021,243000,7635615.0,0.03182454851377394,0.10563032211599566,-69.87176799591077,
BWV,2023-12-31,2023,-37409694,17111374.0,-2.1862472294743833,,,
BWXT,2024-12-31,2024,281941000,91859732.0,3.069255634231548,2.6759209681785934,14.699038975006928,14.699038975006928
BX,2024-12-31,2024,2776508000,766646508.0,3.6216274006689924,1.8412010773303182,96.69917888165884,96.69917888165884
BXC,2024-12-31,2024,53116000,8572000.0,6.196453569762016,5.396486546586614,14.823849114965327,14.823849114965327
BXP,2024-12-31,2024,14272000,157793000.0,0.09044761174450071,1.2100113866960134,-92.52506110777423,
BYD,2024-12-31,2024,577952000,93349000.0,6.191303602609562,6.1162538348475435,1.2270544975491404,1.2270544975491404
BYND,2024-12-31,2024,-160278000,2197960.0,-72.92125425394457,-157.92317647218164,-53.82485593127002,
BYNO,2022-12-31,2022,-1160817,21753233.0,-0.053362964484405605,0.011528173913043479,-562.8917371209019,
BYRN,2023-11-30,2023,-8192000,21919624.0,-0.3737290384178123,-0.35257239907654203,6.000651042646488,
BZ,2024-12-31,2024,220451683,909228757.0,0.24246008642245354,0.17211449289778236,40.871394581773515,40.871394581773515
BZFD,2024-12-31,2024,-10096000,36263250.0,-0.27840858169083027,-2.4426657842305914,-88.60226464511905,
BZH,2025-09-30,2025,45588000,30011000.0,1.5190430175602279,4.52864019642684,-66.45697269659944,
BZUN,2024-12-31,2024,-25763954,179678986.0,-0.14338879895504308,-0.22041181339783714,-34.94504820563754,
CAAS,2024-12-31,2024,29979000,30184513.0,0.9931914422472213,1.2473906008333184,-20.378473143559006,
CABA,2024-12-31,2024,-115864000,43962140.0,-2.635540490067135,-57.93824600574973,-95.4511213718731,
CABO,2024-12-31,2024,14480000,6035747.0,2.3990402513557973,37.05208442099252,-93.52522189009001,
CACC,2024-12-31,2024,247900000,12469283.0,19.880854416408706,21.989534027093782,-9.58946928155424,
CACI,2025-06-30,2025,499830000,22393000.0,22.320814540258116,18.602932707216585,19.98546084940287,19.98546084940287
CADL,2024-12-31,2024,-55177000,31675076.0,-1.741968985330927,-1.3111671357421038,32.85636421515361,
CAG,2025-05-31,2025,1152400000,479700000.0,2.402334792578695,0.7233333333333334,232.12001740719282,232.12001740719282
CAH,2025-06-30,2025,1561000000,242000000.0,6.450413223140496,3.4493927125506074,87.00141621076318,87.00141621076318
CAI,2020-12-31,2020,18904000,17949000.0,1.0532063067580366,,,
CAKE,2024-12-31,2024,156783000,48974000.0,3.201351737656716,2.0662793068297653,54.933155797241206,54.933155797241206
CAL,2025-01-31,2024,107255000,33513000.0,3.200399844836332,5.0184762239400325,-36.2276575194436,
CALA,2022-12-31,2022,-21290000,3705700.0,-5.745203335402218,-33.4490074694103,-82.82399458143472,
CALM,2022-05-31,2022,132650000,48734000.0,2.721918988796323,,,
CALX,2022-12-31,2022,41010000,67856000.0,0.6043680735675548,3.467417233955897,-82.57007931871973,
CAMP,2023-02-28,2022,-32490000,1581530.0,-20.543397848918453,-18.711537098859434,9.790006776998993,
CAMT,2022-12-31,2022,79949000,48229.0,1657.6955773497273,1338.4478738758744,23.852083424763947,23.852083424763947
CANG,2020-12-31,2020,-341009811000,25388049.0,-13431.902979232473,,,
CANN,2021-12-31,2021,-8869379,69537731.0,-0.1275477193812953,-0.08758344314729442,45.62994419709045,
CANO,2023-12-31,2023,-594418000,4529622.0,-131.229051784012,-94.57267497966161,38.76000844031697,
CAPL,2024-12-31,2024,19892000,38172434.0,0.5211090285728177,1.0520610456690351,-50.467795503118374,
CAPR,2024-12-31,2024,-40467186,35218628.0,-1.149027895124137,-0.8322967500623638,38.05507411125186,
CAR,2020-12-31,2020,-684000000,70500000.0,-9.702127659574469,,,
CARA,2024-12-31,2024,-29397000,4562738.0,-6.442841995310711,-26.263722674873936,-75.46866422910233,
CARG,2024-12-31,2024,20972000,106263886.0,0.19735773638091872,0.27239090645237696,-27.546136194005634,
CARR,2022-12-31,2022,3534000000,861200000.0,4.103576405016256,1.8654708520179373,119.97536978813103,119.97536978813103
CARS,2024-12-31,2024,48188000,67387000.0,0.7150934156439669,1.7359989446993125,-58.807957929500574,
CASA,2022-12-31,2022,-79205000,88857000.0,-0.8913760311511755,0.03743871118374971,-2480.8940077458587,
CASI,2021-12-31,2021,-36654000,11045200.0,-3.3185456125737876,-4.371763299894977,-24.09137034812683,
CASS,2021-12-31,2021,28604000,14329876.0,1.9961093871293791,1.775823700827596,12.404704712473546,12.404704712473546
CASY,2024-04-30,2024,501972000,37370306.0,13.432375961813104,11.905507227604062,12.824894437667055,12.824894437667055
CAT,2024-12-31,2024,10792000000,489400000.0,22.05149162239477,20.122663551401867,9.585351690971988,9.585351690971988
CATM,2020-12-31,2020,19144000,45609764.0,0.41973468663420405,,,
CATN,2020-12-31,2020,-372978,102166400.0,-0.00365069142105428,,,
CATO,2021-01-31,2020,-47483000,22536090.0,-2.1069759661059217,,,
CAVA,2024-12-31,2024,130319000,118273000.0,1.1018491118006646,0.20930525784894716,426.43164492114886,426.43164492114886
CBAT,2023-09-30,2023,6334792,89110864.0,0.07108888541356753,,,
CBAY,2023-12-31,2023,-105370000,106204273.0,-0.992144638097565,-1.2072448173611283,-17.8174448272839,
CBB,2024-12-31,2024,-129300000,50800000.0,-2.545275590551181,-3.793307086614173,-32.900882200311365,
CBIO,2024-12-31,2024,12085000,1022935.0,11.814044880662017,-141.16755301777107,-108.36881041578641,
CBLI,2021-12-31,2021,-101850818,15478945.0,-6.5799586470524964,-0.9755766648801594,574.4686382859295,
CBOE,2024-12-31,2024,761000000,105500000.0,7.213270142180095,7.132768361581921,1.1286190230397342,1.1286190230397342
CBRE,2024-12-31,2024,968000000,308033612.0,3.1425142006905404,3.1546857407967757,-0.3858241709730814,
CBRL,2025-07-31,2025,46379000,22463943.0,2.064597475162753,1.833790070866824,12.586359145615166,12.586359145615166
CBT,2025-09-30,2025,331000000,54200000.0,6.107011070110701,6.822262118491921,-10.484074577587887,
CBZ,2024-12-31,2024,41038000,52661000.0,0.779286378914187,2.3927052633661017,-67.43074080850758,
CC,2024-12-31,2024,69000000,150172289.0,0.4594722532330848,-1.5848243984683155,-128.99199770505493,
CCAIU,2022-12-31,2022,6886061,8952225.0,0.7692010645398211,0.1270276,505.53853220860753,505.53853220860753
CCCC,2024-12-31,2024,-105316000,69372993.0,-1.5181123870495252,-2.6690502040621866,-43.121624885923104,
CCCS,2024-12-31,2024,26145000,641875525.0,0.04073219647999509,-0.14966432891489848,-127.21570114623377,
CCF,2023-08-31,2023,33182000,9458616.0,3.5081242329744646,4.734935911262906,-25.909784235310273,
CCHWF,2024-12-31,2024,-105886000,462496369.0,-0.22894450010265918,-0.43625174108915993,-47.52009481244268,
CCI,2022-12-31,2022,1675000000,434000000.0,3.859447004608295,2.525345622119816,52.82846715328466,52.82846715328466
CCK,2024-12-31,2024,424000000,119430000.0,3.550196767981244,3.7603409375783405,-5.588433950152116,
CCL,2024-11-30,2024,1914000000,1398000000.0,1.3690987124463518,-0.039619651347068144,-3555.605150214592,
CCLP,2023-12-31,2023,-9480000,141995028.0,-0.06676290102214001,-0.15658082749087357,-57.36202056664228,
CCMP,2021-09-30,2021,-68577000,29126000.0,-2.354494266291286,,,
CCO,2024-12-31,2024,-179254000,487651000.0,-0.36758665521038614,-0.6454319562739892,-43.047961657736124,
CCOI,2024-12-31,2024,-204074000,47627873.0,-4.284759892594826,26.6201344250512,-116.09593634719815,
CCRD,2024-12-31,2024,5448000,8146394.0,0.6687621541506585,0.40063142817256725,66.92703246001888,66.92703246001888
CCRN,2024-12-31,2024,-14556000,33379000.0,-0.43608256688336977,2.0473277708873603,-121.30008555954679,
CCS,2024-12-31,2024,333816000,32110835.0,10.39574336824315,8.048095586130726,29.170227378488423,29.170227378488423
CCSI,2024-12-31,2024,89435000,19383849.0,4.613892731005075,3.9434309109067764,17.00199230684958,17.00199230684958
CCTC,2022-12-31,2022,-3262353,4732247.0,-0.689387726380301,-1.4345830151374084,-51.945079573225705,
CCV,2022-12-31,2022,24091203,12500000.0,1.92729624,0.034176032,5539.321264680463,5539.321264680463
CCXI,2021-12-31,2021,-131755000,69894000.0,-1.8850688184965805,-0.8427109974424553,123.69101912963973,
CCYC,2024-07-31,2024,-35871,153105464.0,-0.00023428948296711345,,,
CDAK,2021-12-31,2021,-37157000,21794546.0,-1.7048760731239825,-16.18483710549499,-89.46621419782377,
CDAQ,2022-12-31,2022,9295239,26550610.0,0.3500951202251097,,,
CDAY,2024-12-31,2024,18100000,160400000.0,0.1128428927680798,0.34574132492113563,-67.36204652602072,
CDE,2024-12-31,2024,58900000,397422000.0,0.14820518240057168,-0.3020238501249056,-149.07068840400507,
CDIO,2023-12-31,2023,-8376834,422415.0,-19.830815667057276,,,
CDK,2021-06-30,2021,1034300000,122500000.0,8.443265306122449,,,
CDLX,2024-12-31,2024,-189304000,4836100.0,-39.14393829738839,-36.916794562595925,6.032874092077867,
CDMO,2024-04-30,2024,-140753000,63199000.0,-2.227139669931486,0.004060706782477815,-54946.10904539384,
CDNA,2024-12-31,2024,52549000,56620590.0,0.9280899404262655,-3.5391991828096145,-126.22316214736169,
CDNS,2024-12-31,2024,1055484000,273833000.0,3.854480650615521,3.817237889920366,0.9756468359883197,0.9756468359883197
CDR,2024-12-31,2024,1879000,13718169.0,0.13697163229291023,-0.6374835981921563,-121.48629904853223,
CDRE,2024-12-31,2024,36133000,40332042.0,0.8958881873622963,1.0190005993593754,-12.08168200043036,
CDTX,2021-12-31,2021,-42467000,2622673.0,-16.192258813813236,-36.03356902363384,-55.06340545064244,
CDW,2024-12-31,2024,1077800000,135200000.0,7.97189349112426,8.101980924431402,-1.6056250257867832,
CDXC,2024-12-31,2024,8550000,78125000.0,0.10944,-0.06585317063412682,-266.1878979343864,
CDXS,2024-12-31,2024,-65276000,73408000.0,-0.889221883173496,-1.1190207101025964,-20.53570812894352,
CDZI,2024-12-31,2024,-36246000,66606000.0,-0.5441852085397711,-0.5487793892442122,-0.8371634931057192,
CE,2024-12-31,2024,-1542000000,109273779.0,-14.111345046463525,17.763813938942068,-179.43871228874136,
CECE,2024-12-31,2024,12957000,36381910.0,0.3561385314844658,0.365397835348243,-2.534033584230899,
CEG,2024-12-31,2024,3749000000,315000000.0,11.901587301587302,5.0092592592592595,137.59176128861895,137.59176128861895
CEI,2021-12-31,2021,-253831624,2481545.0,-102.28773767955045,-0.37119277033673576,27456.500517711556,
CEIX,2023-12-31,2023,655892000,33142007.0,19.79035246718764,,,
CELC,2022-12-31,2022,-40370040,15418543.0,-2.6182785234635984,-2.881692989396964,-9.14096216712138,
CELH,2024-12-31,2024,107457000,237404000.0,0.4526334855352058,0.7680111746932023,-41.064205775909514,
CELU,2021-12-31,2021,-100118000,869408.0,-115.15652029887003,-259.78985557873307,-55.67320361977329,
CEMI,2022-12-31,2022,-23290657000,32274664.0,-721.6390231049346,-1269.7215734249994,-43.165569664351246,
CENN,2022-01-31,2021,-16421807,4362979.0,-3.7638977863519396,,,
CENT,2025-09-30,2025,162843000,68226279.0,2.386807581870323,1.5827185885368305,50.804293268384846,50.804293268384846
CENX,2024-12-31,2024,336800000,98400000.0,3.4227642276422765,-0.4707792207792208,-827.0423324922906,
CEPO,2024-12-31,2024,-84402,5000000.0,-0.0168804,,,
CEQP,2022-12-31,2022,-93400000,65687204.0,-1.4218903273763943,-1.3505855105599678,5.279548481670204,
CERBE,2021-12-31,2021,-39145650,24057304.0,-1.6271835780102375,-0.14188048669127679,1046.8691826176837,
CERE,2023-12-31,2023,-432842000,162056405.0,-2.67093423428713,-2.3237994538548032,14.938241759911207,
CERN,2021-12-31,2021,555596000,298714000.0,1.8599596938877991,2.523445991408312,-26.292866967611516,
CERS,2024-12-31,2024,-20918000,184563000.0,-0.11333799298884392,-0.20796028179952294,-45.5001733945987,
CERT,2024-12-31,2024,-12051000,160392805.0,-0.0751342929628296,-0.3482968778469551,-78.42808886853005,
CETX,2025-09-30,2025,-28112368,13240.0,-2123.2906344410876,-2653.0242201834862,-19.967159806244126,
CEVA,2024-12-31,2024,-8786000,23613000.0,-0.3720831745225088,-0.5057911769715551,-26.435416143402957,
CF,2024-12-31,2024,1218000000,180700000.0,6.740453790813503,7.868937048503612,-14.340987235432333,
CFIV,2022-12-31,2022,11070791,63500000.0,0.1743431653543307,0.13314779527559056,30.939581082415657,30.939581082415657
CFLT,2024-12-31,2024,-345065000,321863416.0,-1.072085185350795,-1.4722498578921055,-27.180486409708106,
CFMS,2022-12-31,2022,-50473000,7253645.0,-6.958294760771998,-0.3380455169252512,1958.3898949651268,
CFRX,2022-12-31,2022,-65153000,491659.0,-132.5166426323936,-41.25216867788447,221.23557834533085,
CFX,2024-12-31,2024,-825494000,55280647.0,-14.932784704925758,-0.6103515557798949,2346.5874729925035,
CG,2024-12-31,2024,1020400000,368024612.0,2.7726406515442505,-1.6834726947023957,-264.6976906883778,
CGA,2022-06-30,2022,-98364332,9348100.0,-10.522387650966506,-17.48719386214297,-39.8280379692832,
CGBD,2024-12-31,2024,88978000,56468099.0,1.5757215414671566,1.6387400418972624,-3.845545896171898,
CGEM,2024-12-31,2024,-167383000,53771000.0,-3.1128861282103735,-3.6862093862815883,-15.553192941368598,
CGNX,2024-12-31,2024,106171000,172611000.0,0.615088262045872,0.6530256806555977,-5.809483414440752,
CGRN,2025-03-31,2024,-7190000,19056000.0,-0.3773089840470193,0.39417693169092943,-195.72071669147394,
CGTX,2024-12-31,2024,-33971000,39730148.0,-0.8550433791487512,-0.8587673677857739,-0.4336434728097083,
CHCI,2024-12-31,2024,14560000,10327000.0,1.4098963881088409,0.7700831024930748,83.08366766449338,83.08366766449338
CHCT,2024-12-31,2024,-3181000,26530000.0,-0.11990199773840934,0.30608681850646774,-139.17254533320445,
CHD,2024-12-31,2024,585300000,246900000.0,2.370595382746051,3.0516962843295636,-22.318764323991225,
CHDN,2024-12-31,2024,426800000,74600000.0,5.721179624664879,5.483574244415243,4.333038446440773,4.333038446440773
CHE,2024-12-31,2024,301999000,15186000.0,19.886671934676677,17.928223684210526,10.923827619302662,10.923827619302662
CHEF,2024-12-31,2024,55479000,45983065.0,1.2065093964484535,0.7579007704338505,59.190944714016155,59.190944714016155
CHGG,2024-12-31,2024,-837068000,103300000.0,-8.1032720232333,0.14140267093933997,-5830.6357577287245,
CHH,2024-12-31,2024,299665000,48078000.0,6.232892383210616,5.098757396449704,22.243360461719885,22.243360461719885
CHKP,2022-12-31,2022,796900000,134100000.0,5.942580164056674,5.804982206405694,2.370342453403973,2.370342453403973
CHMI,2024-12-31,2024,2079000,30440349.0,0.06829750867836634,-1.6979982013320731,-104.02223680948468,
CHMX,2022-12-31,2022,-1743799,27802153.0,-0.06272172518437691,-0.08288077304666744,-24.32294864206881,
CHNG,2022-03-31,2021,-57390000,323996600.0,-0.17713148841685375,-0.3500326537012068,-49.3957245005902,
CHPT,2025-01-31,2024,-277066000,21674490.0,-12.78304587558923,-24.37137625373512,-47.54893715273827,
CHRA,2022-12-31,2022,-127843000,337220.0,-379.10859379633473,-18.414468058150952,1958.7539786604189,
CHRS,2024-12-31,2024,28507000,114830462.0,0.24825294180215002,-2.5263948374767797,-109.82637148079716,
CHRW,2024-12-31,2024,465690000,120679000.0,3.8589149727790253,2.7167208402617042,42.04311740794437,42.04311740794437
CHS,2023-01-31,2022,108999000,124045000.0,0.8787053085573784,0.37778013911934677,132.59701015668836,132.59701015668836
CHTH,2024-12-31,2024,14462000,173942000.0,0.08314265674765152,0.1477253130065878,-43.718070345910334,
CHTR,2024-12-31,2024,5083000000,145363771.0,34.96744728781149,29.986909006603327,16.609041899288158,16.609041899288158
CHUY,2023-12-31,2023,31510000,17934520.0,1.7569469380836509,1.1096948379103257,58.32703533091765,58.32703533091765
CHWY,2025-01-31,2024,392700000,430990000.0,0.9111580315088517,0.09165817979816683,894.082615992637,894.082615992637
CIA,2021-12-31,2021,36787000,50645000.0,0.7263698292032778,-0.2199999979978158,-430.16810718811433,
CIDM,2025-03-31,2024,3246000,17818000.0,0.18217532831967673,-1.775646780380315,-110.2596603295537,
CIEN,2024-10-31,2024,83956000,145964000.0,0.5751829218163382,1.7058977105368858,-66.28268399309154,
CIFR,2022-12-31,2022,-39053000,248227458.0,-0.15732747825182175,-0.3315169334634492,-52.543154701577976,
CIIG,2022-12-31,2022,-1716378,35937501.0,-0.04776008214928467,-0.10113063581920724,-52.77387335459248,
CIM,2021-12-31,2021,596350000,81824125.0,7.28819281599406,,,
CINC,2021-12-31,2021,-50369074,35419099.0,-1.4220879531689952,-0.6295627395829577,125.88502523370923,
CING,2024-12-31,2024,-16559605,1524797.0,-10.860203030305017,-312.1138783900272,-96.52043571842269,
CINR,2022-12-31,2022,63300000,19800000.0,3.196969696969697,1.2323232323232323,159.42622950819674,159.42622950819674
CIO,2024-12-31,2024,-25100000,40140000.0,-0.6253114100647733,-0.25304343469766044,147.11623552371685,
CIR,2022-12-31,2022,19388000,20427000.0,0.9491359475204386,-3.051235087371912,-131.10661487371488,
CIVI,2023-12-31,2023,784288000,86988000.0,9.016048190555018,14.579692537731882,-38.160230970428834,
CIX,2022-12-31,2022,20871000,12340000000.0,0.0016913290113452187,1.3349448070260252,-99.87330345026675,
CJAX,2024-12-31,2024,-1609846,12380074.0,-0.1300352485776741,-0.17564715860167834,-25.96791794818616,
CK0000081061,2021-12-31,2021,4412000000,3447000000.0,1.2799535828256454,5.669531407234219,-77.42399696044636,
CKPT,2024-12-31,2024,-56240000,39674444.0,-1.4175371934638832,-2.7662807308355015,-48.756567702521515,
CKX,2024-12-31,2024,250224,2054610.0,0.12178661643815615,0.07108865930988392,71.31651886593305,71.31651886593305
CL,2024-12-31,2024,2889000000,823200000.0,3.509475218658892,2.773757838880849,26.524210926606663,26.524210926606663
CLAR,2024-12-31,2024,-52287000,38305000.0,-1.365017621720402,-0.2706682673069228,404.3138729567245,
CLBR,2024-12-31,2024,-57687289,32019491.0,-1.8016304194217203,,,
CLBS,2024-12-31,2024,-19985000,8329000.0,-2.3994477128106615,-2.5814443205747555,-7.050185290208876,
CLBT,2021-12-31,2021,71396000,161538579.0,0.4419749167163344,0.04673530944547039,845.6980641842541,845.6980641842541
CLDR,2021-01-31,2020,-162734000,302522000.0,-0.5379245145807577,,,
CLDT,2024-12-31,2024,-3784000,48900997.0,-0.0773808354050532,-0.10862403159096375,-28.76269249843386,
CLDX,2024-12-31,2024,-157863000,64395.0,-2451.479152108083,-2.919131457821627,83879.74491828727,
CLEV,2025-07-31,2025,-61390,14027834.0,-0.0043762992918222445,-0.004703862335411155,-6.963703872092141,
CLF,2024-12-31,2024,-760000000,480000000.0,-1.5833333333333333,0.7534246575342466,-310.1515151515151,
CLFD,2025-09-30,2025,-8050000,13989489.0,-0.575432026144772,-0.8539717262874208,-32.61696980924411,
CLGN,2024-12-31,2024,-16609000,1145418.0,-14.500383266196271,-6.162872272518542,135.286123498881,
CLGX,2020-12-31,2020,301355000,80495000.0,3.743772905149388,,,
CLH,2024-12-31,2024,402299000,54199000.0,7.422627723758741,6.948181383546026,6.828352831091178,6.828352831091178
CLIR,2024-12-31,2024,-5299000,4893599.0,-1.0828431181222655,-1.3490583214483391,-19.733409526748037,
CLMT,2022-12-31,2022,-165100000,79336283.0,-2.08101506343573,-3.29320381111677,-36.80879827689652,
CLNE,2024-12-31,2024,-83070000,223346127.0,-0.37193391761836997,-0.44636547393991566,-16.67502543701773,
CLNN,2023-12-31,2023,-49504000,5246941.0,-9.43483069468477,-9.176644736741208,2.8135115322689197,
CLOEU,2023-12-31,2023,-1045959,3457806.0,-0.3024921004822133,0.01742058403507889,-1836.4061955276657,
CLOV,2024-12-31,2024,-43009000,490018730.0,-0.08777011441991207,-0.4424959844600519,-80.16476589566976,
CLPR,2024-12-31,2024,-2500000,16120000.0,-0.15508684863523572,,,
CLPT,2024-12-31,2024,-18914000,27027692.0,-0.6998007821015572,-0.8977366258823537,-22.048319972046627,
CLR,2022-12-31,2022,4024558000,361193000.0,11.142403091975758,4.559992093299071,144.35136868657227,144.35136868657227
CLRB,2024-12-31,2024,-44581446,1236888.0,-36.043235927586004,-105.09317456963275,-65.70354252292148,
CLS,2024-12-31,2024,428000000,118700000.0,3.6057287278854253,2.031587697423109,77.48329212954854,77.48329212954854
CLSD,2024-12-31,2024,-34352000,4922683.0,-6.978308373705965,-7.879881354238326,-11.441453747871911,
CLSK,2022-09-30,2022,-57660000,42614197.0,-1.3530701986476479,-6.464799721998623,-79.07019154756831,
CLVS,2021-12-31,2021,-264524000,138205000000.0,-0.0019139973228175537,-4.379375378082484,-99.95629519834274,
CLVT,2024-12-31,2024,-668000000,693600000.0,-0.9630911188004614,-1.469029184038118,-34.44030048789885,
CLW,2021-12-31,2021,-28100000,16767000.0,-1.6759110156855728,4.610141114565893,-136.35270535191378,
CLX,2024-06-30,2024,280000000,124804000.0,2.243517835966796,1.1998614924988524,86.98140160281389,86.98140160281389
CLXT,2024-12-31,2024,-251388000,23222256.0,-10.825304828264747,-25.946541168915303,-58.27842810419074,
CMAX,2023-12-31,2023,-683348000,3727725.0,-183.3150245793346,-12.500260449653512,1366.4896408971688,
CMC,2025-08-31,2025,84662000,114086750.0,0.7420844225994693,4.144092396723889,-82.09295663421685,
CMCO,2025-03-31,2024,-5138000,28738000.0,-0.17878766789616535,1.606318473093089,-111.13027527797126,
CMCSA,2024-12-31,2024,16193000000,4169836000.0,3.883366156366821,3.477020350137689,11.686609950759719,11.686609950759719
CME,2024-12-31,2024,3525800000,359619000.0,9.804265069420692,8.971161145545702,9.286467051019788,9.286467051019788
CMG,2024-12-31,2024,1534110000,1376555000.0,1.1144560151973586,0.886854565138939,25.663897893197674,25.663897893197674
CMI,2024-12-31,2024,3946000000,139100000.0,28.36808051761323,5.150665732305536,450.765318348763,450.765318348763
CMLF,2024-12-31,2024,-52286000,26891213.0,-1.9443526032090854,-7.2296429551691554,-73.10582811259188,
CMLS,2024-12-31,2024,-283254000,16874263.0,-16.786155342014048,-6.826046277952036,145.91329531756796,
CMPR,2025-06-30,2025,14952000,25636865.0,0.5832226366211313,6.4315501971935465,-90.93184972923596,
CMPS,2024-12-31,2024,-155122000,67482902.0,-2.298685969373398,-2.3215478616220766,-0.9847693698938009,
CMPX,2024-12-31,2024,-49375000,137384000.0,-0.3593941070284749,-0.3345273052185756,7.43341467855716,
CMRE,2022-12-31,2022,523887000,165632990.0,3.162938735815854,2.4373391480456315,29.770152764831327,29.770152764831327
CMRX,2024-12-31,2024,-88387000,89699074.0,-0.9853724911363076,-0.9265380333846229,6.349923654700262,
CMS,2023-12-31,2023,883000000,291700000.0,3.0270826191292426,2.8842832469775477,4.95094829196594,4.95094829196594
CMT,2024-12-31,2024,13299000,8787000.0,1.513485831341755,2.316917464660283,-34.67674811784159,
CMTG,2022-12-31,2022,112064000,139306311.0,0.804443095187554,1.2675594617482453,-36.53606639659739,
CMTL,2025-07-31,2025,-204251000,29405000.0,-6.9461316102703625,-4.702941074342859,47.697610930431324,
CNC,2024-12-31,2024,3305000000,523744000.0,6.310334820064765,4.9514022253822585,27.445409054353153,27.445409054353153
CNCE,2021-12-31,2021,-80051000,34405000.0,-2.3267257666036913,-2.396346153846154,-2.9052725596726225,
CNDA,2024-12-31,2024,-766076,24392704.0,-0.03140594827043365,0.2853356479052097,-111.00666828733117,
CNDT,2024-12-31,2024,426000000,191130000.0,2.2288494741798774,-1.3654459149640878,-263.2323514064999,
CNGLU,2022-12-31,2022,1159838,21994765.0,0.052732457018749686,,,
CNHI,2024-12-31,2024,1246000000,1260000000.0,0.9888888888888889,1.6851851851851851,-41.318681318681314,
CNK,2024-12-31,2024,309700000,154900000.0,1.999354422207876,1.2381578947368421,61.478146745800835,61.478146745800835
CNLPL,2024-12-31,2024,811653000,357779408.0,2.2685850047580156,-1.264119002854904,-279.45976602160175,
CNM,2025-01-31,2024,411000000,201442750.0,2.040281916326103,1.6284923693741826,25.28655059711258,25.28655059711258
CNMD,2024-12-31,2024,132423000,31150000.0,4.251139646869984,2.043204006593128,108.06241731868975,108.06241731868975
CNNE,2024-12-31,2024,-304600000,64400000.0,-4.729813664596273,-4.269754768392371,10.774831838342823,
CNP,2024-12-31,2024,1019000000,644000000.0,1.5822981366459627,1.3696682464454977,15.524189215328077,15.524189215328077
CNR,2022-12-31,2022,-63496000,129046000.0,-0.4920415975698588,5.178227716617222,-109.50212359319136,
CNS,2024-12-31,2024,151265000,50938000.0,2.9695904825474106,2.6042621032026316,14.028095670382434,14.028095670382434
CNSL,2020-12-31,2020,36977000,72752000.0,0.5082609412799648,,,
CNST,2020-12-31,2020,-126357000,47838738.0,-2.6413113155284322,,,
CNTA,2024-12-31,2024,-235757000,114473449.0,-2.059490668443125,-1.5708962852027735,31.102905254962977,
CNTB,2023-12-31,2023,-62106000,55067000.0,-1.127826102747562,-2.1320683180472306,-47.101784065693444,
CNTQ,2024-12-31,2024,-40615000,6866826.0,-5.91466858196203,-0.2617526256391291,2159.6405929147836,
CNTX,2024-12-31,2024,-26725104,58416141.0,-0.45749519811656164,-1.5009477295359097,-69.51957825619827,
CNTY,2024-12-31,2024,-153601000,30617000.0,-5.016853382107979,-0.9314263064015327,438.62053794573006,
CNX,2024-12-31,2024,-90494000,151306438.0,-0.5980842665795887,8.96140957729908,-106.67399767213684,
CNXC,2024-11-30,2024,251217000,65074000.0,3.8604819128991608,5.8108128124421405,-33.56382252353616,
CNXN,2024-12-31,2024,87095000,26508000.0,3.285611890749962,3.1507435014567333,4.280525826074788,4.280525826074788
COCO,2024-12-31,2024,55952000,59286562.0,0.9437551801367736,0.7937210703913086,18.902624025275962,18.902624025275962
CODI,2024-12-31,2024,-208861000,75454000.0,-2.768057359450791,1.506788710907704,-283.70574052040024,
CODX,2024-12-31,2024,-37639008,1010167.0,-37.260183712198085,-36.15569633724298,3.0548087489533637,
COGT,2024-12-31,2024,-255859000,86165951.0,-2.9693747591783675,-2.4154528119744794,22.9324267672649,
COHN,2024-12-31,2024,-129000,5675616.0,-0.02272881040577798,-3.3783315019997104,-99.32721787686246,
COHR,2021-09-30,2021,-106751000,24390000.0,-4.376834768347684,,,
COHU,2020-12-31,2020,-13801000,41854000.0,-0.32974148229559896,,,
COIN,2024-12-31,2024,2579066000,273377000.0,9.434100162047283,0.37293379089669054,2429.6984055437074,2429.6984055437074
COKE,2024-12-31,2024,633125000,100710000.0,6.286615033263827,3.9210273643783005,60.3308125410291,60.3308125410291
COLA,2024-12-31,2024,-77093,1500000.0,-0.051395333333333335,,,
COLD,2020-12-31,2020,24540000,206940000.0,0.11858509712960279,,,
COLL,2020-12-31,2020,26752000,35151353.0,0.761051786541474,,,
COLM,2024-12-31,2024,223273000,58502000.0,3.816501999931626,4.092862724667882,-6.7522598075576035,
COMM,2024-12-31,2024,-380700000,214400000.0,-1.7756529850746268,-7.437648174490279,-76.12614977991592,
COMP,2024-12-31,2024,-154400000,501514681.0,-0.3078673583236539,-0.6887121208735429,-55.29810656836362,
CONE,2021-12-31,2021,25300001,124300000.0,0.20353983105390186,0.3520408163265306,-42.182888570196,
CONN,2024-01-31,2023,-76893000,24250000.0,-3.1708453608247424,-2.458514740639383,28.97402274676233,
CONX,2023-12-31,2023,-5994501,23797364.0,-0.2518976891726327,0.29158529179661646,-186.38902450139145,
COO,2024-10-31,2024,392300000,200400000.0,1.9575848303393213,1.4761665830406423,32.612731708574685,32.612731708574685
COOK,2024-12-31,2024,-34008000,2548873.0,-13.342367391392196,-34.10836423151918,-60.882417870210695,
COP,2024-12-31,2024,9245000000,1180871000.0,7.828966923567434,9.087855350737138,-13.85242588690182,
COR,2025-09-30,2025,1554169000,195214000.0,7.961360353253353,7.53490044137325,5.659794912995286,5.659794912995286
CORR,2020-12-31,2020,-315257388,13650718.0,-23.094564549644936,,,
CORT,2024-12-31,2024,141209000,113480000.0,1.2443514275643286,0.9498666571208677,31.002748463249684,31.002748463249684
CORZ,2024-12-31,2024,-1437874000,255832000.0,-5.6203836892961005,-0.6488839397361681,766.1616269284322,
COR_delisted,2020-12-31,2020,79309000,40634324.0,1.9517735794005089,,,
COST,2025-08-31,2025,8099000000,444803000.0,18.208060647072973,16.564026810025204,9.925327071148748,9.925327071148748
COT,2020-12-31,2020,-131700000,155446000.0,-0.8472395558586261,,,
COTY,2025-06-30,2025,-381100000,870900000.0,-0.4375932942932598,0.0862576409327598,-607.3096012843382,
COUP,2022-01-31,2021,-379039000,74133000.0,-5.112959141003332,-2.6271824268148602,94.61759064832715,
COUR,2024-12-31,2024,-79500000,157370977.0,-0.5051757415218945,-0.7724012219731798,-34.59671901717476,
COYA,2024-12-31,2024,-14880787,15238919.0,-0.9764988579570506,-0.7859065216428814,24.251273028724786,
CP,2024-12-31,2024,2713648516,934600000.0,2.9035400342392466,3.1151356549212808,-6.792501005462026,
CPA,2024-12-31,2024,608114000,47356000.0,12.841329504181097,10.85600557479517,18.28779393771991,18.28779393771991
CPAAU,2022-12-31,2022,7869465,8925000.0,0.8817327731092437,0.17422452346669015,406.0899324415839,406.0899324415839
CPB,2023-07-31,2023,858000000,301000000.0,2.8504983388704317,2.506622516556291,13.718691986640753,13.718691986640753
CPE,2023-12-31,2023,401201000,64852000.0,6.186409054462469,,,
CPHC,2024-12-31,2024,2112842,5032210.0,0.41986363844116203,2.134342402441454,-80.3281967335286,
CPHI,2024-12-31,2024,-4736365,1746372.0,-2.712116891475585,-9.099318175772925,-70.19428446082216,
CPIX,2024-12-31,2024,-6479770,14060272.0,-0.4608566605254863,-0.4391509369964166,4.942656772527121,
CPK,2023-12-31,2023,87212000,18434857.0,4.730820531995447,5.04350242699879,-6.199697522291247,
CPLG,2020-12-31,2020,-178000000,56600000.0,-3.1448763250883394,,,
CPNG,2024-12-31,2024,154000000,1826000000.0,0.08433734939759036,0.7542983915696062,-88.81909992912827,
CPRI,2023-03-31,2022,613000000,134002480.0,4.574542202502521,5.37056551208929,-14.821964424321777,
CPRT,2025-07-31,2025,1552449000,977563000.0,1.588080768196014,1.3982589213354972,13.575586321252665,13.575586321252665
CPRX,2024-12-31,2024,163889000,124943603.0,1.3117038092778548,0.6277628135040546,108.94895031392022,108.94895031392022
CPS,2024-12-31,2024,-78746000,17564012.0,-4.483372022291945,-11.638169855224245,-61.477001297764964,
CPSI,2024-12-31,2024,-20439000,14300000.0,-1.4293006993006994,-3.4139705364065693,-58.13377168728782,
CPSS,2024-12-31,2024,19203000,24325000.0,0.7894347379239466,1.7980410817669918,-56.09473298862871,
CPT,2021-12-31,2021,303907000,103171000.0,2.9456630254625815,1.2461131559363623,136.38808493672735,136.38808493672735
CPTN,2023-12-31,2023,-48546000,15776387.0,-3.077130397473135,0.6023305311264576,-610.8707326720419,
CPUH,2022-12-31,2022,32371214,21562500.0,1.5012736927536232,0.0586252984893124,2460.7949664039847,2460.7949664039847
CQCQ,2022-12-31,2022,-116355,35540000.0,-0.0032739167135621833,-1.7276308384918403e-05,18850.32573289902,
CQP,2024-12-31,2024,2510000000,484000000.0,5.18595041322314,8.789256198347108,-40.99670897978373,
CR,2024-12-31,2024,184100000,57800000.0,3.185121107266436,3.274782608695652,-2.7379375104513715,
CRAI,2024-12-31,2024,46653000,6908000.0,6.753474232773596,5.406153413880303,24.921986405972962,24.921986405972962
CRAWA,2024-12-31,2024,13597967,3553008.0,3.8271703863318067,,,
CRBP,2023-12-31,2023,-44603316,4327568.0,-10.306785705042648,-10.153491498016868,1.5097684087854946,
CRBU,2024-12-31,2024,-149105000,90317925.0,-1.6508904517015863,-1.382919972316671,19.37715014239114,
CRC,2024-12-31,2024,376000000,81400000.0,4.619164619164619,7.779310344827586,-40.62244062244063,
CRCT,2024-12-31,2024,62830000,215645506.0,0.291357799035237,0.24410839433998943,19.355911468345298,19.355911468345298
CRD-A,2024-12-31,2024,26596000,30404000.0,0.8747533219313248,1.027182120205376,-14.83951047002009,
CRDF,2024-12-31,2024,-45455000,47650000.0,-0.9539349422875131,-0.9281061843901784,2.7829528917863833,
CRDO,2025-04-30,2025,52183000,181158000.0,0.28805241833095974,-0.18291841563985015,-257.475898379805,
CREG,2023-12-31,2023,-746786,77849.0,-9.592750067438246,-60.76792092706203,-84.21412165976166,
CREX,2024-12-31,2024,-3508000,10440000.0,-0.3360153256704981,-0.34638518693242126,-2.9937369301956673,
CRGE,2022-12-31,2022,-68395000,197712000.0,-0.3459324674273691,-0.3778019377737985,-8.435496793431119,
CRGY,2022-12-31,2022,96674000,168969000.0,0.5721404517988506,-0.11431942887485988,-600.4752537953509,
CRH,2024-12-31,2024,3492000000,689500000.0,5.064539521392313,4.358200767964893,16.207118281915523,16.207118281915523
CRI,2024-12-31,2024,185509000,35525616.0,5.221837673412898,6.353628014509555,-17.813292476550846,
CRIS,2024-12-31,2024,-43389000,315314.0,-137.60568829801403,-179.143445487692,-23.186869648843388,
CRK,2024-12-31,2024,-229651000,287010000.0,-0.8001498205637434,0.7626893925709702,-204.9116230483417,
CRL,2024-12-31,2024,10297000,51628000.0,0.1994460370341675,9.224776972264873,-97.83793106723535,
CRM,2025-01-31,2024,6197000000,974000000.0,6.362422997946612,4.203252032520325,51.36905778480334,51.36905778480334
CRMD,2024-12-31,2024,-17930000,58871582.0,-0.3045612057783669,-0.9103449661867211,-66.54441809525004,
CRMT,2023-04-30,2023,20392000,6566896.0,3.105272262572759,13.918702199068187,-77.68992957705032,
CRMZ,2024-12-31,2024,1674902,10782622.0,0.1553334615643579,0.1569911870959687,-1.0559354077610994,
CRNC,2025-09-30,2025,-18714000,43180000.0,-0.4333950903195924,-14.122232361558043,-96.93111486042864,
CRNT,2021-12-31,2021,-14828000,83414831.0,-0.17776215359112818,,,
CRNX,2024-12-31,2024,-298408000,80783000.0,-3.69394550833715,-3.694253586127327,-0.008339378523825047,
CRON,2024-12-31,2024,41080000,385557002.0,0.10654715071158272,,,
CROX,2024-12-31,2024,950071000,59832000.0,15.878977804519321,12.79322701446281,24.12019099300009,24.12019099300009
CRS,2025-06-30,2025,376000000,50700000.0,7.4161735700197235,3.7077534791252487,100.017978858977,100.017978858977
CRSP,2024-12-31,2024,-366252000,84359126.0,-4.34158125346154,-1.9390077849376421,123.90736577683023,
CRSR,2024-12-31,2024,-85181000,104164000.0,-0.8177585346184862,-0.02437050698182092,3255.5253291549902,
CRTO,2024-12-31,2024,111571000,58605529.0,1.9037623566199702,0.884236449398918,115.30014487800186,115.30014487800186
CRUS,2025-03-31,2024,331507000,55241000.0,6.001104252276389,4.9012334660216705,22.440693631096977,22.440693631096977
CRVL,2025-03-31,2024,95165000,51994000.0,1.8303073431549794,1.4652293384062567,24.916099833615224,24.916099833615224
CRVO,2024-12-31,2024,-16290695,8073155.0,-2.0178845816784143,-0.8160591955560499,147.27183918360964,
CRVS,2024-12-31,2024,-62293000,60985165.0,-1.0214451334189225,-0.5628078248965326,81.49092607351479,
CRWD,2025-01-31,2024,-15241000,979000000.0,-0.015567926455566905,0.07406673917951033,-121.01878201743972,
CRWS,2025-03-31,2024,-9352000,10365000.0,-0.9022672455378679,0.4791462698257294,-288.3072669784181,
CSBR,2025-04-30,2025,4701000,14266781.0,0.32950670512149866,-0.537069137834262,-161.35275366040182,
CSCO,2025-07-31,2025,10180000000,3998000000.0,2.546273136568284,2.5406203840472674,0.22249496841442173,0.22249496841442173
CSGP,2024-12-31,2024,139000000,407800000.0,0.34085335948994605,0.9216023593020398,-63.015138139610926,
CSGS,2024-12-31,2024,86852000,28665000.0,3.029897087039944,2.1997675576955005,37.73714756544988,37.73714756544988
CSII,2022-06-30,2022,-36933000,39229734.0,-0.9414542550811076,-0.3456169990926556,172.39813364293332,
CSL,2024-12-31,2024,1311800000,47100000.0,27.851380042462846,15.226190476190476,82.91758589264104,82.91758589264104
CSLT,2020-12-31,2020,-62183000,151478000.0,-0.4105084566735764,,,
CSOD,2020-12-31,2020,-39982000,63585000.0,-0.6287960997090509,,,
CSPI,2024-12-31,2024,146000,9061750.0,0.016111678207851685,0.5838975817923187,-97.24066707753856,
CSPR,2020-12-31,2020,-89555000,37076000.0,-2.4154439529614846,,,
CSR,2024-12-31,2024,-19660000,15504000.0,-1.2680598555211557,2.0386143241032832,-162.20204776001128,
CSSE,2023-12-31,2023,-636551384,21249105.0,-29.956620949447046,-6.447322648258027,364.63660318816045,
CSTA,2024-12-31,2024,-248243,7750000.0,-0.032031354838709676,-0.025506736400835752,25.579981442314747,
CSTE,2024-12-31,2024,-42832000,34539000.0,-1.2401053881119894,-3.1187461977461686,-60.2370533066083,
CSTL,2024-12-31,2024,18245000,29255000.0,0.6236540762262861,-2.144093724348929,-129.08707157452568,
CSTM,2020-12-31,2020,-23945919,146961190.0,-0.1629404266527782,,,
CSU,2024-12-31,2024,-7584000,14109000.0,-0.5375292366574527,-3.8460064839375185,-86.02370435665169,
CSV,2024-12-31,2024,32953000,15443000.0,2.1338470504435665,2.161954060174701,-1.300074328538836,
CSWI,2025-03-31,2024,136652000,16314000.0,8.376363859261984,6.523843142288685,28.396156629900204,28.396156629900204
CSX,2024-12-31,2024,3470000000,1943000000.0,1.7858980957282553,1.8221559860904124,-1.9898346046625437,
CTA-PB,2024-12-31,2024,907000000,696000000.0,1.3031609195402298,1.0324483775811208,26.220443349753708,26.220443349753708
CTAS,2025-05-31,2025,1812281000,410286000.0,4.417116352983041,3.8010003192508246,16.20931286461067,16.20931286461067
CTGO,2023-06-30,2023,39741300,7087027.0,5.6076123316589594,-3.4905108721670266,-260.6530544389213,
CTG_delisted,2022-12-31,2022,6609000,15156000.0,0.43606492478226444,0.917106405717721,-52.452090393916386,
CTHR,2023-12-31,2023,-19580794,21193793.0,-0.9238928586308265,0.11200991724322305,-924.8313018789636,
CTIC,2022-12-31,2022,-92992000,114694000.0,-0.8107834760318762,-1.3762527937476279,-41.087605437365994,
CTKB,2024-12-31,2024,-6020000,130611330.0,-0.04609094785268629,-0.08979691497775583,-48.67201410638241,
CTLP,2025-06-30,2025,63955000,74683065.0,0.8563521060631349,0.15389884212254587,456.43830340272655,456.43830340272655
CTLT,2024-06-30,2024,-1043000000,181000000.0,-5.762430939226519,-1.4143646408839778,307.421875,
CTMX,2024-12-31,2024,31869000,84745116.0,0.3760570697667108,-0.0077091666611681835,-4978.050849010005,
CTNT,2022-12-31,2022,816980,33.0,24756.969696969696,,,
CTO,2020-12-31,2020,78509000,42343893.0,1.8540808234141344,,,
CTOS,2024-12-31,2024,-28655000,236975000.0,-0.12091992826247494,0.20637620764591455,-158.59199063776802,
CTRA,2022-12-31,2022,4061000000,799000000.0,5.0826032540675845,2.2976190476190474,121.21174784542856,121.21174784542856
CTRE,2024-12-31,2024,125080000,155167000.0,0.806099235017755,0.5062080789810838,59.24266492156829,59.24266492156829
CTRN,2025-01-31,2024,-43170000,8315000.0,-5.191822008418521,-1.4571220046223088,256.30660932639336,
CTS,2024-12-31,2024,55472000,30717000.0,1.8059055246280562,1.916843471927547,-5.7875329375712266,
CTSH,2024-12-31,2024,2240000000,497000000.0,4.507042253521127,4.20990099009901,7.058153246856502,7.058153246856502
CTSO,2024-12-31,2024,-20719000,2721730.0,-7.612437677506586,-13.098574896319452,-41.883466424690276,
CTT,2021-12-31,2021,58262000,48481000.0,1.2017491388378954,-0.3586529006882989,-435.0730292524029,
CTV,2023-12-31,2023,-31911000,138577786.0,-0.23027500237303547,-0.14079607708020048,63.55214374464842,
CTVA,2024-12-31,2024,907000000,696000000.0,1.3031609195402298,1.0324483775811208,26.220443349753708,26.220443349753708
CTXR,2025-09-30,2025,-37433911,11065225.0,-3.383023029355481,-5.9738601120648305,-43.36956396881282,
CTXS,2021-12-31,2021,307499000,126638000.0,2.4281732181493707,3.9987158348658762,-39.276174691447764,
CUBE,2024-12-31,2024,391180000,227150000.0,1.7221219458507595,1.8155727741656023,-5.147181630204312,
CUE,2024-12-31,2024,-40674000,1875734.0,-21.684311314930582,-33.29734483652581,-34.87675542482357,
CUK,2024-11-30,2024,1916000000,1398000000.0,1.3705293276108728,-0.060221870047543584,-2375.800015059107,
CULP,2025-04-30,2025,-19103000,12525000.0,-1.525189620758483,-1.1115669240669241,37.21077766314102,
CURI,2022-12-31,2022,-50917000,52787000.0,-0.9645746111732055,-0.726698719805364,32.73377052756514,
CURO,2022-12-31,2022,-185484000,40428000.0,-4.588008311071534,1.3752868367985536,-433.603739111739,
CURV,2025-01-31,2024,16318000,105684000.0,0.154403694031263,0.11129310344827587,38.73608448974832,38.73608448974832
CUTR,2023-12-31,2023,-162833000,19885000.0,-8.18873522755846,-4.39216941377287,86.43942107242952,
CUZ,2024-12-31,2024,45962000,154015000.0,0.29842547803785346,0.5456656143120232,-45.309825246344474,
CVA,2020-12-31,2020,-28000000,132000000.0,-0.21212121212121213,,,
CVAC,2021-12-31,2021,-486832215,180460565.0,-2.697720773510822,-0.8158872715487729,230.64871429968804,
CVCO,2025-03-31,2024,171036000,8259956.0,20.706647832022348,18.36809063781038,12.731629216801066,12.731629216801066
CVEO,2024-12-31,2024,-17067000,14287000.0,-1.1945824875761182,2.008725770998468,-159.46966503956054,
CVGI,2024-12-31,2024,-27867000,33418000.0,-0.8338919145370758,1.471397516452756,-156.67346214824542,
CVGW,2024-10-31,2024,-1076000,17863000.0,-0.06023624251245591,-0.4673462529405175,-87.1110034298012,
CVI,2020-12-31,2020,-256000000,100500000.0,-2.5472636815920398,,,
CVII,2023-12-31,2023,16385077,122400176.0,0.13386481568457875,0.5148595579710145,-73.9997415582377,
CVKD,2024-12-31,2024,-10651368,1219550.0,-8.73385101061867,-9.286528172105143,-5.951386258070091,
CVLG,2024-12-31,2024,35921000,27714000.0,1.2961319188857616,1.9961327164955907,-35.06784853658178,
CVLT,2025-03-31,2024,76106000,45187000.0,1.6842454688295305,3.7451441241685144,-55.02855396243365,
CVM,2025-09-30,2025,25411055,4055738.0,6.265457729271467,15.324749485747054,-59.11543131521515,
CVMCA,2024-12-31,2024,42657000,56685496.0,0.7525205389399786,,,
CVNA,2024-12-31,2024,210000000,661030000.0,0.3176860354295569,0.4487032476143944,-29.199078206233697,
CVRX,2024-12-31,2024,-59965000,21232009.0,-2.8242734825517455,-1.9909415758511095,41.856170809251104,
CVS,2024-12-31,2024,4614000000,1262000000.0,3.6561014263074485,6.468217054263566,-43.475900767777944,
CVSI,2024-12-31,2024,-2394000,175585000.0,-0.013634422074778597,0.02014874476308012,-167.66884108712244,
CVT,2022-12-31,2022,-100270000,481121695.0,-0.20840881016600177,-0.1986383657213359,4.918709640600127,
CVV,2024-12-31,2024,-1898000,6823000.0,-0.27817675509306755,-615.7925751325869,-99.9548262245557,
CVX,2024-12-31,2024,17661000000,1817000000.0,9.719867914144194,11.366489361702127,-14.486631669282213,
CW,2024-12-31,2024,404978000,38373000.0,10.553722669585385,9.201095278880842,14.700721487030034,14.700721487030034
CWAN,2024-12-31,2024,424378000,201582951.0,2.1052276390179445,-0.10728585871331946,-2062.2601377907245,
CWBHF,2024-12-31,2024,-29846000,157563671.0,-0.18942183696646672,-0.15559006951939014,21.74416886089272,
CWBR,2022-12-31,2022,-12175208,2900202.0,-4.198055169950231,-209.24804283454347,-97.99374220514467,
CWCO,2021-12-31,2021,875579,15310145.0,0.057189464894029415,0.24379525556926568,-76.54201072925265,
CWEN,2024-12-31,2024,88000000,82000000.0,1.0731707317073171,0.9634146341463414,11.392405063291156,11.392405063291156
CWGL,2024-12-31,2024,851000,20794000.0,0.04092526690391459,0.14657154925611302,-72.07830093110124,
CWH,2020-12-31,2020,122345000,40009000.0,3.057936964183059,,,
CWK,2024-12-31,2024,131300000,232800000.0,0.5640034364261168,-0.15601586602027326,-461.5038975284913,
CWT,2024-12-31,2024,190807000,58647000.0,3.253482701587464,0.9109909973149887,257.1366469236934,257.1366469236934
CXAI,2024-12-31,2024,-19408000,318159.0,-61.00094606784658,,,
CXDO,2024-12-31,2024,1677000,30019359.0,0.05586395099242459,-0.013952727542391238,-500.38014662508454,
CXM,2025-01-31,2024,121609000,274773000.0,0.44257987502411084,0.17904651106087574,147.1870981466005,147.1870981466005
CXP,2020-12-31,2020,115710000,117107000.0,0.9880707387261223,,,
CXW,2024-12-31,2024,68868000,110939000.0,0.6207735782727445,0.5895333624073267,5.299142993002137,5.299142993002137
CYAN,2025-03-31,2024,-3203000,7071000.0,-0.45297694809786454,-806.4614913489512,-99.94383154645857,
CYCA,2024-09-30,2024,-4264412,449006054.0,-0.009497448780501298,-0.011933325267871936,-20.412386595450837,
CYCC,2024-12-31,2024,-11212000,5355379.0,-2.0935959901250687,-26.746119896804828,-92.17233752707743,
CYCN,2024-12-31,2024,-3057000,2518000.0,-1.2140587768069897,-2.2510692899914457,-46.06746304057112,
CYDY,2025-05-31,2025,3745000,1242922000.0,0.003013061157498218,-0.05140849646573678,-105.86101785627282,
CYH,2024-12-31,2024,-516000000,132101768.0,-3.906079440208552,-1.0195815074806964,283.10614811562823,
CYN,2024-12-31,2024,-33335579,13221.0,-2521.4113153316694,-8514.830160507652,-70.38800225251536,
CYRX,2025-03-31,2024,-136737000,49498971.0,-2.7624210612378186,-2.6323950340624322,4.939457243038636,
CYTH,2023-12-31,2023,-20057302,16329713.0,-1.2282703315116439,-1.830852463457041,-32.9126537486037,
CYTK,2024-12-31,2024,-589526000,111979.0,-5264.612114771519,-5451.949774149434,-3.436158936499767,
CZOO,2023-08-31,2023,-703884000,376467.0,-1869.7096956705368,-1443.7095416065683,29.507331065354947,
CZR,2024-12-31,2024,-278000000,215000000.0,-1.2930232558139534,3.638888888888889,-135.5334635185514,
D,2022-12-31,2022,1191000000,810000000.0,1.4703703703703703,4.196296296296296,-64.9602824360106,
DAC,2024-12-31,2024,505073000,19384879.0,26.054998847297423,28.954430731441036,-10.013776167925759,
DADA,2024-12-31,2024,-283592415,1045269866.0,-0.2713102369297615,-0.2658794391890493,2.042579056611693,
DAIO,2024-12-31,2024,-3093000,9150000.0,-0.3380327868852459,,,
DAKT,2023-04-30,2023,6802000,45521000.0,0.14942553986072363,0.013060936327935401,1044.0645303593174,1044.0645303593174
DAL,2024-12-31,2024,3457000000,648000000.0,5.334876543209877,7.16796267496112,-25.5733213867661,
DALN,2024-12-31,2024,131000,5352490.0,0.024474590330855358,-1.3287273773514756,-101.84195725534309,
DALS,2022-12-31,2022,599215,20650000.0,0.02901767554479419,,,
DAN,2024-12-31,2024,-57000000,145200000.0,-0.3925619834710744,0.2766251728907331,-241.91115702479343,
DAR,2024-12-31,2024,278880000,161418000.0,1.7276883618927257,3.9887798900158264,-56.68629481869277,
DARE,2024-12-31,2024,-4053599,8497459.0,-0.47703660588418256,-4.147379035085813,-88.4978777717549,
DASH,2024-12-31,2024,123000000,336847000.0,0.36515094390034647,-1.6565384284259619,-122.04301075268818,
DAVA,2025-06-30,2025,27426887,58018200.0,0.4727290229617603,0.371581417555181,27.220845991729004,27.220845991729004
DAWN,2024-12-31,2024,-95496000,93234195.0,-1.0242593932408597,-2.3681820982948065,-56.749128625777104,
DBD,2024-12-31,2024,-16500000,37600000.0,-0.43882978723404253,,,
DBDR,2024-12-31,2024,-53719000,44012000.0,-1.220553485413069,0.4525157419686982,-369.72619341439355,
DBGI,2023-12-31,2023,-10247133,424402.0,-24.144874435087488,-1824.4466717820833,-98.67659193285692,
DBI,2025-01-31,2024,-10549000,53657000.0,-0.19660062992712973,0.45857199211045363,-142.8723588246915,
DBRG,2024-12-31,2024,11881000,168818000.0,0.07037756637325404,0.7515378270091916,-90.63552573882707,
DBTX,2020-12-31,2020,7075000,24955165.0,0.2835084440435477,,,
DBVT,2024-12-31,2024,113918000,96995379.0,1.1744683218362393,7.6455989551876815,-84.63863552456749,
DBX,2024-12-31,2024,452300000,346000000.0,1.3072254335260116,1.3109826589595375,-0.2865961199294387,
DC,2024-12-31,2024,-33884536,90887130.0,-0.3728199581172824,-0.4657983585518528,-19.961083745257557,
DCGO,2024-12-31,2024,19992143,109422840.0,0.1827053931336456,0.06493653433492191,181.3599385999097,181.3599385999097
DCI,2025-07-31,2025,367000000,120400000.0,3.048172757475083,3.3768352365415986,-9.732855056414202,
DCO,2024-12-31,2024,31495000,15013000.0,2.0978485312728967,1.1399942742628113,84.02272525706249,84.02272525706249
DCP,2020-12-31,2020,264956000,208300000.0,1.2719923187710034,,,
DCPH,2023-12-31,2023,-194942000,85059962.0,-2.2918185644145947,-2.369942374152697,-3.296443432133367,
DCT,2022-08-31,2022,-8332000,132205020.0,-0.06302332543802043,-0.12913112144609223,-51.19431727050362,
DCTH,2024-12-31,2024,-26386000,28511393.0,-0.9254546068654029,-2.9376588230720144,-68.49686561295017,
DDD,2024-12-31,2024,-255593000,131861000.0,-1.9383517491904354,-2.791110016622545,-30.552656912607546,
DDI,2022-12-31,2022,-233978000,2477672.0,-94.43461442838277,33.912816950329976,-378.46290258546014,
DDOG,2024-12-31,2024,183746000,358636000.0,0.5123467805797521,0.13865004053760863,269.52515743461237,269.52515743461237
DDS,2022-01-31,2021,862473000,22697000.0,37.99942723707979,-3.156981098823633,-1303.6634381890756,
DE,2024-10-31,2024,7100000000,277100000.0,25.622518946228798,35.43394911118857,-27.68934993435922,
DEA,2024-12-31,2024,20578000,41503418.0,0.49581458568062997,0.4971654115646005,-0.2717055234633836,
DECA,2024-12-31,2024,-4690000,200000000.0,-0.02345,,,
DECK,2025-03-31,2024,966091000,152670000.0,6.3279688216414485,4.860021242833743,30.204550668831764,30.204550668831764
DEI,2024-12-31,2024,23517000,167389000.0,0.1404931028920658,-0.25180869944633455,-155.7935858455151,
DELL,2025-01-31,2024,4592000000,740000000.0,6.205405405405405,4.578378378378378,35.53719008264462,35.53719008264462
DEN,2022-12-31,2022,480160000,54355000.0,8.833777941311746,1.0235405929012684,763.0608304720025,763.0608304720025
DENN,2024-12-31,2024,21571000,52614000.0,0.409985935302391,0.3549184995373336,15.515515769632326,15.515515769632326
DERM,2024-12-31,2024,-14672000,20431400.0,-0.7181103595446225,,,
DESP,2021-12-31,2021,-106095000,76653000.0,-1.3840945559860671,-2.4164926317027975,-42.722997048380996,
DFCO,2025-06-30,2025,-24646581,108488220.0,-0.22718209405592607,-0.3138217049149035,-27.607909045829327,
DFH,2024-12-31,2024,335341000,100297139.0,3.3434752311329636,2.7907841460221263,19.804150238513472,19.804150238513472
DFIN,2024-12-31,2024,92400000,30200000.0,3.0596026490066226,2.6862745098039214,13.897616860830485,13.897616860830485
DFPH,2024-12-31,2024,-64663000,75043678.0,-0.8616715188186805,-1.1263662282135025,-23.499879769535237,
DG,2025-01-31,2024,1125253000,220027000.0,5.114158716884746,7.553374132710127,-32.2930570228513,
DGII,2025-09-30,2025,40804000,37739000.0,1.0812157184875062,0.6085063811377893,77.68354646763798,77.68354646763798
DGX,2024-12-31,2024,871000000,113000000.0,7.707964601769912,7.557522123893805,1.9906323185011843,1.9906323185011843
DH,2024-12-31,2024,-413124000,116640183.0,-3.5418668710422034,-1.7947841172797083,97.3422227744297,
DHHC,2024-12-31,2024,46906000,63139920.0,0.7428897597589608,2.2424739671167924,-66.87186693569006,
DHI,2025-09-30,2025,3585200000,309900000.0,11.56889319135205,14.3437876960193,-19.34561890815869,
DHIL,2024-12-31,2024,43177729,2757860.0,15.656243971775217,14.320716266056213,9.325844328642606,9.325844328642606
DHR,2024-12-31,2024,3899000000,737200000.0,5.288931090613131,6.382721033508276,-17.136734272936593,
DHRM,2024-12-31,2024,-43328000,19285.0,-2246.7202488981075,-155.82858063646955,1341.7895868149192,
DHT,2024-12-31,2024,181376000,164850091.0,1.1002481035937068,0.9787923016675799,12.408741029041725,12.408741029041725
DHX,2024-12-31,2024,253000,45090000.0,0.0056110002217786645,0.07845649047105357,-92.84826508541211,
DIBS,2024-12-31,2024,-18633000,37820400.0,-0.49267062220388996,-0.5714077567413541,-13.779500472042816,
DICE,2022-12-31,2022,-83887000,39401106.0,-2.1290519103702317,-3.953402834218143,-46.14634532199676,
DIN,2024-12-31,2024,63100000,14931000.0,4.226106757752327,6.232777850675764,-32.19545347193582,
DINO,2024-12-31,2024,177000000,192073000.0,0.9215246286568127,8.366879785302707,-88.98604196183663,
DIOD,2024-12-31,2024,44024000,46408000.0,0.9486295466298914,4.90557318995487,-80.66220786242884,
DIS,2025-09-30,2025,12404000000,1811000000.0,6.849254555494202,2.7154560349535775,152.23220215426153,152.23220215426153
DISH,2024-12-31,2024,-66430000,534034000.0,-0.12439282892100503,-2.269935996584487,-94.51998518424415,
DIST,2023-12-31,2023,-1304731,2257333.0,-0.5779966890130964,,,
DIT,2025-09-30,2025,568739,924729.0,0.6150331610666476,4.76446675522126,-87.09124876582153,
DJCO,2023-09-30,2023,21452000,1377026.0,15.578500333327039,-54.81370342585647,-128.42081333621113,
DK,2021-12-31,2021,-128300000,74492176.0,-1.7223285301801359,-8.307247051290755,-79.2671565014727,
DKDCA,2024-12-31,2024,-10129000,2807651.0,-3.6076421179128033,,,
DKL,2020-12-31,2020,140532000,33597418.0,4.182821429908691,,,
DKNG,2021-12-31,2021,-1523195000,403844000.0,-3.771741068333317,-2.3735344169710593,58.90821053046083,
DKS,2025-01-31,2024,1165308000,82929000.0,14.051875700900771,12.179447192318882,15.37367401833114,15.37367401833114
DLA,2023-12-31,2023,-41740000,6992500.0,-5.969252770825885,,,
DLB,2025-09-30,2025,255018000,97479000.0,2.6161327055058012,2.690213203185204,-2.753703594633017,
DLHC,2025-09-30,2025,1362000,14458000.0,0.09420390095448887,0.5135022561610552,-81.6546276429713,
DLR,2024-12-31,2024,574466000,331547000.0,1.7326834506118287,3.005270735929335,-42.34517942437481,
DLTH,2024-01-31,2023,-9923000,32955000.0,-0.30110757093005613,0.0701348512982862,-529.3265977701074,
DLTR,2025-01-31,2024,-3030100000,215900000.0,-14.034738304770727,-4.54024556616644,209.11848489774468,
DLX,2024-12-31,2024,52802000,44727000.0,1.1805397187381224,0.5957621513126383,98.15621320304552,98.15621320304552
DM,2023-12-31,2023,-323271000,32219600000.0,-0.010033364784168643,-23.516614414088185,-99.95733499470843,
DMAC,2024-12-31,2024,-24444000,40404681.0,-0.6049794082027278,-0.5951166778432082,1.6572767537390343,
DMLP,2024-12-31,2024,92449000,41811000.0,2.2111166917796754,2.9424490111646855,-24.854545197217636,
DMRC,2024-12-31,2024,-39010000,21261000.0,-1.8348149193358732,-2.2615392185808485,-18.86875521498812,
DMTK,2023-12-31,2023,-100888000,32641376.0,-3.0908010740723677,-3.8843889363809176,-20.430185424427016,
DMYS,2022-12-31,2022,22196781,30187500.0,0.7352970931677019,,,
DMYY,2024-12-31,2024,-819410,3950962.0,-0.207395059734819,0.2907967716410825,-171.31958809735258,
DNAY,2023-12-31,2023,-49024000,1659651.0,-29.538740373729176,-29.588630679608805,-0.16861309473847896,
DNB,2024-12-31,2024,-28600000,432400000.0,-0.06614246068455135,-0.1091753774680604,-39.41632058574606,
DNLI,2024-12-31,2024,-422773000,164473772.0,-2.570458467992088,-1.0571671523699813,143.1458887300439,
DNMR,2022-12-31,2022,-179758000,2527384.0,-71.12413467838682,-25.83080856915705,175.34614136435397,
DNOW,2024-12-31,2024,78000000,107000000.0,0.7289719626168224,2.314814814814815,-68.50841121495328,
DNUT,2024-12-31,2024,3095000,171500000.0,0.0180466472303207,-0.225356380987468,-108.00804803096491,
DO,2023-12-31,2023,-44706000,101842000.0,-0.4389740971308497,-1.0263521643579518,-57.229680768934145,
DOC,2023-12-31,2023,41876000,249344713.0,0.167944206621297,0.43556561021577184,-61.44227122565984,
DOCN,2020-12-31,2020,-43568000,49432000.0,-0.8813723903544263,,,
DOCS,2025-03-31,2024,223185000,201208000.0,1.1092252793129498,0.717343754556855,54.62953044014203,54.62953044014203
DOCU,2025-01-31,2024,1067885000,210339000.0,5.076970984933845,0.3540559942569993,1333.9457789969274,1333.9457789969274
DOLE,2024-12-31,2024,125513000,95471000.0,1.3146714709178704,1.304306230156227,0.7946938013477123,0.7946938013477123
DOMA,2022-12-31,2022,-302209000,13041708.0,-23.172501638589058,-15.954757221843465,45.2388232323828,
DOMH,2023-12-31,2023,-22882000,5229477.0,-4.375580961537836,-4.914816533325834,-10.971631761462719,
DOMO,2025-01-31,2024,-81935000,38501000.0,-2.128126542167736,-2.09622746185853,1.521737544690116,
DOOR,2023-12-31,2023,118227000,22345480.0,5.290868667846921,9.407545472130487,-43.759308062651115,
DORM,2024-12-31,2024,190004000,30956000.0,6.1378731102209585,4.099165953128469,49.73468213787626,49.73468213787626
DOUG,2024-12-31,2024,-76316000,83502500.0,-0.913936708481782,-0.5173683202970952,76.65107673329517,
DOV,2024-12-31,2024,2697126000,138696000.0,19.446314241218204,7.516611071202498,158.71119387459817,158.71119387459817
DOW,2024-12-31,2024,1116000000,705100000.0,1.5827542192596795,0.8307475317348378,90.52168785316006,90.52168785316006
DOX,2024-09-30,2024,493197000,115489000.0,4.27051061140022,4.548206655226944,-6.105616232445965,
DOYU,2022-12-31,2022,-11207943,31971245.0,-0.35056323267986594,-2.7710496564159803,-87.34908153420544,
DPZ,2024-12-31,2024,584170000,34991484.0,16.694633471389782,14.663806396107399,13.849249099616312,13.849249099616312
DQ,2021-12-31,2021,748924000,383766406.0,1.9515100547909865,,,
DRE,2021-12-31,2021,852895000,384624000.0,2.2174773285078415,0.8015774169063171,176.63919688084292,176.63919688084292
DRH,2021-12-31,2021,-204401000,212056923.0,-0.9638968495265774,-1.971902505371615,-51.118432736869714,
DRI,2023-05-31,2023,981900000,122900000.0,7.9894222945484135,7.229135053110774,10.516987659685228,10.516987659685228
DRIO,2024-12-31,2024,-40982000,2451971.0,-16.713900776151103,-44.08098391149239,-62.08364856440147,
DRNA,2020-12-31,2020,-112747000,74523319.0,-1.5129089996649236,,,
DRQ,2024-12-31,2024,140325000,50627004.0,2.771742131926274,2.1444608824297275,29.251233008541575,29.251233008541575
DRRX,2024-12-31,2024,-8324000,30940000.0,-0.26903684550743373,-1.0416289592760182,-74.17152786396922,
DRS,2024-12-31,2024,213000000,267700000.0,0.7956667911841614,0.6363636363636364,25.03335290036821,25.03335290036821
DRTS,2024-12-31,2024,-31750000,69927566.0,-0.454041257492074,-0.4202633800418525,8.037311613221632,
DRTT,2024-12-31,2024,14770000,240239.0,61.48044239278385,-125.57799113101132,-148.95797570821415,
DRVN,2024-12-31,2024,-292496000,160319000.0,-1.824462477934618,-4.60088810933997,-60.34542821785009,
DS,2021-12-31,2021,-36949000,924156.0,-39.98134514086367,-92.22036757709724,-56.64586230645977,
DSAQ,2023-12-31,2023,-269906,15207864.0,-0.01774779153732569,0.5034308695652174,-103.5253681508751,
DSGN,2023-12-31,2023,-66862000,55984670.0,-1.1942912229365645,-1.1364355011550775,5.090981557922314,
DSKE,2023-12-31,2023,-27000000,47608158.0,-0.5671296923523065,0.7031848521910181,-180.65157982075635,
DSP,2024-12-31,2024,2362000,20466000.0,0.11541092543731066,-0.07320547712195952,-257.65340241555606,
DSX,2021-12-31,2021,51625000,84856840.0,0.6083775921893863,-1.6247994220252528,-137.44324277461067,
DT,2025-03-31,2024,483684000,303602000.0,1.5931515602664015,0.5166800320769848,208.34393848396752,208.34393848396752
DTC,2021-12-31,2021,10691000,1575275.0,6.786751519575947,0.0,inf,
DTE,2024-12-31,2024,1404000000,207000000.0,6.782608695652174,6.781553398058253,0.015561295944710452,0.015561295944710452
DTEA,2022-01-31,2021,78127000,26168848.0,2.985496342827166,-2.089551235137277,-242.87739360605,
DTIL,2024-12-31,2024,7167000,6883911.0,1.0411232800656487,-15.96264908282256,-106.52224624286207,
DTOC,2022-12-31,2022,10532439,41644999.0,0.2529100552985966,0.23993715065396282,5.406792824402307,5.406792824402307
DTSS,2025-06-30,2025,-5085262,6610842.0,-0.7692306063282105,-4.697556137149572,-83.62487676847708,
DUK,2024-12-31,2024,4402000000,772000000.0,5.7020725388601035,3.5473411154345005,60.74215456896308,60.74215456896308
DUNE,2023-12-31,2023,-300176,4470700.0,-0.06714295300512224,0.5039114895190756,-113.32435445542276,
DUOL,2024-12-31,2024,88574000,48800000.0,1.8150409836065573,0.3292418032786885,451.2790191074874,451.2790191074874
DV,2024-12-31,2024,56231000,175076000.0,0.32118051589024194,0.4120621558508952,-22.055323127887238,
DVA,2024-12-31,2024,936342000,87274000.0,10.728762288883287,7.4213367388551434,44.56643952984627,44.56643952984627
DVAX,2024-12-31,2024,27309000,133344000.0,0.20480111591072714,-0.049629854038979904,-512.6570989910101,
DVN,2024-12-31,2024,2891000000,634000000.0,4.55993690851735,5.836448598130841,-21.87137722796534,
DWACU,2023-12-31,2023,-21890641,87500000.0,-0.2501787542857143,-0.520953419930063,-51.976751718167,
DWSN,2024-12-31,2024,-4119000,30879855.0,-0.13338793203530264,-0.45405857606079236,-70.62318848979436,
DX,2024-12-31,2024,106204000,71260358.0,1.490365793559443,-0.252219224483539,-690.9009500014188,
DXC,2025-03-31,2024,389000000,184920000.0,2.1036123729180187,0.4577925344602073,359.5121620754327,359.5121620754327
DXCM,2024-12-31,2024,576200000,412700000.0,1.396171553186334,1.27262044653349,9.708401824706382,9.708401824706382
DXLG,2025-01-31,2024,3055000,59590000.0,0.05126699110589025,0.43315449809501594,-88.16427133243242,
DXPE,2024-12-31,2024,70399000,16701000.0,4.2152565714627865,3.8804065499717675,8.62925101220271,8.62925101220271
DXYN,2024-12-31,2024,-13000000,14676000.0,-0.8857999454892341,-0.18520032706459524,378.29286239882276,
DY,2025-01-31,2024,233413000,29481791.0,7.9171920050583084,7.371411343292347,7.404018529811096,7.404018529811096
DYN,2024-12-31,2024,-317418000,51976343.0,-6.106970627002365,-4.539315126498992,34.53506656437948,
DYNS,2024-12-31,2024,-52790000,4595946.0,-11.486209803161309,-1.6014072587708756,617.2572585925014,
DYNT,2025-06-30,2025,-11603832,8129265.0,-1.4274146555684923,-1.002041731280574,42.45061967073034,
DZSI,2023-12-31,2023,-135218000,31546000.0,-4.2863754517212955,-1.4694676873776038,191.69579491541694,
EA,2025-03-31,2024,1121000000,264000000.0,4.246212121212121,4.680147058823529,-9.271822704658517,
EACO,2025-08-31,2025,32218000,4901590.0,6.572969179388729,3.034729546942931,116.59159663865543,116.59159663865543
EAF,2024-12-31,2024,-131165000,25766713.0,-5.090482437554219,-9.93025131530604,-48.73762731756869,
EAI,2020-12-31,2020,1388334000,201873024.0,6.877263601104029,,,
EAR,2022-12-31,2022,-157487000,3968432.0,-39.68494357469147,-399.8641383558206,-90.0753931728237,
EAST,2021-12-31,2021,-4511000,501350.0,-8.997706193278148,-19.66689937169642,-54.24949290060852,
EAT,2025-06-30,2025,383100000,46100000.0,8.310195227765727,3.3982494529540483,144.54341397868237,144.54341397868237
EB,2024-12-31,2024,-15571000,93029000.0,-0.16737791441378494,-0.2640006380921046,-36.59942808343134,
EBAY,2024-12-31,2024,1975000000,501000000.0,3.942115768463074,5.191369606003752,-24.064051153204968,
EBF,2025-02-28,2024,40222000,26159008.0,1.5375965327125554,1.6421308865864541,-6.365774782496015,
EBIX,2022-12-31,2022,64645000,30761000.0,2.1015246578459736,2.221035145435002,-5.380846306491993,
EBS,2024-12-31,2024,-190600000,53000000.0,-3.5962264150943395,-14.853515625,-75.78871894111371,
ECHO,2020-12-31,2020,15833000,26400000.0,0.5997348484848485,,,
ECL,2024-12-31,2024,2112400000,286600000.0,7.3705512909979065,4.789877835951135,53.87764664219923,53.87764664219923
ECOM,2021-12-31,2021,47215000,31506080.0,1.4985996353719664,0.6267633232819252,139.10136086534845,139.10136086534845
ECOR,2024-12-31,2024,-11886000,7483000.0,-1.588400374181478,-3415.049864007253,-99.95348822308797,
ED,2023-12-31,2023,1606000000,349300000.0,4.597766962496421,4.687941259531206,-1.9235372638564563,
EDHL,2024-12-31,2024,379430,165488.0,2.2927946437203905,5.864935081393802,-60.90673448382812,
EDIT,2024-12-31,2024,-237093000,82338220.0,-2.879501159971639,-2.016951533860055,42.76501500563232,
EDNT,2021-12-31,2021,-713172942,466201.0,-1529.7542090214306,-11.05410756304684,13738.785268702279,
EDR,2024-12-31,2024,-782414000,300640142.0,-2.6024934487956703,1.1858562786336098,-319.46111815458494,
EDSA,2024-12-31,2024,-7787298,3234351.0,-2.4076848802124444,-3.4354643201445696,-29.916754888284636,
EEFT,2023-02-28,2022,230994000,53463308.0,4.320608070117921,-0.06311546983562404,-6945.561130053185,
EEX,2024-12-31,2024,-10500000,156592000.0,-0.06705323388167977,-0.7848778123485358,-91.456857000322,
EFC,2020-12-31,2020,17245000,43486336.0,0.3965613474540601,,,
EFOI,2024-12-31,2024,-1582000,4947000.0,-0.31978977157873456,-1.324591175563098,-75.85747380184769,
EFTR,2023-12-31,2023,-35811000,2186954.0,-16.37483001471453,-13.75979698759706,19.00488088214263,
EFTY,2024-12-31,2024,852499,18500000.0,0.04608102702702703,,,
EFX,2024-12-31,2024,604100000,124900000.0,4.8366693354683745,4.401129943502825,9.896081178164607,9.896081178164607
EG,2024-12-31,2024,1374000000,42700000.0,32.177985948477755,60.96852300242131,-47.22196903605516,
EGAN,2024-06-30,2024,7780000,31468000.0,0.2472352866403966,0.06430074087624622,284.4983483413166,284.4983483413166
EGGF,2024-12-31,2024,-25565000,23809490.0,-1.073731524698765,,,
EGHT,2025-03-31,2024,-27212000,129767000.0,-0.20969892191389183,-0.5581226363681403,-62.427805602284614,
EGP,2024-12-31,2024,227751000,48911000.0,4.656437202265339,4.422823233548786,5.282010073215293,5.282010073215293
EGRX,2022-12-31,2022,35642000,13065494.0,2.7279489011284226,-0.6610173322621589,-512.6894663703796,
EGY,2024-12-31,2024,58490000,103747000.0,0.563775338082065,0.5664117122612735,-0.4654519181256589,
EHAB,2024-12-31,2024,-156200000,50200000.0,-3.1115537848605577,-1.6132264529058116,92.87768181930662,
EHC,2024-12-31,2024,737500000,102200000.0,7.216242661448141,5.666337611056268,27.352853938100473,27.352853938100473
EHTH,2024-12-31,2024,-34960000,29335000.0,-1.191750468723368,-2.3741790405482583,-49.80368167818706,
EIGR,2023-12-31,2023,-74963000,1476247.0,-50.77944273553138,-69.81292277771405,-27.263548473376066,
EIX,2022-12-31,2022,612000000,383000000.0,1.597911227154047,1.9973684210526317,-19.999174398084605,
EKSO,2024-12-31,2024,-11330000,1344739.0,-8.425426792857202,-16.43153150133686,-48.72403225364772,
EL,2025-06-30,2025,-1133000000,360100000.0,-3.1463482366009443,1.080931263858093,-391.0775496834925,
ELA,2024-12-31,2024,6757059,26180801.0,0.2580921416422668,0.26632108347484745,-3.0898574477141727,
ELAN,2024-12-31,2024,338000000,497300000.0,0.6796702191835914,-2.500507820434694,-127.18128748205378,
ELDN,2024-12-31,2024,-36184000,48543787.0,-0.7453889001284552,-4.733582496618391,-84.25317609525236,
ELEV,2024-12-31,2024,-44485000,57275454.0,-0.7766852446075766,-1.2513855760343782,-37.93397818529439,
ELF,2025-03-31,2024,112089000,58345174.0,1.921135756660868,2.2091437158017757,-13.03708568531855,
ELMD,2025-06-30,2025,7537000,8914421.0,0.8454839635686939,0.5809634630385968,45.53134876100178,45.53134876100178
ELOX,2023-06-30,2023,-4341000,8458.0,-513.2419011586663,-1255.3795223457082,-59.11659446223394,
ELS,2024-12-31,2024,366998000,196636000.0,1.866382554567831,1.6076989597245035,16.090300567691827,16.090300567691827
ELSE,2024-12-31,2024,446000,3435040.0,0.12983837160557082,0.08080463917811471,60.68182832841173,60.68182832841173
ELVT,2021-12-31,2021,-33598000,34262031.0,-0.9806190415273397,0.4930842845834799,-298.87452757811826,
ELYM,2024-12-31,2024,-73897000,48163301.0,-1.5343009815710098,-1.3013243872392173,17.90303759895382,
ELYS,2022-12-31,2022,-18258218,26942389.0,-0.6776762817877806,-1.0723808303479745,-36.80637861011717,
EMAN,2022-12-31,2022,-1103000,75637340.0,-0.014582744448707477,-0.07114062777572801,-79.50152408736142,
EMBC,2025-09-30,2025,95400000,58915000.0,1.619282016464398,1.3424544799917704,20.62099986245527,20.62099986245527
EME,2024-12-31,2024,1007145000,46808293.0,21.516379586839452,13.30818615944771,61.6777773398113,61.6777773398113
EMKR,2024-09-30,2024,-31238000,9020000.0,-3.4631929046563195,-14.629974762182101,-76.32810062250734,
EML,2021-12-31,2021,9349171,6263089.0,1.4927412016658235,0.8628787420458803,72.99547768746082,72.99547768746082
EMN,2024-12-31,2024,905000000,117900000.0,7.6759966072943175,7.4874371859296485,2.51834394976973,2.51834394976973
EMR,2025-09-30,2025,2293000000,566700000.0,4.046232574554438,3.4285714285714284,18.01511675783778,18.01511675783778
ENB,2024-12-31,2024,3688022041,2158000000.0,1.7090000189990733,2.1014377322643343,-18.67472479626616,
ENDP,2023-12-31,2023,-2449807000,233681000.0,-10.483552364120317,-12.508954514915633,-16.191618159457157,
ENER,2022-12-31,2022,1043369,25995000.0,0.04013729563377572,,,
ENFN,2024-12-31,2024,2823000,129550000.0,0.02179081435739097,0.046550618485810755,-53.18899068111609,
ENG,2023-12-31,2023,-15153000,5103750.0,-2.9689933872152827,-3.8792069353867107,-23.46390804440781,
ENLC,2023-12-31,2023,206200000,466000000.0,0.4424892703862661,0.7444879456006593,-40.56461585428869,
ENLV,2024-12-31,2024,-15014000,1368283.0,-10.97287622516687,-23.46240832726621,-53.23209760860297,
ENO,2021-12-31,2021,1118492000,201873024.0,5.540571879480044,6.877263601104029,-19.43638922622366,
ENPH,2024-12-31,2024,102658000,140004000.0,0.7332504785577555,3.063270291018215,-76.06314791392349,
ENR,2025-09-30,2025,239000000,72000000.0,3.3194444444444446,0.5240715268225584,533.3953047535725,533.3953047535725
ENS,2025-03-31,2024,363735000,40438579.0,8.994752263673755,6.5043906256197666,38.28739356835131,38.28739356835131
ENSC,2024-12-31,2024,-7987225,697686.0,-11.448165793781156,-70.3648758716137,-83.73028353710275,
ENSG,2024-12-31,2024,297973000,58240000.0,5.1162946428571425,3.652966523036129,40.05862387714363,40.05862387714363
ENSV,2022-12-31,2022,-5575000,11579000.0,-0.4814750842041627,-0.7401415571284126,-34.94824340465617,
ENTA,2025-09-30,2025,-81889000,21336.0,-3838.067116610424,-5484.9458807959545,-30.025433249061372,
ENTG,2024-12-31,2024,292800000,151840000.0,1.928345626975764,1.1971247805492067,61.08142261419849,61.08142261419849
ENTX,2024-12-31,2024,-9541000,37650179.0,-0.2534118098083943,-0.3064348843624579,-17.303210978860605,
ENV,2023-12-31,2023,-238724000,54457365.0,-4.383686210304153,-1.4239263574329777,207.85905376503905,
ENVA,2024-12-31,2024,209448000,28202000.0,7.42670732572158,5.48607499765045,35.37378415173424,35.37378415173424
ENVI,2022-12-31,2022,-167055000,25875000.0,-6.456231884057971,-4.34048309178744,48.7445463449381,
ENVX,2024-12-31,2024,-222241000,200051052.0,-1.110921426196749,-1.1737706371321392,-5.354471218410184,
ENZ,2024-07-31,2024,-26078000,50902.0,-512.317787120349,412.693246541904,-224.14009471035268,
ENZN,2024-12-31,2024,-497000,74215000.0,-0.006696759415212558,1.3204877720137438e-06,-507242.85714285716,
EOG,2022-12-31,2022,7759000000,584000000.0,13.28595890410959,7.986301369863014,66.35934819897085,66.35934819897085
EOLS,2024-12-31,2024,-50420000,62016853.0,-0.8130048133851616,-1.0837383362848227,-24.98144744309463,
EOSS,2023-12-31,2023,-627154,219639094.0,-0.002855384205873659,-0.010258257463677157,-72.16501714853506,
EP,2021-12-31,2021,-18614962,14630168.0,-1.2723683008971598,,,
EPAC,2022-08-31,2022,15686000,59909000.0,0.26183044283830476,0.6275256270806553,-58.27573703142932,
EPAM,2024-12-31,2024,454533000,57983000.0,7.83907352154942,7.059033595667259,11.050236768400401,11.050236768400401
EPAY,2021-06-30,2021,-16288000,42793000.0,-0.380622999088636,,,
EPC,2025-09-30,2025,25400000,47600000.0,0.5336134453781513,1.968063872255489,-72.88637564559292,
EPD,2024-12-31,2024,5897000000,2192000000.0,2.690237226277372,2.5200546946216957,6.75312849434897,6.75312849434897
EPM,2024-06-30,2024,4080000,32901000.0,0.12400838880277196,1.0610726122326002,-88.31292153118096,
EPR,2024-12-31,2024,121922000,75999000.0,1.60425795076251,1.966598428316714,-18.424731370519034,
EPRT,2024-12-31,2024,203004000,177115170.0,1.1461694670196798,1.2422140238092747,-7.731723756834774,
EPSM,2024-12-31,2024,0,12000534.0,0.0,0.0,,
EPZM,2021-12-31,2021,-251122000,102513000.0,-2.449660043116483,-2.2949088748019015,6.74323804373016,
EQ,2024-12-31,2024,-8067000,35357641.0,-0.22815436131612965,-0.38400197383061824,-40.58510714406701,
EQC,2023-12-31,2023,83176000,110185000.0,0.7548758905477152,0.2594726346111234,190.92697643397426,190.92697643397426
EQH,2024-12-31,2024,1200000000,324800000.0,3.6945812807881775,3.4215017064846416,7.981278331265429,7.981278331265429
EQIX,2024-12-31,2024,813000000,95827000.0,8.484038945182464,10.30752374772628,-17.690813498693668,
EQR,2024-12-31,2024,1032774000,390740000.0,2.6431233044991553,2.129328186197387,24.129447101309353,24.129447101309353
EQRX,2022-12-31,2022,-169089000,474295855.0,-0.3565053293581914,-0.2050907200217393,73.82811339313761,
EQT,2024-12-31,2024,230577000,514593000.0,0.44807644099317323,4.199252705554373,-89.32961475739481,
ERAS,2024-12-31,2024,-161650000,233817916.0,-0.691349930601554,-0.8325865099411995,-16.963592089622036,
ERII,2024-12-31,2024,23050000,57822000.0,0.39863719691466915,0.3724281260824385,7.03735002721817,7.03735002721817
ERNA,2024-12-31,2024,-44555000,36410.0,-1223.7022795935184,-1529.4117647058824,-19.98869710350073,
ES,2024-12-31,2024,811653000,357779408.0,2.2685850047580156,-1.264119002854904,-279.45976602160175,
ESAB,2024-12-31,2024,264842000,61102063.0,4.334419936033911,3.3844279155349932,28.06950079032038,28.06950079032038
ESAC,2022-12-31,2022,-14334250,34500000.0,-0.4154855072463768,,,
ESBA,2024-12-31,2024,76154000,266073000.0,0.2862146854434685,0.3011880198291446,-4.971424293094406,
ESCA,2024-12-31,2024,12986000,14041000.0,0.924862901502742,0.7069188722669736,30.83013310096778,30.83013310096778
ESE,2025-09-30,2025,299223000,25910000.0,11.548552682362022,,,
ESHA,2023-12-31,2023,1946899,14662500.0,0.13278083546462063,,,
ESI,2024-12-31,2024,244200000,242600000.0,1.0065952184666116,0.48842018196856907,106.09206081729607,106.09206081729607
ESLT,2020-12-31,2020,237658000,44215000.0,5.375053714802669,,,
ESMT,2022-12-31,2022,20593000,169170991.0,0.12172890800172709,-0.059132201794294605,-305.858913262168,
ESOA,2024-12-31,2024,25958743,16615169.0,1.562352029040451,0.5670131628189676,175.54069843335697,175.54069843335697
ESP,2024-06-30,2024,5815140,2536967.0,2.2921622551653216,1.488104892886165,54.032304182515986,54.032304182515986
ESPR,2024-12-31,2024,-51745000,187181856.0,-0.2764423919378169,-2.0294333003810348,-86.37834552700433,
ESRT,2024-12-31,2024,47441000,269019000.0,0.17634813897903123,0.18463067465262223,-4.486001954536734,
ESS,2024-12-31,2024,767936000,64251234.0,11.952081729667636,6.53831700851247,82.80058483103207,82.80058483103207
ESTA,2024-12-31,2024,-84596000,28161761.0,-3.0039314657915037,-3.066480901252104,-2.0397790651512038,
ESTC,2025-04-30,2025,-108114000,103661704.0,-1.0429502490138498,0.5935749341037574,-275.70658548589273,
ESTE,2023-03-31,2022,60548000,29677795.0,2.04017852404466,-1.1280487650784028,-280.8590716291296,
ET,2022-12-31,2022,4756000000,2739600000.0,1.736019856913418,1.8904219594101328,-8.167599922765012,
ETD,2023-06-30,2023,105807000,25604000.0,4.13244024371192,4.04670480369877,2.1186482378152682,2.1186482378152682
ETM,2023-12-31,2023,-1136871000,4706015.0,-241.57827801228854,-30.436423227497176,693.7144131772995,
ETN,2024-12-31,2024,3794000000,399400000.0,9.499248873309964,8.022936923460483,18.40114117727245,18.40114117727245
ETNB,2024-12-31,2024,-367079000,104714613.0,-3.5055183749759933,-1.9977977563641875,75.46913163801534,
ETR,2024-12-31,2024,1055590000,431581696.0,2.4458636911237313,5.548015094608281,-55.9146172204778,
ETRN,2023-12-31,2023,386717000,436132000.0,0.886697146735392,-0.756572768327945,-217.19918874360582,
ETSY,2024-12-31,2024,303281000,131721000.0,2.302449875114826,2.1946349065484174,4.912660791310075,4.912660791310075
ETWO,2022-02-28,2021,-165776000,245454000.0,-0.6753852045597138,,,
EU,2024-12-31,2024,-61392000,181982829.0,-0.33735050904170744,-0.17780019813291534,89.73573290931856,
EVA,2023-12-31,2023,-685667811,71236000.0,-9.625299160536807,-2.5903564211605743,271.5820372018273,
EVBG,2023-12-31,2023,-47305000,43622341.0,-1.0844213977420423,-1.342021894389366,-19.194954845690848,
EVC,2024-12-31,2024,-148908000,89876538.0,-1.65680613999618,-0.1756161508065954,843.4246977778296,
EVCM,2024-12-31,2024,-41089000,184897709.0,-0.22222557662950815,-0.2414537288595934,-7.963493593949222,
EVER,2024-12-31,2024,32169000,36646000.0,0.87783114118867,-1537.8410794602698,-100.057082045272,
EVFM,2022-12-31,2022,-78014000,465967.0,-167.4238733644228,-24.70299724126168,577.7472050426858,
EVGO,2021-12-31,2021,-5906000,264536770.0,-0.022325818826622854,0.0,-inf,
EVH,2024-12-31,2024,-93454000,114682000.0,-0.814896845189306,-1.278730078830752,-36.27295872054302,
EVI,2025-06-30,2025,7498000,13159.0,569.8001367885098,427.1448025419882,33.39741778374996,33.39741778374996
EVK,2021-12-31,2021,-92000,14811020.0,-0.006211591099060024,0.22152017137016575,-102.8040747082487,
EVLO,2022-12-31,2022,-114527000,4358434.0,-26.27709860927113,-61.89385803157106,-57.544901150179385,
EVLV,2024-12-31,2024,-54017000,156573886.0,-0.3449936728274088,-0.7123104500120854,-51.56695050289443,
EVOP,2022-12-31,2022,-5245000,47979393.0,-0.109317764816241,-0.0260869378016909,319.0517325078885,
EVR,2024-12-31,2024,378279000,41646000.0,9.083201267828843,6.371206264495374,42.56642919326785,42.56642919326785
EVRG,2024-12-31,2024,873600000,230600000.0,3.7883781439722464,3.172234273318872,19.423025463020082,19.423025463020082
EVRI,2020-12-31,2020,-81680000,85379000.0,-0.956675529111374,,,
EVTC,2024-12-31,2024,112620000,65077535.0,1.7305511033876744,1.211316984418451,42.86525539130501,42.86525539130501
EW,2024-12-31,2024,4174600000,599300000.0,6.965793425663274,2.3012799474893337,202.69213588128915,202.69213588128915
EWCZ,2024-12-31,2024,10462000,46874356.0,0.22319239969931534,0.17552160103448045,27.15950537362646,27.15950537362646
EWTX,2024-12-31,2024,-133813000,92414626.0,-1.4479634424966454,-1.5718352384359955,-7.880711216437975,
EXAS,2024-12-31,2024,-1028857000,184197000.0,-5.5856338594005335,-1.133254507505107,392.884327607703,
EXC,2023-12-31,2023,2328000000,997000000.0,2.3350050150451356,2.2142857142857144,5.45183938913516,5.45183938913516
EXDW,2024-12-31,2024,397188,32700000.0,0.012146422018348623,-0.025372874617737004,-147.87168265852551,
EXE,2024-12-31,2024,-714000000,156989000.0,-4.548089356579124,16.91892345568487,-126.88167109740624,
EXEL,2024-12-31,2024,521267000,296132000.0,1.7602521848364918,0.6463087624119652,172.35468358302793,172.35468358302793
EXFY,2024-12-31,2024,-10055000,82469190.0,-0.12192432107069319,-0.5026846995829594,-75.74536858355847,
EXLS,2024-12-31,2024,198297000,164321656.0,1.2067612074211327,1.0975053242162256,9.954929674981884,9.954929674981884
EXOD,2024-12-31,2024,112958000,32063000.0,3.52300159061847,,,
EXP,2025-03-31,2024,463416000,33646395.0,13.773124877122795,13.60877416182879,1.2076819950101791,1.2076819950101791
EXPD,2024-12-31,2024,810073000,141722000.0,5.7159297780161165,5.013003875194759,14.022049859158514,14.022049859158514
EXPE,2024-12-31,2024,1234000000,137919000.0,8.947280650236733,5.305269323960912,68.64894322757391,68.64894322757391
EXPI,2022-12-31,2022,15442000,156220165.0,0.09884767437033497,,,
EXPR,2022-01-31,2021,-14436000,3231200.0,-4.467690022282743,-125.47938846249072,-96.43950287212448,
EXR,2024-12-31,2024,854681000,211577680.0,4.039561261849548,4.7464473090265535,-14.892950477564249,
EXTN,2021-12-31,2021,-112708000,33041000.0,-3.4111558366877515,-3.092854961832061,10.291490509052004,
EXTR,2025-06-30,2025,-7467000,132331000.0,-0.05642668762421504,-0.6649031619330487,-91.51354800898108,
EYE,2024-12-31,2024,-28499000,78592000.0,-0.3626196050488599,-0.8384777851290142,-56.75262821744709,
EYEN,2023-12-31,2023,-27261096,512912.0,-53.149655301494214,-66.59460750983068,-20.189250618155118,
EYES,2024-12-31,2024,-23486000,54981.0,-427.16574816754877,-504.4343499891845,-15.317870764211927,
EYPT,2024-12-31,2024,-130870000,56298.0,-2324.594124125191,-1.8197357598190418,127643.49855917285,
EZOO,2022-12-31,2022,-1253608,119956826.0,-0.010450493246628582,0.002122763735012462,-592.306000628338,
EZPW,2025-09-30,2025,109613000,83383000.0,1.3145725147811904,0.983978306176582,33.59771313345203,33.59771313345203
F,2024-12-31,2024,5879000000,4021000000.0,1.4620741109176822,1.0757238307349666,35.91537801284459,35.91537801284459
FA,2024-12-31,2024,-110273000,148582226.0,-0.7421681783122566,0.25503655653912827,-391.0046263106566,
FACT-UN,2021-12-31,2021,5128650,37268835.0,0.13761229724513793,,,
FANG,2024-12-31,2024,3338000000,213545000.0,15.631365754290664,17.461208117822878,-10.479471701986476,
FARM,2025-06-30,2025,-14516000,21394543.0,-0.6784907721562456,-0.18564416320857502,265.47918363258606,
FARO,2024-12-31,2024,-9066000,19151551.0,-0.473382025299152,-2.9906789264574307,-84.17141936864849,
FAST,2024-12-31,2024,1150600000,1148600000.0,1.0017412502176564,1.0078534031413613,-0.6064525758065709,
FAT,2024-12-31,2024,-182068000,17041888.0,-10.68355806586688,-2.790692238962077,282.82824299681073,
FATE,2024-12-31,2024,-186262000,113685177.0,-1.6384018120497803,-1.6352616586317719,0.19202758172878198,
FBHS,2024-12-31,2024,471900000,125700000.0,3.7541766109785204,3.167580266249021,18.51875234164575,18.51875234164575
FBIO,2023-12-31,2023,-60637000,8110906.0,-7.475983570762625,-14.611895728701949,-48.836320012346846,
FBRT,2020-12-31,2020,54746000,44398879.0,1.233049149731911,,,
FBRX,2024-12-31,2024,-35478000,1514511.0,-23.425382846344462,-20.782945782500093,12.714449104079307,
FC,2025-08-31,2025,3068000,13053000.0,0.2350417528537501,1.73708432304038,-86.4691800083509,
FCEL,2024-10-31,2024,-129209000,16505257.0,-7.828354323716377,-0.00792467857608184,98684.5027222153,
FCFS,2024-12-31,2024,258815000,45168000.0,5.730052249380092,4.79944411616659,19.389914971169553,19.389914971169553
FCN,2024-12-31,2024,280088000,35845000.0,7.813865253173385,7.711720810189082,1.3245350227065522,1.3245350227065522
FCPT,2024-12-31,2024,100473000,94064498.0,1.068128806683261,1.0742894962071294,-0.573466420887403,
FCUV,2024-12-31,2024,-3200138,167862.0,-19.06410027284317,-31.29011121648418,-39.07308241589161,
FCX,2024-12-31,2024,1889000000,1445000000.0,1.3072664359861592,1.2806652806652807,2.07713566710106,2.07713566710106
FDMT,2024-12-31,2024,-160868000,53943741.0,-2.982143933992268,-2.576969776208152,15.722891340243205,
FDOC,2024-12-31,2024,-842000,9157398.0,-0.09194751609572938,-0.12044779614240465,-23.66193567624897,
FDP,2024-12-31,2024,142200000,48040005.0,2.9600329974986472,-0.23760324355939413,-1345.7881269447914,
FDS,2025-08-31,2025,597040000,38385000.0,15.55399244496548,13.908695427002952,11.829269154663336,11.829269154663336
FDUS,2024-12-31,2024,78292000,32585238.0,2.402683079988552,2.925553310303794,-17.87252443746945,
FDX,2024-05-31,2024,4331000000,311491000.0,13.904093537212953,12.590312152287522,10.434859509712236,10.434859509712236
FE,2022-12-31,2022,406000000,572000000.0,0.7097902097902098,2.3541284403669724,-69.84912982574714,
FEIM,2025-04-30,2025,23686000,9615000.0,2.463442537701508,0.5931336457128122,315.3267236663009,315.3267236663009
FELE,2024-12-31,2024,180309000,46500000.0,3.8776129032258067,4.1209381663113005,-5.904608447529736,
FENC,2024-12-31,2024,-436000,27294000.0,-0.015974206785374076,-0.603785655151652,-97.35432489177607,
FET,2024-12-31,2024,-135326000,12299000.0,-11.003008374664606,-1.8484136310223267,495.2676495130057,
FF,2024-12-31,2024,15503000,43765757.0,0.3542267074233401,0.854159048747137,-58.52918634498896,
FFIE,2024-12-31,2024,-355847000,248296.0,-1433.156393981377,-133749.69021065676,-98.92847871892327,
FFIV,2025-09-30,2025,692380000,58684000.0,11.798445913707313,9.54830775451069,23.565831946856154,23.565831946856154
FG,2024-12-31,2024,622000000,131000000.0,4.748091603053435,-0.46774193548387094,-1115.1092392734931,
FGEN,2024-12-31,2024,-47579000,4001760.0,-11.889518611810804,-73.02755310730399,-83.7191332505133,
FGF,2023-12-31,2023,2059000,79936.0,25.75810648518815,-10.91203437057331,-336.0522851233912,
FGI,2024-12-31,2024,-1201089,1913033.0,-0.6278454161533021,0.3734832417109675,-268.10537824323086,
FGMCU,2023-12-31,2023,-15920362,7349541.0,-2.1661709214221676,-3.854958704186271,-43.808193870667765,
FGNV,2022-12-31,2022,-34112,45621868.0,-0.000747711601813411,,,
FGP,2025-07-31,2025,-15566000,4857600.0,-3.2044631093544136,22.689393939393938,-114.12317630833999,
FHI,2024-12-31,2024,268314000,79430000.0,3.377993201561123,3.565100222982722,-5.248296253087014,
FHTX,2024-12-31,2024,-86620000,54899432.0,-1.577794101767756,-2.344900773527079,-32.71382228278601,
FI,2024-12-31,2024,3131000000,582100000.0,5.378800893317299,4.981328137684689,7.979252613889343,7.979252613889343
FIAC,2023-12-31,2023,23947,5750000.0,0.004164695652173913,2.0052372173913042,-99.79230907864397,
FICO,2025-09-30,2025,651946000,24561000.0,26.54395179349375,20.447824873400055,29.813082603343098,29.813082603343098
FIG,2024-12-31,2024,-732120000,231070000.0,-3.16839053100792,,,
FIGS,2024-12-31,2024,2720000,180102840.0,0.015102482559408836,0.1240975387906227,-87.83015142235033,
FIS,2022-12-31,2022,-16752000000,604000000.0,-27.735099337748345,0.6736672051696284,-4217.03273143075,
FIVE,2025-01-31,2024,253611000,55156342.0,4.598038789446915,5.413470614726263,-15.063013791210567,
FIVN,2024-12-31,2024,-12795000,74503000.0,-0.17173805081674565,-1.1348545414168332,-84.86695479031738,
FIX,2024-12-31,2024,522433000,35775000.0,14.603298392732356,9.009555648419,62.08677722407929,62.08677722407929
FIXX,2024-12-31,2024,-47733000,9657696.0,-4.942483176111569,-0.9292499039376262,431.8787933330066,
FIZZ,2023-04-30,2023,142164000,93608000.0,1.5187163490299975,1.6935223666919519,-10.322037730355593,
FKWL,2024-06-30,2024,-3964016,11784280.0,-0.3363816881472606,,,
FL,2025-01-31,2024,12000000,95500000.0,0.1256544502617801,-3.5031847133757963,-103.58686339838172,
FLDM,2024-12-31,2024,-138885000,353245000.0,-0.3931690469787258,-0.9431025770591208,-58.31110458792872,
FLEX,2025-03-31,2024,838000000,398000000.0,2.1055276381909547,2.2811791383219955,-7.7000309699591485,
FLFV,2024-12-31,2024,2502351,44736947.0,0.05593477355528977,0.052067678541553024,7.427054791103438,7.427054791103438
FLGT,2024-12-31,2024,-42708000,30235000.0,-1.412535141392426,-5.634736771420897,-74.93165699315834,
FLIR,2020-12-31,2020,212584000,132589000.0,1.6033305930356214,,,
FLL,2024-12-31,2024,-40672000,34964595.0,-1.1632338369713706,,,
FLLC,2022-08-31,2022,-263008,86264000.0,-0.003048873226374849,-0.003014061485671891,1.154977788888667,
FLME,2024-12-31,2024,-617278000,67015860.0,-9.21092410065319,,,
FLNC,2025-09-30,2025,-48314000,130307162.0,-0.3707701039486993,0.12343315530616508,-400.3812897993547,
FLNG,2024-12-31,2024,117684000,54028952.0,2.1781655139266816,2.22353372205734,-2.0403651935029354,
FLNT,2021-12-31,2021,-10059000,13332218.0,-0.7544881129306467,0.1664800084062221,-553.200429381074,
FLOC,2024-12-31,2024,80249000,26187264.0,3.064428571079438,,,
FLOW,2021-12-31,2021,66700000,41956000.0,1.5897607016874822,0.1386473657000517,1046.6216423662563,1046.6216423662563
FLR,2024-12-31,2024,2145000000,174000000.0,12.327586206896552,0.8954248366013072,1276.7304304052352,1276.7304304052352
FLS,2024-12-31,2024,282759000,132356000.0,2.1363519598658165,1.4154595963041288,50.92991459763259,50.92991459763259
FLT,2024-12-31,2024,1003746000,71848000.0,13.970409753924953,13.199752644951403,5.83842083789583,5.83842083789583
FLUT,2024-12-31,2024,43000000,180000000.0,0.2388888888888889,-6.903954802259887,-103.46017457719586,
FLWS,2023-06-30,2023,-44702000,64688000.0,-0.6910400692555033,0.4512550101345688,-253.13737326693132,
FLXN,2020-12-31,2020,-113706000,42776000.0,-2.658172807181597,,,
FLXS,2025-06-30,2025,20154000,5678000.0,3.5494892567805567,1.9075919550643232,86.07172500163271,86.07172500163271
FLYW,2024-12-31,2024,2900000,129339462.0,0.022421617928177248,-0.0745982090473119,-130.05650968638798,
FMC,2024-12-31,2024,341100000,125358000.0,2.7210070358493277,10.527112392757283,-74.15238923713405,
FN,2024-06-30,2024,417063000,36564000.0,11.406383327863471,6.72671279337946,69.5684605278498,69.5684605278498
FNA,2024-12-31,2024,-54639000,83311245.0,-0.6558418374374312,-0.7008877094782802,-6.426974168855059,
FNCH,2023-12-31,2023,-74754000,1604549.0,-46.588792240062475,-72.12327250400105,-35.40394019492397,
FND,2024-12-31,2024,205872000,108319000.0,1.9006083881867446,2.2800837952577817,-16.643046534530292,
FNF,2022-12-31,2022,1294000000,287249000.0,4.504802453620378,9.036366061203186,-50.14807475583203,
FNKO,2024-12-31,2024,-14718000,52043000.0,-0.28280460388524875,-3.1879293221881984,-91.12889354488163,
FNMA,2022-12-31,2022,3000000,5893000000.0,0.000509078567792296,3.749872730358052,-99.98642411077925,
FNVT,2024-12-31,2024,-215486,14128388.0,-0.015251987700224541,0.17658836945870965,-108.63702844472485,
FOA,2022-12-31,2022,-190682000,18823651.0,-10.12991581707502,,,
FOCS,2022-12-31,2022,91784000,65810215.0,1.3946771029391105,0.1800413759705388,674.6425483702866,674.6425483702866
FOE,2021-12-31,2021,148831000,83687000.0,1.7784243669865092,0.5155015417228753,244.98914611249782,244.98914611249782
FOLD,2024-12-31,2024,-56106000,304380502.0,-0.18432849552235775,-0.5135576680008436,-64.1075370873335,
FOR,2025-09-30,2025,167900000,51100000.0,3.2857142857142856,4.003937007874016,-17.937912628178122,
FORA,2024-12-31,2024,-3771070,31070548.0,-0.12137120980292977,,,
FORD,2025-09-30,2025,-167003784,6791173.0,-24.591301679400598,-1.7715392949942284,1288.1318776776395,
FORG,2022-12-31,2022,-66272000,84885000.0,-0.7807268657595571,-1.1443629917109865,-31.776292014454377,
FORM,2024-12-31,2024,69614000,78437000.0,0.8875148208116068,1.0540948579178342,-15.80313534924882,
FORR,2024-12-31,2024,-5747000,19094000.0,-0.30098460249292974,0.15837573995222765,-290.04463851832264,
FOSL,2024-12-31,2024,-102671000,52958000.0,-1.9387250273801881,-3.00451380919593,-35.47292006292921,
FOUR,2024-12-31,2024,230000000,89854352.0,2.559697943178089,1.4564335836649118,75.75109307332548,75.75109307332548
FOX,2025-06-30,2025,2263000000,461000000.0,4.908893709327549,3.127083333333333,56.979945401547205,56.979945401547205
FOXF,2024-12-31,2024,6550000,41717000.0,0.15701033151952443,2.847992081447964,-94.48698145818938,
FPAC,2022-09-30,2022,54733678,69750000.0,0.784712229390681,-0.07651869086546392,-1125.5170606229678,
FPAY,2023-12-31,2023,-8337255,16260349.0,-0.5127353047588339,0.4415153936923359,-216.13078775598177,
FPH,2024-12-31,2024,68297000,146944944.0,0.4647795163336821,0.38168242683986636,21.771264184682735,21.771264184682735
FPI,2024-12-31,2024,56428000,55987000.0,1.0078768285494848,0.4766691827351952,111.44157521703941,111.44157521703941
FPRX,2020-12-31,2020,-84328000,36834000.0,-2.2894065265787042,,,
FR,2024-12-31,2024,295244000,132416000.0,2.229670130497825,2.128599602541918,4.7482169890105785,4.7482169890105785
FRD,2023-03-31,2022,21344000,7243080.0,2.946812681897756,2.0386875235251294,44.544597830391,44.544597830391
FREQ,2024-12-31,2024,-83581000,8920561.0,-9.369477995834567,-53.07714992470515,-82.34743574376914,
FREY,2022-12-31,2022,-98791000,118474000.0,-0.8338622820196836,-1.239043031726444,-32.7011039432742,
FRGI,2022-12-31,2022,-14559000,24965505.0,-0.583164650584877,0.4065243034498115,-243.4513621045717,
FRHC,2022-03-31,2021,325123000,59378207.0,5.475460045467523,,,
FRO,2022-12-31,2022,475537000,198965000.0,2.3900535270022365,-0.07519412962078757,-3278.510794732972,
FROG,2024-12-31,2024,-69236000,109691100.0,-0.6311906800095906,-0.5928893599018151,6.460112577179378,
FRPH,2024-12-31,2024,6385000,18970000.0,0.33658408012651553,0.28020293837860694,20.121538365785096,20.121538365785096
FRPT,2024-12-31,2024,46925000,50255000.0,0.9337379365237289,-0.6979216410937857,-233.78836269647277,
FRSGU,2021-12-31,2021,-310323,22243955.0,-0.013950891377005573,,,
FRSX,2021-12-31,2021,-15036000,15305727.0,-0.9823773807020079,-8.805645234728434,-88.84377743464356,
FRT,2024-12-31,2024,287176000,83566000.0,3.4365172438551563,2.8156998265959934,22.04842332251349,22.04842332251349
FRTA,2021-12-31,2021,116317000,69644000.0,1.670165412670151,0.9455425219941349,76.63567463341548,76.63567463341548
FRZA,2023-12-31,2023,-5933113,13365613.0,-0.4439087829342358,-0.4356409990237299,1.8978433914700332,
FSI,2024-12-31,2024,3038529,12680668.0,0.23961900114410375,0.22225640213469477,7.811967998513114,7.811967998513114
FSLR,2024-12-31,2024,1292044000,107525000.0,12.016219483840967,7.737371009201654,55.30106375344674,55.30106375344674
FSLY,2024-12-31,2024,-158058000,138099000.0,-1.1445267525470857,-1.0335326551215345,10.739292742762863,
FSNB,2022-12-31,2022,16567938,62500000.0,0.265087008,0.20745368,27.781299420670692,27.781299420670692
FSP,2024-12-31,2024,-52723000,103510000.0,-0.5093517534537726,-0.46547403659161934,9.426458494536627,
FSR,2023-12-31,2023,-939947000,343978989.0,-2.7325709710717243,-1.8047371072495821,51.41102602118932,
FSRX,2022-12-31,2022,7276795,30800000.0,0.2362595779220779,0.09619327235234063,145.60925327157673,145.60925327157673
FSS,2024-12-31,2024,216300000,61700000.0,3.505672609400324,2.559349593495935,36.97513689842433,36.97513689842433
FSTR,2024-12-31,2024,42946000,11048000.0,3.8872194062273713,0.13315143246930422,2819.3973614392044,2819.3973614392044
FSTX,2021-12-31,2021,-31283000,16647481.0,-1.8791431568535804,-9.692509954883805,-80.61241963536257,
FTAI,2024-12-31,2024,-32079000,101538835.0,-0.3159283834603775,2.1112308645617945,-114.9641798423571,
FTCH,2022-12-31,2022,359287000,472357995.0,0.7606243650009565,3.1046092487542207,-75.50015786024697,
FTCI,2024-12-31,2024,-48606000,12675923.0,-3.8345136681565517,-4.352373488861377,-11.8983313824086,
FTCO,2024-12-31,2024,-2042000,24160948.0,-0.08451655125452859,0.7029959309519768,-112.02233861298154,
FTDR,2024-12-31,2024,235000000,78000000.0,3.0128205128205128,2.1013597033374536,43.37481146304676,43.37481146304676
FTEK,2024-12-31,2024,-1943000,30572000.0,-0.06355488682454534,-0.05067879267167524,25.407263026742655,
FTI,2024-12-31,2024,842900000,440500000.0,1.9135073779795686,0.12425381384037143,1439.9989093597133,1439.9989093597133
FTII,2022-12-31,2022,700015,10109890.0,0.06924061488305017,-3.0255096049568622e-05,-228956.04054804315,
FTK,2024-12-31,2024,10498000,30889000.0,0.3398620868270258,0.8708813475702153,-60.97492640355071,
FTLF,2024-12-31,2024,8984000,9898000.0,0.9076581127500505,539.8572884811417,-99.83187073100306,
FTNT,2024-12-31,2024,1745200000,771900000.0,2.2609146262469233,1.4562293834052271,55.25813803866744,55.25813803866744
FTPAU,2021-12-31,2021,-183703,25690000.0,-0.007150759050214091,,,
FTRE,2024-12-31,2024,-328500000,89500000.0,-3.670391061452514,-0.28378378378378377,1193.3758978451717,
FTV,2024-12-31,2024,832900000,468165600.0,1.779071337150786,1.8347838396613385,-3.0364613697946963,
FUBO,2024-12-31,2024,-172254000,319653763.0,-0.5388768096560778,-1.0404347907981688,-48.20657532581366,
FUL,2024-11-30,2024,130256000,56629000.0,2.300164226809585,2.58954930483577,-11.175113657260049,
FULC,2024-12-31,2024,-9725000,61984.0,-156.8953278265359,-1587.5876692219865,-90.11737550824994,
FUN,2023-12-31,2023,124559000,51645000.0,2.4118307677413107,5.450053101473609,-55.74665562269128,
FUSN,2023-12-31,2023,-94897000,65611923.0,-1.4463377334634744,-2.002626418535618,-27.77795598436772,
FUST,2024-12-31,2024,-90564,13286412.0,-0.006816287196272402,-0.02040323726439007,-66.59212894529772,
FUV,2022-12-31,2022,-62879398,2209897.0,-28.453542404917513,-25.91768731762738,9.784264530290177,
FVAM,2021-12-31,2021,-1036231,10685467.0,-0.09697573348923355,-0.1047145,-7.3903485293502325,
FVE,2021-12-31,2021,-29925000,31591000.0,-0.9472634611123422,-0.2411426392551873,292.82288028286365,
FVRR,2024-12-31,2024,18246000,37840154.0,0.482186198290842,0.09402047408847074,412.8523366486301,412.8523366486301
FWAC,2024-12-31,2024,-5765000,32007271.0,-0.18011532442112918,-1.8968788893831863,-90.50464816550846,
FWAV,2023-12-31,2023,-2785746,390626500.0,-0.00713148237510768,-0.08540304934150643,-91.64961622553946,
FWRD,2023-12-31,2023,167351000,26003000.0,6.435834326808445,6.837755128369437,-5.877964244338719,
FWRG,2024-12-31,2024,18925000,62351222.0,0.3035225195746765,0.4148444330107788,-26.834616684662084,
FXLV,2022-12-31,2022,-178799000,97100453.0,-1.8413817286722647,-3.2139605281823047,-42.70677214216813,
FYBR,2024-12-31,2024,-322000000,248184000.0,-1.2974244915063018,0.11671945874369614,-1211.5751439143594,
G,2024-12-31,2024,513670000,180436900.0,2.846812375960793,3.409575003528511,-16.505359963787992,
GAIA,2024-12-31,2024,-5233000,23335000.0,-0.22425541032783372,-0.2698479140505093,-16.89562948192429,
GAIN,2024-03-31,2023,85305000,34466724.0,2.4749958829855716,1.0670998266829592,131.9366774408544,131.9366774408544
GALT,2024-12-31,2024,-47200000,62309000.0,-0.757514965735287,-0.7447763426918665,1.7103957675909554,
GAMCU,2024-12-31,2024,-65393000,15786762.0,-4.1422680597832535,-6.202458030248911,-33.2157019107307,
GAME,2024-12-31,2024,-48750907,3487248.0,-13.97976484609067,-22.505537457877335,-37.882999362907874,
GAN,2024-12-31,2024,-7959000,45403847.0,-0.1752935164282445,-0.7796182034648692,-77.51546646176489,
GANX,2023-12-31,2023,-22267520,13011361.0,-1.7113905301682122,,,
GATEU,2022-12-31,2022,1230338,11213333.0,0.10972099018195572,-0.02386783661913902,-559.7022844289675,
GATO,2023-12-31,2023,12860000,69536298.0,0.18493938230648976,0.2096263979728237,-11.776673121833825,
GATX,2024-12-31,2024,284200000,35900000.0,7.9164345403899725,7.260504201680672,9.034225729908197,9.034225729908197
GBDC,2021-09-30,2021,340280000,167994042.0,2.0255480250900804,,,
GBIO,2024-12-31,2024,-131668000,6662425.0,-19.762774064998855,-19.634784205328742,0.6518526423905158,
GBL,2021-12-31,2021,73199000,26809000.0,2.7303890484538775,2.199887556221889,24.114936726269676,24.114936726269676
GBT,2021-12-31,2021,-303091000,62925081.0,-4.816696223243638,-4.036143911414147,19.339060473589708,
GBTG,2024-12-31,2024,-138000000,462695229.0,-0.29825248100840046,-0.13753791093339612,116.85110598548478,
GBX,2025-08-31,2025,204100000,32139000.0,6.350539842558885,4.947007384976671,28.37134348827808,28.37134348827808
GCI,2021-12-31,2021,-134962000,239453000.0,-0.563626264861998,-5.089333697681833,-88.9253427198392,
GCMG,2024-12-31,2024,18695000,190590041.0,0.09809012003937813,0.0681520756748612,43.928294286068194,43.928294286068194
GCO,2025-01-31,2024,-18890000,10836000.0,-1.7432631967515688,-1.4966645913012542,16.476544369631462,
GCT,2021-12-31,2021,27757000,10248079.0,2.7085076139635538,,,
GD,2024-12-31,2024,3782000000,277485000.0,13.629565562102457,12.022848853023847,13.363860169251884,13.363860169251884
GDDY,2024-12-31,2024,936900000,145287000.0,6.448615498977885,9.07746348678129,-28.960160419610226,
GDEN,2024-12-31,2024,50731000,29699000.0,1.708171992322974,8.308891848867807,-79.44163886841619,
GDNSF,2024-12-31,2024,-28007509,6007047.0,-4.662442128386877,-5.672900166009527,-17.81201868626281,
GDOT,2024-12-31,2024,-26702000,53527000.0,-0.4988510471350907,0.12801371167396686,-489.6856364930618,
GDP,2020-12-31,2020,-44141000,12233000.0,-3.6083544510749612,,,
GDRX,2024-12-31,2024,16390000,392172000.0,0.04179288679456973,-0.02161266344150226,-293.3722185962323,
GDS,2024-12-31,2024,-108109752,1475079754.0,-0.07329078424867325,-0.3784573574039045,-80.63433493500446,
GDYN,2024-12-31,2024,4041000,79974000.0,0.05052892189961738,-0.023472929661005677,-315.264658606115,
GE,2024-12-31,2024,6555000000,1094000000.0,5.991773308957953,6.671522468005812,-10.188816155647961,
GEF,2024-10-31,2024,268800000,26000000.0,10.338461538461539,6.166523605150215,67.65461709782423,67.65461709782423
GEG,2024-06-30,2024,-1388000,29962000.0,-0.04632534543755423,0.6766813079551001,-106.84596203455766,
GEHC,2024-12-31,2024,115000000,459000000.0,0.25054466230936817,,,
GEL,2024-12-31,2024,-151523000,122464000.0,-1.237286059576692,0.22030440282368302,-661.625661456677,
GEN,2025-03-31,2024,643000000,624000000.0,1.0304487179487178,0.9454828660436138,8.986503611709518,8.986503611709518
GENC,2025-09-30,2025,15661000,14658000.0,1.0684267976531587,0.993177786874062,7.576590190960286,7.576590190960286
GENI,2024-12-31,2024,-63040000,211009169.0,-0.2987547901295228,-0.41098013770578196,-27.306757013303784,
GENK,2024-12-31,2024,592000,4668000.0,0.1268209083119109,1.9858256555634302,-93.61369373204475,
GEO,2024-12-31,2024,31966000,134064000.0,0.23843835779926006,0.8676373102232857,-72.51866016021162,
GEOS,2025-09-30,2025,-9724000,12793075.0,-0.7600987252869228,-0.5001672800267648,51.96890233328511,
GERN,2024-12-31,2024,-174572000,646033247.0,-0.27022138691880665,-0.3226644749728599,-16.253133555674005,
GES,2025-01-31,2024,60423000,68594000.0,0.8808787940636207,2.8402596658163994,-68.98597671665974,
GETR,2023-12-31,2023,-113946000,92685.0,-1229.389868910827,-4998.346925281023,-75.40407084004664,
GETY,2024-12-31,2024,39533000,414870801.0,0.09528990689320649,0.04699692298831559,102.75775696399853,102.75775696399853
GEVO,2024-12-31,2024,-78640000,231674716.0,-0.33944144340722965,-0.27741279469202135,22.35969281232013,
GFF,2025-09-30,2025,51110000,46685000.0,1.094784191924601,4.226000644278006,-74.09408364840321,
GFOR,2023-12-31,2023,-82954000,15426908.0,-5.377227892977647,-1.2471637094659558,331.1565396077964,
GFX,2022-12-31,2022,13802503,33587108.0,0.41094645600329743,0.4480736695652174,-8.285961903975714,
GGG,2024-12-31,2024,486084000,172405000.0,2.81943099098054,2.9414282312905415,-4.147551145807682,
GGP,2020-12-31,2020,-711461000,781030000.0,-0.9109265969296954,,,
GH,2024-12-31,2024,-436373000,122745000.0,-3.555118334759053,-4.2812533485730615,-16.960804575044097,
GHC,2024-12-31,2024,724634000,4405000.0,164.50261066969352,44.1100128921358,272.93711763802736,272.93711763802736
GHIX,2023-12-31,2023,-23247227,65625000.0,-0.35424345904761906,-0.251771378380074,40.7004486875602,
GHL,2022-12-31,2022,3274000,18315231.0,0.17875832415108497,1.7266178595422976,-89.64690865652975,
GHM,2025-03-31,2024,12230000,11066000.0,1.1051870594614133,0.4201401696790852,163.0519857945471,163.0519857945471
GIA,2024-12-31,2024,-14171000,6658444.0,-2.1282750144027642,-1.8463272932797867,15.270733534038271,
GIDYL,2020-12-31,2020,-11136000,58858758.0,-0.18919869155241095,,,
GIFI,2024-12-31,2024,14741000,16755000.0,0.8797970754998508,-1.5069474464274686,-158.38273110224196,
GIG,2023-12-31,2023,-60366000,149234917.0,-0.40450319009458086,-0.9528226327020123,-57.54685329550877,
GIII,2025-01-31,2024,193566000,46116000.0,4.197371844912828,3.748255319148936,11.982015298410008,11.982015298410008
GILD,2024-12-31,2024,480000000,1255000000.0,0.38247011952191234,4.502384737678855,-91.5051657775677,
GIS,2025-05-31,2025,2295200000,557500000.0,4.11695067264574,4.308196721311475,-4.4391206121041975,
GKOS,2024-12-31,2024,-146372000,52755000.0,-2.7745616529238935,-0.0027803563685916627,99691.58370728194,
GLBE,2024-12-31,2024,-75548000,167323350.0,-0.4515090093522512,-0.8141272745755016,-44.54073417603226,
GLDD,2024-12-31,2024,57265000,67847000.0,0.8440314236443763,0.207685529518945,306.39876336082625,306.39876336082625
GLG,2023-12-31,2023,-719789,8523958.0,-0.0844430486400801,0.015446684236136819,-646.6742722851122,
GLGI,2025-05-31,2025,1922297,28559360.0,0.06730882624820725,0.15430990335216171,-56.380747582611754,
GLOG-PA,2020-12-31,2020,-44948000,54718399.0,-0.8214421624433859,,,
GLP,2024-12-31,2024,82774000,34063000.0,2.4300267152041806,3.7588879429292783,-35.352509782175744,
GLPI,2024-12-31,2024,784620000,273534000.0,2.868455109785255,2.7709524402531387,3.5187420800051328,3.5187420800051328
GLRE,2022-12-31,2022,25342000,39769790.0,0.6372173451255337,0.5099999950676983,24.94457868395632,24.94457868395632
GLSI,2022-12-31,2022,-7825237,12913848.0,-0.6059570315524854,-0.35310017649693676,71.61051505669305,
GLT,2024-12-31,2024,-214000000,42841000.0,-4.99521486426554,-1.754472013848817,184.7132826762763,
GLTA,2024-12-31,2024,-73880982,58966238.0,-1.252937011175785,-0.668563988540977,87.40719402343207,
GLTO,2024-12-31,2024,-21439000,1157149.0,-18.52743250869162,-36.0805779817118,-48.64984558151302,
GLUE,2024-12-31,2024,-72700000,73910026.0,-0.9836283916339036,-2.6334630952207467,-62.648863641984995,
GLUU,2020-12-31,2020,20447000,173167000.0,0.11807676982334972,,,
GLW,2024-12-31,2024,506000000,869000000.0,0.5822784810126582,0.6763678696158324,-13.910978452689605,
GLXZ,2024-12-31,2024,-2627110,25715409.0,-0.10216092615909785,-0.07076857158897815,44.35917507625504,
GLYC,2024-12-31,2024,-37879158,64477249.0,-0.5874809888368532,-0.5825384282092589,0.8484522888537738,
GM,2024-12-31,2024,6009000000,1129000000.0,5.322409211691762,7.398100803506209,-28.057087176085872,
GMDA,2023-12-31,2023,-62996000,110049547.0,-0.5724330696245392,-1.2436097066263991,-53.97003846348173,
GME,2025-01-31,2024,131300000,394700000.0,0.3326577147200405,0.021952817824377458,1415.3303661575576,1415.3303661575576
GMED,2024-12-31,2024,102984000,137863000.0,0.7470024589628834,1.071909622262933,-30.311059491576408,
GMFI,2023-12-31,2023,-726042,8306113.0,-0.08741056135402926,0.05215208412225112,-267.60703397610683,
GMHI,2022-12-31,2022,-445939000,23762927.0,-18.766164622733555,-10.30319363675426,82.13929859368656,
GMII,2024-12-31,2024,-224087000,11308232.0,-19.816271898206544,-27.04331771169563,-26.72396149960383,
GMRE,2024-12-31,2024,811000,13187200.0,0.06149902936180539,0.001128146453089245,5351.333839981532,5351.333839981532
GMS,2025-04-30,2025,115469000,39503000.0,2.9230438194567503,6.749107710360338,-56.689921914126806,
GMTX,2024-12-31,2024,-109357000,27606022.0,-3.9613458251971254,-3.424871001036616,15.664088486781914,
GNE,2024-12-31,2024,35509000,27163000.0,1.3072561940875456,1.99178881129614,-34.36773082198109,
GNK,2024-12-31,2024,76401000,43650499.0,1.7502892693162568,-0.3009381554085788,-681.6109515723979,
GNL,2024-12-31,2024,-175316000,230440385.0,-0.7607867865695503,-1.678641661693937,-54.67842816424373,
GNPX,2024-12-31,2024,-21388282,3645.0,-5867.841426611797,-24787.518875502006,-76.32743536743767,
GNRC,2024-12-31,2024,316315000,60350412.0,5.2413063890930855,3.4581304860534,51.564737369836486,51.564737369836486
GNSS,2022-09-30,2022,-16212000,36495012.0,-0.4442250902671302,0.01978139312708983,-2345.6714115791046,
GNTX,2024-12-31,2024,404487743,226023482.0,1.7895828319289409,1.8648916191513991,-4.038239351235151,
GO,2024-12-31,2024,39465000,99615000.0,0.39617527480801085,0.7878231892969424,-49.712666472592694,
GOCO,2024-12-31,2024,-2928000,9980000.0,-0.2933867735470942,-6.807684029272492,-95.69035853771187,
GOED,2022-12-31,2022,-125965000,2109398000.0,-0.059716089614193245,-3.563393580157791,-98.32417923333776,
GOEV,2023-12-31,2023,-302621000,28809950.0,-10.504044609588007,-36.15654933127725,-70.9484317395812,
GOGO,2024-12-31,2024,13746000,131455.0,104.56810315317028,1.0929976065964901,9467.09351622345,9467.09351622345
GOLF,2024-12-31,2024,214298000,63648238.0,3.3669117438883385,2.9389441386741924,14.561950993978723,14.561950993978723
GOOD,2021-12-31,2021,-3392000,36768779.0,-0.09225217949173672,0.09250858216129601,-199.72283364032947,
GOOG,2024-12-31,2024,100118000000,12696000000.0,7.885790800252048,5.812460617517329,35.67043837658377,35.67043837658377
GORO,2024-12-31,2024,-56501000,91949110.0,-0.614481205962733,-0.18095392851069178,239.57881490615222,
GOSS,2024-12-31,2024,-56528000,2827850.0,-19.989744859168628,-94.25502327061267,-78.79185197188198,
GOVX,2022-12-31,2022,-14021125,45284.0,-309.62646850984896,-1141.0333026113672,-72.86437934797887,
GPAC,2024-12-31,2024,-23753863,42821940.0,-0.5547124441349458,,,
GPC,2024-12-31,2024,904076000,139670000.0,6.472943366506766,9.334798701022448,-30.657922320298358,
GPCR,2024-12-31,2024,-122526000,157922000.0,-0.7758640341434379,-0.0008132633986097751,95301.3220648723,
GPI,2024-12-31,2024,498300000,13249884.0,37.607876416125606,43.801150639335894,-14.139524037179928,
GPK,2024-12-31,2024,658000000,305100000.0,2.156669944280564,2.3390488515043675,-7.797139726539104,
GPN,2024-12-31,2024,1570365000,254845000.0,6.162039671172674,3.768592041207804,63.510393372209876,63.510393372209876
GPOR,2024-12-31,2024,-265616000,18050000.0,-14.715567867036011,66.32716114696858,-122.1863375615143,
GPP,2021-12-31,2021,40362000,23185000.0,1.7408669398317878,1.7774849885524213,-2.060104527265527,
GPRE,2024-12-31,2024,-82497000,63796000.0,-1.2931375007837482,-1.5877852212058354,-18.55715221976424,
GPRO,2024-12-31,2024,-432311000,153113000.0,-2.823476778588363,-0.34681247880637506,714.1220259161166,
GPS,2025-01-31,2024,844000000,384000000.0,2.1979166666666665,1.3351063829787233,64.62483399734396,64.62483399734396
GPX,2020-12-31,2020,7068000,17094000.0,0.41347841347841346,,,
GRA,2020-12-31,2020,-1800000,66300000.0,-0.027149321266968326,,,
GRAY,2024-12-31,2024,-13700000,11245915.0,-1.2182201270416857,-7.658275560611984,-84.09276190964934,
GRBK,2024-12-31,2024,381583000,44839000.0,8.510069359263142,6.19870636147832,37.287828508037094,37.287828508037094
GRC,2024-12-31,2024,40115000,26219291.0,1.5299803492016621,1.3353238959899938,14.57747096387818,14.57747096387818
GRIL,2024-12-31,2024,3992000,23328.0,171.12482853223594,,,
GRMM,2023-12-31,2023,-13269975,854189.0,-15.53517429983294,-463.48291967631565,-96.6481668168738,
GRMN,2024-12-31,2024,1411436000,193281000.0,7.302507747786901,6.714825729727478,8.752007002321328,8.752007002321328
GRNT,2024-12-31,2024,18759000,130227000.0,0.14404846921145384,0.6092675927247594,-76.35710959658269,
GROV,2024-12-31,2024,-26574000,37040375.0,-0.7174333413201135,-1.2081873964690995,-40.61903447951896,
GROW,2022-06-30,2022,3440000,15011128.0,0.22916332470151476,2.121124216408161,-89.19613840015593,
GRPH,2024-12-31,2024,-49769000,21281038.0,-2.338654721635289,-1.2271824059983767,90.57107649230612,
GRPN,2024-12-31,2024,-59027000,39170368.0,-1.5069299323406917,-1.7735071069432466,-15.031074505363428,
GRTS,2023-12-31,2023,-138490000,115527546.0,-1.1987617221610507,-1.3164231684714236,-8.937965323642594,
GRTX,2024-12-31,2024,-18957000,54633215.0,-0.3469867186106474,1.326216571152601,-126.1636542747377,
GRUB,2020-12-31,2020,-155861000,92328000.0,-1.6881227796551426,,,
GRVI,2023-06-30,2023,-16930289,893898.0,-18.93984436703069,-2.3576155521714393,703.3474477883592,
GRWG,2024-12-31,2024,-49510000,60176000.0,-0.82275325711247,-0.759974501887841,8.260639675236646,
GSAT,2024-12-31,2024,-63164000,125877000.0,-0.5017914313178738,-0.2019529696976669,148.46944913416186,
GSBD,2024-12-31,2024,62867000,114673460.0,0.5482262417127729,1.8085335482908576,-69.68669769875872,
GSD,2022-12-31,2022,-788408,2832970.0,-0.27829733459937805,-0.09362861928488476,197.2353290318208,
GSHD,2024-12-31,2024,30426000,38301000.0,0.7943917913370409,0.3686515799353426,115.48579595844086,115.48579595844086
GSIT,2025-03-31,2024,-10639000,25498000.0,-0.41724841164012866,-0.7988784600699969,-47.77072702603975,
GSKY,2021-12-31,2021,42144000,103045444.0,0.4089846029485787,0.14000000084295033,192.1318574900373,192.1318574900373
GSL,2023-12-31,2023,294964000,35928922.0,8.209653493082815,7.617094186176373,7.779335431900369,7.779335431900369
GSRMU,2022-12-31,2022,-1727335,26513014.0,-0.0651504578091348,-0.0013868774703557313,4597.63617923823,
GT,2024-12-31,2024,46000000,288000000.0,0.1597222222222222,-2.557894736842105,-106.24428440786467,
GTBIF,2024-12-31,2024,73083000,238423288.0,0.30652626516919773,0.15211181887567962,101.51377285135248,101.51377285135248
GTE,2024-12-31,2024,3216000,32042897.0,0.10036545696851318,-0.18784082188889648,-153.43112107328673,
GTES,2024-12-31,2024,194900000,264675566.0,0.7363732245688293,0.8449171511027631,-12.846694660211977,
GTHX,2023-12-31,2023,-47967000,51733487.0,-0.9271944108464987,-3.3823549670812985,-72.58731209851126,
GTII,2022-12-31,2022,-13593202,257287675.0,-0.052832697874082,-0.023465310625958507,125.15234814592998,
GTIM,2022-12-31,2022,-2768000,12358713.0,-0.22397154137328054,1.3380621901475722,-116.7385001252131,
GTLB,2025-01-31,2024,-6326000,160580000.0,-0.03939469423340391,-2.759066131718984,-98.57217288920654,
GTLS,2024-12-31,2024,218500000,46670000.0,4.681808442254125,1.0102520290474157,363.429748977459,363.429748977459
GTS,2020-12-31,2020,67189000,23309742.0,2.8824428858972357,,,
GTX,2024-12-31,2024,282000000,224121156.0,1.2582480165326293,-0.3061309070862264,-511.0163290955215,
GTY,2024-12-31,2024,71064000,54552000.0,1.302683677958645,1.197845308268281,8.752246134513687,8.752246134513687
GUER,2024-12-31,2024,-10753038,9600548.0,-1.120044189144203,-2.246912979110258,-50.151866157819654,
GVA,2024-12-31,2024,126346000,52514000.0,2.4059488898198578,0.8294302292399885,190.07248650973838,190.07248650973838
GWPH,2020-12-31,2020,-58128000,375586000.0,-0.15476615209299602,,,
GWRE,2025-07-31,2025,69804000,85911653.0,0.8125091016465484,-0.07416320349944355,-1195.5690467883371,
GWRS,2021-12-31,2021,3609000,22937706.0,0.15733918640338315,0.048949917943547055,221.42890736781058,221.42890736781058
GWW,2024-12-31,2024,1909000000,49000000.0,38.95918367346939,36.50698602794411,6.717064080963175,6.717064080963175
GXII,2022-12-31,2022,-7878010,37500000.0,-0.21008026666666665,0.3273606915867233,-164.173943929677,
GXO,2024-12-31,2024,134000000,119798000.0,1.118549558423346,1.916478366390493,-41.635158630565236,
H,2024-12-31,2024,1296000000,102424100.0,12.653272032656377,2.042200002281694,519.5902467201656,519.5902467201656
HA,2022-12-31,2022,-240081000,51361000.0,-4.674383286929771,-2.851602355768284,63.92128718347865,
HAE,2025-03-31,2024,167679000,50730000.0,3.3053222945002956,2.287254119890266,44.51049692103615,44.51049692103615
HAIN,2025-06-30,2025,-530841000,90127000.0,-5.8899219989570275,-0.8361225626740947,604.432850145776,
HAL,2024-12-31,2024,2501000000,883000000.0,2.8323895809739525,2.9246119733924614,-3.1533206202234654,
HALO,2024-12-31,2024,444091000,129424000.0,3.4312878600568673,2.0983628546092685,63.52214072602804,63.52214072602804
HARP,2022-12-31,2022,-67731000,3316744.0,-20.420930888847618,-35.69012964774951,-42.78269344943304,
HAS,2024-12-31,2024,385600000,140300000.0,2.7483962936564503,-10.729827089337176,-125.61454411868094,
HASI,2024-12-31,2024,200037000,130501006.0,1.53283875834643,1.3596357510646488,12.73892710942297,12.73892710942297
HAYN,2023-09-30,2023,41975000,12780278.0,3.2843573512250672,3.6052294898448745,-8.900186230131323,
HAYW,2024-12-31,2024,118655000,221370188.0,0.5360026165763567,0.3656146903381731,46.60314006545643,46.60314006545643
HBB,2024-12-31,2024,30759000,13963000.0,2.2028933610255677,1.7953058321479374,22.70295799072768,22.70295799072768
HBI,2024-12-31,2024,-320431000,352139000.0,-0.9099560116885662,-0.05049322474697841,1702.1348730415941,
HBIO,2024-12-31,2024,-12405000,4353800.0,-2.84923515090266,-0.805044790193305,253.9225625220815,
HCA,2024-12-31,2024,5760000000,261806000.0,22.001023658739676,18.964444380128214,16.01196015947255,16.01196015947255
HCAT,2024-12-31,2024,-69502000,60185000.0,-1.1548060147877377,-2.0941366230635614,-44.855268654900605,
HCC,2024-12-31,2024,250603000,52345000.0,4.787525074028083,9.196445383802478,-47.94157009337262,
HCCI,2022-12-31,2022,84759000,23931000.0,3.5418076971292467,2.58582944420874,36.96988813633975,36.96988813633975
HCDI,2021-12-31,2021,6133600,54484.0,112.57616915057632,-335.30751708428244,-133.57400696814062,
HCKT,2024-12-31,2024,29630000,28091000.0,1.0547862304652735,1.235698520099866,-14.640487683029002,
HCMC,2024-12-31,2024,-11890843,479695594133.0,-2.4788309806120828e-05,-4.299149620720131e-05,-42.34136516986665,
HCNE,2022-12-31,2022,12180586,39531201.0,0.30812587758211546,0.3689554724538368,-16.486974557433154,
HCP,2024-01-31,2023,-190668000,193825000.0,-0.9837121114407327,-1.4744905364217407,-33.284610030256125,
HCSG,2024-12-31,2024,39471000,73988000.0,0.5334784019030113,0.5163572773742265,3.315751569504144,3.315751569504144
HCTI,2023-12-31,2023,-8686000,282.0,-30801.41843971631,-39224.489795918365,-21.4740112619095,
HCVI,2024-12-31,2024,-20749000,16693000.0,-1.2429760977655304,0.14771127166962905,-941.4903505438435,
HD,2025-01-31,2024,14806000000,993000000.0,14.910372608257804,15.112774451097804,-1.3392765404852458,
HDSN,2024-12-31,2024,24388000,47076477.0,0.5180506604179408,1.1036956577443715,-53.06218188112803,
HEAR,2024-12-31,2024,16183000,20832000.0,0.776833717357911,-1.0317478844470382,-175.29297894070822,
HEES,2024-12-31,2024,122982000,36505000.0,3.3689083687166144,4.659996146329378,-27.70576921248611,
HEI,2024-10-31,2024,514109000,140198000.0,3.667020927545329,2.9055541557179367,26.20728201981286,26.20728201981286
HELE,2025-02-28,2024,123751000,23065000.0,5.365315412963365,7.033541927409262,-23.71815696363343,
HEP,2022-12-31,2022,216783000,105440000.0,2.0559844461305006,2.038562215477997,0.8546332567249459,0.8546332567249459
HEPA,2022-12-31,2022,-45337549,76229.0,-594.7546078264178,,,
HES,2024-12-31,2024,2769000000,308300000.0,8.981511514758353,4.492847854356307,99.90686989433209,99.90686989433209
HESM,2024-12-31,2024,223100000,89.0,2506741.5730337077,2117857.1428571427,18.362165337173387,18.362165337173387
HFC,2021-12-31,2021,558324000,162551000.0,3.434762013152795,-3.7130316144286746,-192.5055956918186,
HFFG,2024-12-31,2024,-48511000,52552490.0,-0.9230961273195618,-0.040350243828505376,2187.708920032453,
HGBL,2024-12-31,2024,5182000,37131115.0,0.13955950420556992,0.33189394675458,-57.950572593971515,
HGEN,2022-12-31,2022,-70730000,70670971.0,-1.0008352651614196,-3.9781883074020703,-74.84193336702533,
HGV,2022-12-31,2022,352000000,120000000.0,2.933333333333333,1.7425742574257426,68.33333333333331,68.33333333333331
HHC,2021-12-31,2021,56100000,54871092.0,1.0223962737975034,-0.47664442326024786,-314.49873824271623,
HHS,2024-12-31,2024,-30297000,7293000.0,-4.154257507198683,-0.21477428180574556,1834.2434635428262,
HI,2025-09-30,2025,43100000,70800000.0,0.6087570621468926,,,
HIBB,2024-01-31,2023,103158000,12633000.0,8.165756352410353,8.218264664356308,-0.6389221336919215,
HII,2024-12-31,2024,550000000,39400000.0,13.959390862944163,17.06766917293233,-18.211498468212607,
HIL,2021-12-31,2021,-4271000,56603000.0,-0.07545536455664895,-0.14455064219210995,-47.80004888780248,
HIMS,2024-12-31,2024,126038000,236808876.0,0.5322351177411103,-0.11247477796334306,-573.2039728183081,
HIMX,2024-12-31,2024,79755000,174867000.0,0.4560894851515723,0.2894542709602155,57.5687529634898,57.5687529634898
HIW,2020-12-31,2020,344914000,106714000.0,3.2321344903199205,,,
HKIT,2024-12-31,2024,-896690,5494.0,-163.2125955587914,296.3623762376238,-155.07196886150194,
HL,2024-12-31,2024,35250000,622535000.0,0.056623322383480446,-0.13995951577431862,-140.45692932718072,
HLBZ,2022-12-31,2022,-82074000,176.0,-466329.54545454547,-1081507.462686567,-56.8815231014552,
HLF,2024-12-31,2024,254300000,101600000.0,2.502952755905512,1.4191616766467066,76.36840094355296,76.36840094355296
HLGN,2022-12-31,2022,-142000000,5433912.0,-26.13218616716649,,,
HLI,2025-03-31,2024,399711000,68658347.0,5.821739343651836,4.112434104824001,41.56431921481176,41.56431921481176
HLIO,2024-12-31,2024,39000000,33300000.0,1.1711711711711712,1.1363636363636365,3.063063063063054,3.063063063063054
HLIT,2024-12-31,2024,39217000,117482000.0,0.33381283941369744,0.7157013948653278,-53.358643449827234,
HLLY,2024-12-31,2024,-23235000,118441580.0,-0.196172661661555,0.16184178994657028,-221.21261246944846,
HLP,2024-12-31,2024,-1881635,17451865.0,-0.1078185626579165,0.07357971031757513,-246.53300779870446,
HLT,2024-12-31,2024,1535000000,250000000.0,6.14,4.321969696969697,42.064855390008745,42.064855390008745
HLTH,2023-12-31,2023,-373464000,152877306.0,-2.4429001908236136,-1.3109699648941813,86.34295645520753,
HLVX,2024-12-31,2024,-147267000,49153125.0,-2.9960862101850085,-3.043611335024792,-1.5614715418122427,
HLX,2024-12-31,2024,55637000,154699000.0,0.35964679797542326,-7.181430852720369e-05,-500901.03164843103,
HMC,2025-03-31,2024,5482331094,1719961835.0,3.1874725255168235,4.455569623148063,-28.460942256251197,
HMHC,2021-12-31,2021,213578000,131652417.0,1.6222869649252243,-3.8247669470208185,-142.41531542696617,
HMPT,2022-12-31,2022,-163454000,140000000.0,-1.1675285714285715,1.187691076887911,-198.30237796244364,
HMTV,2021-12-31,2021,11063000,39713000.0,0.27857376677662227,-0.03131815184865852,-989.4961877788925,
HNGE,2024-12-31,2024,-11933000,13558000.0,-0.8801445640949993,,,
HNGR,2021-12-31,2021,41982000,39240974.0,1.0698511204130663,0.9894728606133996,8.123341528522388,8.123341528522388
HNI,2022-12-31,2022,123900000,43964000.0,2.8182149031025383,1.3486085426909025,108.97204888523872,108.97204888523872
HNNA,2025-09-30,2025,9960000,7828947.0,1.272201740540586,0.9190884848974609,38.419941218447605,38.419941218447605
HNRA,2023-12-31,2023,-4030339,6245616.0,-0.6453068840607555,2.4271647678022354,-126.5868593933601,
HNRG,2022-12-31,2022,18105000,33649000.0,0.5380546227228149,-0.12340565417488494,-536.0048381254137,
HNST,2024-12-31,2024,-6124000,100245394.0,-0.061090088588010336,-0.4151436111442328,-85.28458900773354,
HOFT,2023-01-31,2022,-4312000,11593000.0,-0.3719485896661779,0.9912028421586871,-137.52497206889876,
HOFV,2024-12-31,2024,-56918047,6530922.0,-8.715162575820075,-11.97039236564499,-27.194010775849087,
HOG,2024-12-31,2024,455357000,132288000.0,3.4421640662796325,4.869547838432011,-29.31244993399622,
HOLX,2025-09-30,2025,565700000,227573000.0,2.4857957666331245,3.323468867999983,-25.204782552121763,
HOME,2021-01-31,2020,-149729000,64426355.0,-2.3240333866474363,,,
HON,2024-12-31,2024,5705000000,662943092.0,8.605565196838947,8.369902333580102,2.8155987234566027,2.8155987234566027
HOOD,2024-12-31,2024,1411000000,906171504.0,1.557100387478086,-0.6072799560451442,-356.4056942729613,
HOOK,2024-12-31,2024,-43503000,8395011.0,-5.182006313035206,-9.717676367547345,-46.67443000735475,
HOUR,2024-12-31,2024,657447,35119761.0,0.018720144479343125,-0.06928799924440904,-127.01787421124544,
HOUS,2024-12-31,2024,-128000000,111100000.0,-1.1521152115211521,-0.8794197642792384,31.008564774003176,
HOV,2022-10-31,2022,214815000,6728000.0,31.928507728894175,95.04566067240032,-66.40719049873923,
HOWL,2024-12-31,2024,-70515000,43859664.0,-1.6077414546540987,-1.0482915439947493,53.36777863603099,
HP,2025-09-30,2025,-163695000,99272000.0,-1.648954387944234,3.474063007863365,-147.4647231271255,
HPE,2024-10-31,2024,2579000000,1337000000.0,1.9289454001495887,1.5387537993920972,25.35763686898069,25.35763686898069
HPK,2024-12-31,2024,95069000,129205000.0,0.7357996981540962,1.754722809299301,-58.06746830583931,
HPLTU,2022-12-31,2022,10085667,20000.0,504.28335,,,
HPP,2024-12-31,2024,-364143000,20176441.0,-18.047930256877315,-9.54121387757323,89.15759030723811,
HPQ,2024-10-31,2024,2775000000,989000000.0,2.8058645096056622,3.263,-14.009668721861402,
HQI,2024-12-31,2024,3672000,13920000.0,0.2637931034482759,0.4445330048547207,-40.65837619087767,
HQY,2025-01-31,2024,96703000,88828000.0,1.0886544783176475,0.6406844762353807,69.92053322635638,69.92053322635638
HR,2021-12-31,2021,66659000,222811000.0,0.2991728415562966,0.3256927088502522,-8.142603924900571,
HRB,2025-06-30,2025,605773000,137340000.0,4.4107543323139655,4.137306275627215,6.60932593503234,6.60932593503234
HRC,2021-09-30,2021,248500001,66847000.0,3.7174443280925096,,,
HRI,2024-12-31,2024,211000000,28500000.0,7.4035087719298245,12.090592334494774,-38.766368370493964,
HRL,2024-10-31,2024,805038000,548832000.0,1.466820447787301,1.4455337333464484,1.4725851047123761,1.4725851047123761
HRMY,2024-12-31,2024,145493000,57869915.0,2.5141388232555726,2.1343031981983422,17.79670411298011,17.79670411298011
HROW,2024-12-31,2024,-17481000,35650714.0,-0.49034081056553314,-0.7484185209347938,-34.48307372817485,
HRT,2023-12-31,2023,-11560000,72935490.0,-0.15849622728249307,1.8198396508461643,-108.70935124469882,
HRTX,2024-12-31,2024,-13580000,152449000.0,-0.08907897067215921,-0.8003692040395266,-88.8702650948374,
HSAI,2024-12-31,2024,-14242111,129188125.0,-0.1102431899216743,-0.5391543318480376,-79.55257272184049,
HSAQ,2023-12-31,2023,-49120000,33225227.0,-1.478394714955597,-2.2422398273245827,-34.06616469213277,
HSC,2022-12-31,2022,-180069000,79493000.0,-2.265218321110035,,,
HSDT,2024-12-31,2024,-11742000,3615.0,-3248.1327800829877,-10912.453760789149,-70.23462503223386,
HSIC,2023-12-31,2023,416000000,131748171.0,3.157539090239059,3.905465379392369,-19.150759678982887,
HSII,2024-12-31,2024,8728000,21188000.0,0.41193128185765526,2.620148319368198,-84.27832200136727,
HSKA,2022-12-31,2022,-19889000,10390000.0,-1.9142444658325313,-0.11260421775380089,1599.9758126448305,
HSON,2023-12-31,2023,2198000,3140000.0,0.7,2.27182919056724,-69.18782437929582,
HST,2024-12-31,2024,697000000,704000000.0,0.9900568181818182,1.0381593714927049,-4.6334459459459465,
HSTM,2024-12-31,2024,20007000,30544000.0,0.6550222629649031,0.4959736576141884,32.06795419655868,32.06795419655868
HSY,2024-12-31,2024,2221239000,203487000.0,10.915876689911395,9.057719159121758,20.514629545765306,20.514629545765306
HT,2022-12-31,2022,122548000,38613563.0,3.17370349894932,-1.6097503270983027,-297.1550150059706,
HTA,2024-12-31,2024,-654485000,365553000.0,-1.790397014933539,-0.7343373939112443,143.81122761534536,
HTCR,2023-12-31,2023,-4189890,1020232.0,-4.10680119815885,-7.451456207755803,-44.88592452728487,
HTGC,2024-12-31,2024,262966000,161599000.0,1.627274921255701,2.3302721886954,-30.16803233759878,
HTGM,2022-12-31,2022,-21594476,2214082.0,-9.753241298199434,-44.474456947492385,-78.0700159875716,
HTHT,2024-12-31,2024,424024733,3278308290.0,0.1293425436202646,0.17228753703200214,-24.92634937590441,
HTIBP,2024-12-31,2024,-203495000,28286391.0,-7.194095563481393,-0.761100514020645,845.2227965892888,
HTLD,2024-12-31,2024,-29722000,78775000.0,-0.3773024436686766,0.1868384779777185,-301.9404395456871,
HTZ,2024-12-31,2024,-2862000000,306000000.0,-9.352941176470589,1.8895705521472392,-594.9770817417876,
HUBB,2024-12-31,2024,777600000,54000000.0,14.4,14.066666666666666,2.369668246445511,2.369668246445511
HUBG,2024-12-31,2024,103993000,61104.0,1701.9016758313694,2619.5077712105576,-35.02971456943354,
HUBS,2024-12-31,2024,4628000,51819000.0,0.08931087053011444,-3.2983138520761073,-102.70777356357092,
HUDA,2021-12-31,2021,-20758,1711325000.0,-1.2129782478488891e-05,,,
HUIZ,2024-12-31,2024,-90286,997172042.0,-9.054204911212302e-05,0.009911635144642704,-100.91349255486932,
HUMA,2024-12-31,2024,-148701000,118479097.0,-1.2550821517486752,-1.0711249765253876,17.17420275456787,
HURC,2024-10-31,2024,-16608000,6489000.0,-2.559408229311142,0.6723345588235294,-480.6747988367085,
HURN,2024-12-31,2024,116626000,18613000.0,6.265835706226831,3.1875414519667364,96.57268150538918,96.57268150538918
HUSA,2024-12-31,2024,-8216112,1128802.0,-7.278612192395124,-2.977890766923875,144.42173209441935,
HUYA,2024-12-31,2024,-6671294,231533388.0,-0.028813529044890925,-0.11895227687861536,-75.7772362152482,
HVT,2024-12-31,2024,19956000,16845714.0,1.184633670024316,3.343224276513302,-64.56613221115431,
HWEL,2022-12-31,2022,11413092,25000000.0,0.45652368,0.1437112685987606,217.66728138390198,217.66728138390198
HWGC,2023-12-31,2023,-40662716,5409310.0,-7.517172430494832,1.0942190408758234,-786.9897296320137,
HWKN,2025-03-31,2024,84345000,20936502.0,4.028609936846184,3.5862677679978887,12.334331886635507,12.334331886635507
HWKZ,2022-12-31,2022,1109552,23000000.0,0.048241391304347826,-0.04542541495940281,-206.19912079495955,
HWM,2024-12-31,2024,1155000000,410000000.0,2.817073170731707,1.8389423076923077,53.18986131037779,53.18986131037779
HWNI,2024-12-31,2024,-384826,3852.0,-99.90290758047767,-15.974257692146523,525.399373828765,
HXL,2024-12-31,2024,132100000,83000000.0,1.591566265060241,1.2362573099415204,28.740695991154787,28.740695991154787
HY,2024-12-31,2024,142300000,17710000.0,8.035008469791078,7.24187517975266,10.95204308762343,10.95204308762343
HYAC,2024-12-31,2024,3157000,34270809.0,0.09211921434361238,0.12898034772806136,-28.57887580064986,
HYBT,2024-12-31,2024,-472393,518831367.0,-0.0009104942955386119,-0.0008413308842043237,8.220714659690454,
HYFM,2024-12-31,2024,-66717000,4598640.0,-14.507984969469234,,,
HYLN,2022-12-31,2022,-153357000,175400486.0,-0.8743248294078273,,,
HYMC,2024-12-31,2024,-60896000,23176014.0,-2.6275441497403307,-2.6061031237052132,0.8227236228715906,
HYRE,2021-12-31,2021,-25953717,20635940.0,-1.257694924486115,-0.8668991588272562,45.079726018828836,
HYSR,2024-06-30,2024,-9881203,5028399413.0,-0.001965079180952486,0.00020365738219021222,-1064.8946479716303,
HYZN,2023-12-31,2023,-184042000,4895480.0,-37.5942706333189,-6.488066440896629,479.437201757809,
HZNP,2022-12-31,2022,521482000,235239651.0,2.216811654766483,2.267862799653207,-2.251068490321828,
HZO,2025-09-30,2025,-31631000,22052177.0,-1.4343708559930386,1.6540217243191684,-186.72019447528461,
IAA,2022-12-31,2022,292400000,133900000.0,2.1837191934279314,2.1759053954175904,0.3591055947008037,0.3591055947008037
IAC,2024-12-31,2024,-539897000,101335470.0,-5.327818581193732,2.5231780730586344,-311.155076135204,
IART,2024-12-31,2024,-6944000,77010000.0,-0.09017010777821062,0.843210475870396,-110.69366550328176,
IAS,2024-12-31,2024,37795000,165465836.0,0.22841573169219054,0.04475550253847114,410.3634608858384,410.3634608858384
IAUX,2024-12-31,2024,-121533000,359206859.0,-0.33833708058453305,-0.3271360714012661,3.423960291290462,
IBM,2024-12-31,2024,6024000000,945400000.0,6.371906071504125,8.036211699164346,-20.71007696117917,
IBP,2024-12-31,2024,256600000,28190404.0,9.102388174358905,8.609386888359499,5.726322819409813,5.726322819409813
IBRX,2024-12-31,2024,-413564000,700443000.0,-0.5904320551422457,-1.1465890495527886,-48.50534676111413,
IBTA,2024-12-31,2024,68742000,26860931.0,2.5591815860738407,1.415853690834564,80.75183916534137,80.75183916534137
ICCC,2024-12-31,2024,-2156629,8167244.0,-0.26405835309928294,-0.7453319610526291,-64.57171208298188,
ICCM,2024-12-31,2024,-15318000,1694197.0,-9.041451495900418,-9.64108476021651,-6.219562209331986,
ICD,2023-12-31,2023,-37697000,14012000.0,-2.690336854125036,-5.01466298172885,-46.3505949666528,
ICE,2024-12-31,2024,2754000000,576000000.0,4.78125,4.191150442477876,14.079655827702698,14.079655827702698
ICFI,2024-12-31,2024,110170000,18925000.0,5.8214002642007925,4.349373486364115,33.84457054450909,33.84457054450909
ICG,2024-12-31,2024,51497000,120016243.0,0.42908358662752005,-0.2244364101877395,-291.182699040942,
ICHR,2024-12-31,2024,-20820000,32759896.0,-0.6355331530967009,-1.4720489126392309,-56.82662799857269,
ICLR,2024-12-31,2024,791474000,83032424.0,9.532107601724357,,,
ICPT,2022-12-31,2022,221816000,33837000.0,6.555427490616781,-2.880829342072095,-327.5534824253649,
ICTSF,2024-12-31,2024,-4232000,37433333.0,-0.11305431979567515,0.17961365485860137,-162.94305401483854,
ICUI,2024-12-31,2024,-117688000,24388000.0,-4.825651959980318,-1.2309576190278528,292.02421638133814,
ICVX,2022-12-31,2022,-91758000,39725131.0,-2.3098224647767682,-3.727674225396187,-38.035828103211614,
IDA,2024-12-31,2024,289174000,52615000.0,5.496037251734296,5.141026650395623,6.9054417625194375,6.9054417625194375
IDCC,2024-12-31,2024,358614000,29711000.0,12.070075056376426,7.617571703081631,58.45042917670953,58.45042917670953
IDEX,2023-12-31,2023,-234126000,9971038.0,-23.480604526830607,-0.5501918414807125,4167.712233543496,
IDRA,2022-12-31,2022,-23360000,3255648.0,-7.1752228742173605,48.72702341476704,-114.72534616601035,
IDT,2024-07-31,2024,64454000,25398000.0,2.5377588786518626,1.5831411033350276,60.2989697700254,60.2989697700254
IDXG,2024-12-31,2024,6238000,15734000.0,0.3964662514300242,,,
IDXX,2024-12-31,2024,887867000,83246000.0,10.665581529442855,10.062659267903499,5.991679192223831,5.991679192223831
IDYA,2024-12-31,2024,-274477000,81678069.0,-3.3604736664379273,-1.9638584741646674,71.11587778072013,
IE,2024-12-31,2024,-128622000,120377904.0,-1.068485126639188,-1.9453022307824093,-45.073566989668315,
IEA,2021-12-31,2021,-82142000,38038055.0,-2.159468984415738,0.16127254998475937,-1439.0183168926224,
IEHC,2025-03-31,2024,999038,2443255.0,0.4088963288727538,-1228.1692631578946,-100.03329315764029,
IEP,2024-12-31,2024,-445000000,316000000.0,-1.4082278481012658,-2.1645569620253164,-34.94152046783626,
IESC,2022-09-30,2022,45610000,41789250.0,1.0914290158354123,1.5805898314138684,-30.947992063247188,
IEX,2024-12-31,2024,505000000,75900000.0,6.653491436100132,7.853754940711463,-15.282670692836774,
IFF,2024-12-31,2024,263000000,256000000.0,1.02734375,-10.16078431372549,-110.11087056155924,
IFIN,2023-12-31,2023,3147500,33980753.0,0.09262596388020007,,,
IGAC,2021-12-31,2021,17368804,37500000.0,0.4631681066666667,-0.49727429333333334,-193.1413734584899,
IGC,2025-03-31,2024,-7121000,76517175.0,-0.09306407352336256,-0.22093863296906105,-57.877863064177326,
IGMS,2024-12-31,2024,-195795000,60514546.0,-3.2355030805320757,-4.710509975558552,-31.313104158145354,
IGNY,2023-12-31,2023,-12825917,21175668.0,-0.605691258476474,-0.7389811291225384,-18.036978942118864,
IGT,2022-09-30,2022,483000000,203000000.0,2.3793103448275863,-4.337629052926812,-154.85278514588862,
IGTA,2024-12-31,2024,130063,1035000.0,0.1256647342995169,-0.12407953735478609,-201.277565163866,
IGXT,2023-12-31,2023,-9927000,174654565.0,-0.056837907443186494,-0.06488774535382802,-12.405790749464884,
IHRT,2024-12-31,2024,-1009941000,149695000.0,-6.7466582050168675,-7.387759204046765,-8.677881632616346,
IHT,2025-01-31,2024,-1391035,8790992.0,-0.15823413330372726,0.022254517542624475,-811.0202816154456,
III,2024-12-31,2024,2839000,50049000.0,0.05672441007812344,0.12265072247135027,-53.751262988790316,
IIIN,2025-09-30,2025,41020000,19558000.0,2.0973514674302076,0.9862068965517241,112.66850543872735,112.66850543872735
IIIV,2025-09-30,2025,17873000,34185684.0,0.5228211902970846,3.3454486464143165,-84.37216512477484,
IIN,2021-12-31,2021,-106000,9624000.0,-0.011014131338320864,-0.2837868225770182,-96.11887146897679,
IIPR,2024-12-31,2024,159857000,28530650.0,5.602991870146667,5.81247097719452,-3.603959621815811,
IIVI,2025-06-30,2025,49364000,154755000.0,0.3189816161028723,-1.029754289708656,-130.97647849499324,
IKNA,2024-12-31,2024,-48384000,4019901.0,-12.036117307366524,-19.60747089340757,-38.61463636591035,
IKNX,2024-12-31,2024,-72418000,351315476.0,-0.20613381688884097,-0.34969642648460064,-41.05349632507087,
IKT,2024-12-31,2024,-27519886,23712220.0,-1.1605782166326055,-3.5680743418082104,-67.47326133220493,
ILMN,2024-12-31,2024,-1223000000,159000000.0,-7.6918238993710695,-7.1479584297887016,7.6086826039144295,
ILPT,2024-12-31,2024,-95669000,65697000.0,-1.4562156567270956,-1.6504508635182638,-11.768614933322963,
IMAB,2024-12-31,2024,-22230000,186728372.0,-0.11904993205853046,-1.0851782575682183,-89.02945841125586,
IMAX,2022-12-31,2022,-22800000,56674000.0,-0.402300878709814,-0.3776511179514934,6.527125059771888,
IMBI,2022-01-31,2021,-22008000,19362062.0,-1.1366557962679802,-1.231537637182349,-7.70433952237547,
IMCR,2024-12-31,2024,-51087000,49991064.0,-1.0219226380138657,-1.1308684626748668,-9.633819339457862,
IMGN,2022-12-31,2022,-222929000,263446000.0,-0.8462037761059192,-0.680044326414247,24.433620462330975,
IMGO,2021-12-31,2021,-42311000,13382259.0,-3.161723293503735,-17.308282119272146,-81.73288792200081,
IMH,2022-12-31,2022,-39432000,23918000.0,-1.6486328288318421,-0.1817926120382524,806.8755932088926,
IMKTA,2021-09-30,2021,249731458,19613170.0,12.732845225937469,,,
IMMX,2024-12-31,2024,-21613376,28285637.0,-0.7641113403244197,-0.8895633541174268,-14.102650835642084,
IMMY,2020-12-31,2020,-3357000,25895352.0,-0.12963716422931806,,,
IMNM,2024-12-31,2024,-292963000,58639441.0,-4.996006015814509,-5.382376458848223,-7.1784358821380785,
IMO,2024-12-31,2024,3496066807,530600000.0,6.588893341500189,6.287766127799966,4.789096915816504,4.789096915816504
IMPL,2022-12-31,2022,-106312000,23445096.0,-4.534509050421462,-5.250902958053186,-13.643251710317905,
IMRA,2024-12-31,2024,-89024000,47072532.0,-1.8912090813385607,-2.0138290391818088,-6.088896100786534,
IMRX,2024-12-31,2024,-61036608,29981565.0,-2.0358046019278846,-1.8817065036518497,8.189273830800659,
IMUX,2024-12-31,2024,-100507000,10017477.0,-10.033165037464023,-21.12181732646962,-52.49857111068481,
IMVT,2025-03-31,2024,-413840000,151573553.0,-2.7302916096451204,-1.8778777441313659,45.39240470673178,
IMXI,2024-12-31,2024,57113000,32850497.0,1.7385733920555297,1.6447837059604695,5.7022504390807915,5.7022504390807915
INAB,2024-12-31,2024,-30437000,1783116.0,-17.069556888054393,-30.172890552256305,-43.42750536780128,
INAQ,2023-12-31,2023,-651138,1893001.0,-0.3439712921440612,,,
INBX,2023-12-31,2023,-241361000,47130000.0,-5.121175472098451,-3.6208736411688442,41.43480219445874,
INCY,2024-12-31,2024,32615000,210530000.0,0.1549185389255688,2.645086045111717,-94.14315692255578,
INDI,2024-12-31,2024,-132603000,175029650.0,-0.7576030689657438,-0.8101516488864122,-6.486264638589412,
INDP,2024-12-31,2024,-15022027,333999.0,-44.97626340198623,-51.42579780405912,-12.54143771701257,
INDT,2020-11-30,2020,-12717000,5309000.0,-2.3953663590129968,,,
INDV,2024-12-31,2024,7000000,133000000.0,0.05263157894736842,,,
INFA,2024-12-31,2024,9931000,313491000.0,0.03167874037851166,-0.4341346103866852,-107.29698568614359,
INFI,2022-12-31,2022,-44369000,89392079.0,-0.49634151589650355,-0.5360672581898391,-7.4105891912666255,
INFN,2024-12-31,2024,-150338000,234672000.0,-0.6406303265834867,-0.11120471406014308,476.081987169189,
INFO,2021-11-30,2021,1206799999,400800000.0,3.010978041417166,2.168617683686177,38.84319325014265,38.84319325014265
INFU,2024-12-31,2024,2345000,21707151.0,0.10802891636954108,0.04028443211354814,168.16541949764675,168.16541949764675
INGN,2024-12-31,2024,-35888000,23654395.0,-1.5171810566281658,-4.42045938880652,-65.6782039335104,
INGR,2024-12-31,2024,647000000,66600000.0,9.714714714714715,9.597014925373134,1.226420822066232,1.226420822066232
INKT,2024-12-31,2024,-10784802,3773326.0,-2.8581686289496324,-6.5360569500246655,-56.27075083948211,
INMB,2024-12-31,2024,-42082000,19944304.0,-2.109975860777092,-1.668892097127429,26.42973529618098,
INMD,2024-12-31,2024,181275000,80596682.0,2.249162068483167,2.3026265770125387,-2.321892271335524,
INN,2021-12-31,2021,-83714000,104471000.0,-0.8013132831120598,-1.5188734504181831,-47.24291988305948,
INNV,2024-06-30,2024,-21338000,135902214.0,-0.15700995128747497,-0.29996203956899986,-47.65672632674636,
INO,2024-12-31,2024,-107254126,27160863.0,-3.948848237995972,-6.093596628288101,-35.196756876483015,
INOD,2024-12-31,2024,28660000,32177000.0,0.8906983248904498,-32.27755856528385,-102.75949720016446,
INOV,2020-12-31,2020,21906000,149784000.0,0.14625060086524597,,,
INSE,2021-12-31,2021,-40900000,22897997.0,-1.7861824333368548,-1.446471642704718,23.485478774884292,
INSG,2021-12-31,2021,-48125000,10324631.0,-4.661183532854588,-11.571450049447751,-59.71824176800518,
INSM,2024-12-31,2024,-913772000,164043000.0,-5.570319977079181,-5.337541745885939,4.361150549738779,
INSP,2024-12-31,2024,53509000,30543274.0,1.7519078013706062,-0.7218923223186937,-342.68270311333106,
INST,2023-12-31,2023,-34078000,143968000.0,-0.23670537897310515,-0.24145541726897718,-1.9672527332781131,
INSW,2024-12-31,2024,416724000,49680127.0,8.388142808089038,11.25748794224245,-25.488325182979054,
INT,2024-12-31,2024,67500000,59500000.0,1.134453781512605,0.8557536466774717,32.56779984721161,32.56779984721161
INTA,2023-06-30,2023,-69425000,64295000.0,-1.0797884749980557,-1.6269443583005534,-33.63089097122145,
INTC,2024-12-31,2024,-18756000000,4280000000.0,-4.3822429906542055,0.400997150997151,-1192.8364402981358,
INTEQ,2020-12-31,2020,-911664000,142003738.0,-6.420000014365819,,,
INTG,2023-12-31,2023,-6719000000,2473996.0,-2715.8491767973755,-3536.187444284677,-23.198381884794138,
INTI,2024-12-31,2024,-3339201,172262889.0,-0.019384331816239306,-0.017598913052151152,10.145051338099087,
INTT,2024-12-31,2024,2891000,12239158.0,0.23620905947941845,0.7930449735108378,-70.21492256186774,
INTU,2025-07-31,2025,3869000000,283000000.0,13.671378091872791,10.433098591549296,31.03852102908784,31.03852102908784
INTV,2024-06-30,2024,-12012228,4413096.0,-2.7219503042761817,-11.977808094790865,-77.27505497888252,
INUV,2022-12-31,2022,-13245144,119826036.0,-0.11053644468385819,-0.06416686742959556,72.26405014260628,
INV,2024-12-31,2024,-76473000,19144070.0,-3.9946051179294684,,,
INVA,2024-12-31,2024,23392000,74187000.0,0.3153113079110895,2.068718633454579,-84.75813468240739,
INVE,2022-12-31,2022,-392000,22659000.0,-0.017299969107198023,0.07275340189518122,-123.77891432777643,
INVH,2024-12-31,2024,453917000,613631617.0,0.7397223145364754,0.8470235848529597,-12.66803808480863,
INVU,2022-12-31,2022,-13764284,2677718626.0,-0.00514030259428759,,,
INVZ,2020-12-31,2020,-81511000,16514910.0,-4.935600617865917,,,
INZY,2024-12-31,2024,-102024000,62811814.0,-1.624280425972095,-1.3728818100750957,18.311744977031054,
IO,2020-12-31,2020,-37225000,14272000.0,-2.6082539237668163,,,
IOBT,2023-12-31,2023,-86083000,43539976.0,-1.9771026056606003,-2.4798659682729993,-20.273811933575104,
IONM,2023-12-31,2023,-26078000,237791.0,-109.66773342977658,-720.52067381317,-84.77937727318935,
IONQ,2024-12-31,2024,-331647000,213029365.0,-1.5568135407059962,-0.7788218585599754,99.89340612300101,
IONS,2024-12-31,2024,-453897000,149514000.0,-3.0358160439825035,-2.5580417626929255,18.67734484469914,
IOR,2024-12-31,2024,4651000,4080369.0,1.1398478912078784,1.681915456901547,-32.22918033539418,
IOSP,2024-12-31,2024,35200000,25119000.0,1.4013296707671483,5.559107984973224,-74.79218474339642,
IOVA,2024-12-31,2024,-372177000,289877.0,-1283.913521942065,-1888.4664293521485,-32.012902004166385,
IP,2024-12-31,2024,557000000,354200000.0,1.572557876905703,0.8249785161844744,90.61803987075724,90.61803987075724
IPAR,2024-12-31,2024,164358000,32124285.0,5.116316207504696,4.749701786282897,7.71868293459137,7.71868293459137
IPDN,2024-12-31,2024,-2511965,41702.0,-60.23607980432593,-121.89140514560361,-50.582176214662724,
IPG,2024-12-31,2024,689500000,377700000.0,1.8255229017738945,2.8463332469551696,-35.86404881695685,
IPGP,2024-12-31,2024,-181526000,44336000.0,-4.094325153374233,4.625486052409129,-188.51664683415817,
IPHI,2020-12-31,2020,-59744000,49901181.0,-1.1972462134713806,,,
IPI,2024-12-31,2024,-212845000,12880026.0,-16.525199560932563,-2.795484375481205,491.1390421593028,
IPSC,2024-12-31,2024,-126566000,78648958.0,-1.6092520895191007,-2.3663926499418015,-31.995559166452015,
IPVI,2021-12-31,2021,-3564767,30406678.0,-0.11723631894283223,,,
IPWR,2024-12-31,2024,-10417813,8165485.0,-1.2758351769674428,-1.6078869977866965,-20.651440137045252,
IPXX,2024-12-31,2024,7899035,59538000.0,0.13267215895730458,,,
IQV,2024-12-31,2024,1373000000,183400000.0,7.486368593238822,7.289318303811058,2.703274589130533,2.703274589130533
IR,2024-12-31,2024,838600000,407200000.0,2.0594302554027504,1.903911980440098,8.168354239081133,8.168354239081133
IRBT,2024-12-31,2024,-145518000,29600000.0,-4.916148648648648,-11.009900274606157,-55.34792753765876,
IRDM,2024-12-31,2024,112776000,119792000.0,0.9414318151462535,0.12117281767087215,676.9331713514799,676.9331713514799
IREN,2024-06-30,2024,6906000,99640920.0,0.06930887430585747,0.08726486022442295,-20.576422024154127,
IRIX,2024-12-31,2024,-8910000,16439000.0,-0.5420037715189489,-0.5933779761904762,-8.657922392292505,
IRM,2024-12-31,2024,180156000,296234000.0,0.6081543644551267,0.6267208681305597,-2.9624837179612173,
IRMD,2024-12-31,2024,19234000,12783558.0,1.504588941513779,1.3513645477746958,11.338494412288602,11.338494412288602
IRRX,2024-12-31,2024,-4822902,9607057.0,-0.5020165905125784,0.3688029539119004,-236.1205449109554,
IRT,2024-12-31,2024,39291000,225584306.0,0.17417435058625044,-0.07676422145432056,-326.895221870901,
IRTC,2024-12-31,2024,-113289000,31196000.0,-3.6315232722143866,-4.042387316561845,-10.163896038960186,
IRWD,2024-12-31,2024,880000,160084000.0,0.005497114015142051,-6.4479621706822785,-100.08525350908752,
ISDR,2023-12-31,2023,766000,3816000.0,0.20073375262054508,0.5171122994652406,-61.18178723883978,
ISEE,2022-12-31,2022,-185211000,119687000.0,-1.547461294877472,-1.0884362793084768,42.1728882338092,
ISO,2022-12-31,2022,-105997000,39318348.0,-2.695866062327949,-2.369050699420102,13.79520341155407,
ISPC,2024-12-31,2024,-12497805,17771.0,-703.269652805132,-982.0817554415148,-28.389907570478922,
ISR,2022-06-30,2022,-2078000,141987000.0,-0.014635142653904936,-0.03264606465654221,-55.17026996093974,
ISRG,2024-12-31,2024,2322600000,362000000.0,6.416022099447514,5.030777839955232,27.535389229284846,27.535389229284846
ISSC,2022-09-30,2022,5523778,17257871.0,0.32007296844436955,0.2940160054613151,8.862430105521192,8.862430105521192
ISSM,2022-12-31,2022,-70858000,17625619.0,-4.020170866055825,-7.868945400332816,-48.91093200512241,
IT,2024-12-31,2024,1253715000,78338000.0,16.003918915468866,11.075125502008031,44.50327368811482,44.50327368811482
ITCI,2024-12-31,2024,-74676000,103131017.0,-0.7240886609311726,-1.4567321788700744,-50.29363177157124,
ITGR,2024-12-31,2024,119896000,35649000.0,3.3632359953995903,2.68528941287991,25.246685860672223,25.246685860672223
ITHUF,2024-12-31,2024,-7636000,6539803000.0,-0.0011676192692654504,-11.902383707834623,-99.99019003841644,
ITI,2024-03-31,2023,3131000,43904000.0,0.07131468658892129,-0.3496528186418736,-120.39585634284968,
ITOS,2024-12-31,2024,-134414000,40474385.0,-3.320964605144711,-3.149634040497132,5.439697515478215,
ITRI,2024-12-31,2024,239105000,46187000.0,5.17688960096997,2.114560607382843,144.8210556318516,144.8210556318516
ITT,2024-12-31,2024,519900000,82300000.0,6.317132442284326,4.984280532043531,26.741109407305608,26.741109407305608
ITW,2024-12-31,2024,3488000000,297800000.0,11.712558764271323,9.739789196310936,20.254746054540874,20.254746054540874
IVAC,2024-12-31,2024,-39799000,26769.0,-1486.757069744854,-466.6743233413728,218.58557357510531,
IVC,2022-12-31,2022,-101071000,36517000.0,-2.7677793904209,-1.2916879287860747,114.27616754319696,
IVCP,2023-12-31,2023,-58379761,31643646.0,-1.844912593194855,,,
IVDN,2024-10-31,2024,96923,37276150.0,0.002600134402292082,,,
IVFH,2024-12-31,2024,2611514,51315879.0,0.05089095326614205,-0.0887414195849451,-157.34746356793198,
IVR,2024-12-31,2024,34763000,53775143.0,0.6464510935842607,-0.8517755951010821,-175.8945310598556,
IVT,2024-12-31,2024,13658000,71010568.0,0.1923375686841429,0.07769876003455375,147.54264881268065,147.54264881268065
IVVD,2024-12-31,2024,-169925000,118555073.0,-1.43330011698445,-1.8136598056719893,-20.971942339903716,
IVZ,2024-12-31,2024,538000000,457700000.0,1.1754424295389994,-0.731477422183253,-260.6942871907976,
IXAQ,2024-12-31,2024,-2274976,5750000.0,-0.395648,0.6988509565217391,-156.61407433269966,
IZEA,2024-12-31,2024,-18852261,17067995.0,-1.1045386994781754,,,
J,2025-09-30,2025,289336000,121932000.0,2.372929173637765,6.34020925467798,-62.57333033784409,
JACK,2025-09-30,2025,-80719000,19054000.0,-4.236328330009447,-1.8748722665031679,125.95290386958683,
JAGX,2023-12-31,2023,-41300000,36.0,-1147222.2222222222,-23727000.0,-95.16490823862172,
JAKK,2024-12-31,2024,33920000,11226000.0,3.021557099590237,3.626628895184136,-16.684138716188592,
JAMF,2020-12-31,2020,-24082000,121014325.0,-0.1990012339448243,,,
JAN,2024-12-31,2024,-6245000,11148493.0,-0.5601653963454971,-6.153640534601037,-90.89700814995989,
JANL,2024-12-31,2024,882000,1206000.0,0.7313432835820896,0.5335988879898758,37.05862213040552,37.05862213040552
JANX,2024-12-31,2024,-68994000,53751480.0,-1.2835739592658657,-1.324350808994935,-3.079006668936557,
JAQC,2022-12-31,2022,3429080,20297600.0,0.16894017026643543,0.10159646308878441,66.28548389406022,66.28548389406022
JATT-UN,2024-12-31,2024,-45386000,75070761.0,-0.6045762610558857,-2.0942089465424005,-71.13104391736753,
JAZZ,2024-12-31,2024,560120000,66007000.0,8.4857666611117,5.7562789665029275,47.41757149874548,47.41757149874548
JBGS,2020-12-31,2020,-62303000,133451000.0,-0.4668604956126219,,,
JBHT,2024-12-31,2024,570886000,102754000.0,5.555851840317652,6.972523001215881,-20.317913051720137,
JBI,2022-12-31,2022,103806000,146722866.0,0.7074970850146834,0.3953006543689889,78.97695771438778,78.97695771438778
JBL,2025-08-31,2025,657000000,110900000.0,5.924256086564473,11.166532582461786,-46.94632337464236,
JBLU,2024-12-31,2024,-795000000,346000000.0,-2.2976878612716765,-0.9312105737458697,146.7420287152713,
JBSS,2025-06-30,2025,58934000,11724433.0,5.026597021792013,5.154974363309457,-2.49035848618705,
JBT,2021-12-31,2021,119100000,32100000.0,3.710280373831776,3.3894080996884735,9.466911764705888,9.466911764705888
JCI,2025-09-30,2025,3291000000,654100000.0,5.031340773582021,2.522189349112426,99.48307114026076,99.48307114026076
JCOM,2024-12-31,2024,63047000,44519693.0,1.4161598104461322,0.8932241492014691,58.54472941782427,58.54472941782427
JCS,2020-12-31,2020,-171658,2330668.0,-0.07365184573693036,,,
JD,2020-12-31,2020,7158197359,3109024030.0,2.302393706168942,,,
JEF,2023-11-30,2023,263072000,236620000.0,1.1117910573915983,3.040908397275121,-63.43885075960047,
JELD,2024-12-31,2024,-189020000,84989963.0,-2.224027324261807,0.7271697434503922,-405.84706587335216,
JFIN,2022-12-31,2022,175299887,215259640.0,0.8143648618942223,0.33857706154558076,140.52570430397836,140.52570430397836
JHG,2024-12-31,2024,408900000,155800000.0,2.6245186136071887,2.4423676012461057,7.457968745906585,7.457968745906585
JILL,2025-01-31,2024,39483000,15136833.0,2.608405602413662,2.5131782009334604,3.7891225319729216,3.7891225319729216
JJSF,2025-09-30,2025,65595000,19548000.0,3.3555862492326582,4.45015167874955,-24.596137582089206,
JKHY,2023-06-30,2023,366646000,73096000.0,5.015951625259932,4.9385733336962145,1.5668146716736997,1.5668146716736997
JLL,2024-12-31,2024,546800000,48372000.0,11.304060200115769,4.667826375082837,142.16968009901962,142.16968009901962
JMACU,2022-12-31,2022,-677483,2587500.0,-0.26182917874396133,,,
JNCE,2022-12-31,2022,-50919000,51676000.0,-0.9853510333617153,-1.8199515331156997,-45.85839153228298,
JNJ,2022-12-31,2022,17941000000,2663900000.0,6.734862419760502,7.818889970788705,-13.864212887994576,
JNPR,2024-12-31,2024,307100000,334600000.0,0.9178123132098027,1.010739490641301,-9.193979090748417,
JOB,2024-09-30,2024,-24102000,109139000.0,-0.22083764740376952,0.08209911519853551,-368.98907116079226,
JOBY,2024-12-31,2024,-608034000,699794747.0,-0.8688747702188739,-0.7918567425103726,9.726257740047274,
JOE,2024-12-31,2024,74189000,58346726.0,1.2715195022253691,1.3324130986741811,-4.570173958016788,
JOUT,2025-09-30,2025,-34294000,10264000.0,-3.3411925175370225,-2.595929948145974,28.708885997610167,
JRSH,2025-03-31,2024,-848369,12329021.0,-0.06881073525627054,-0.16314990679016564,-57.823613503640495,
JSDA,2024-12-31,2024,-9895000,107481563.0,-0.09206230095481585,-0.048096152353391104,91.41302671860161,
JUSHF,2024-12-31,2024,-48777000,195158282.0,-0.2499355881806748,-0.3342502907990879,-25.225019974356055,
JVA,2024-10-31,2024,2218014,5708599.0,0.3885391144131861,-0.1463714652229032,-365.44730820416095,
JW-A,2025-04-30,2025,84161000,54830000.0,1.534944373518147,,,
JWN,2025-01-31,2024,294000000,168900000.0,1.7406749555950267,0.8200734394124847,112.25842368972194,112.25842368972194
JXN,2021-12-31,2021,3417000000,94465511.0,36.17193157405352,-24.150554854563776,-249.77681379116655,
K,2024-12-31,2024,1343000000,349000000.0,3.848137535816619,2.758520667150109,39.500043687989425,39.500043687989425
KA,2023-12-31,2023,-14099000,11054000.0,-1.2754658946987516,-12.8721071863581,-90.09124243425742,
KAI,2024-12-31,2024,111598000,11771000.0,9.4807577945799,9.89589905362776,-4.195083809951283,
KALA,2024-12-31,2024,-38511000,75921.0,-507.25095823289996,-867.578125,-41.532532504447374,
KALU,2024-12-31,2024,65700000,16319000.0,4.025981984190207,4.20308722335875,-4.213694119509981,
KALV,2025-04-30,2025,-183444000,49652878.0,-3.694529046231721,-3.4426689627941713,7.315837978018447,
KAMN,2023-12-31,2023,7947000,28343000.0,0.2803866915993367,-1.7340687587019386,-116.16929491361255,
KANP,2024-12-31,2024,-1091000,1845000.0,-0.5913279132791328,2.0092140921409216,-129.4308065821419,
KAR,2023-12-31,2023,-154100000,109100000.0,-1.4124656278643446,1.9907059124048132,-170.9530031062226,
KBAL,2022-06-30,2022,-15714000,36798000.0,-0.42703407793901843,0.19843733276249598,-315.1984568599919,
KBH,2024-11-30,2024,655018000,76955000.0,8.511701643817815,7.078160230271048,20.253022917112908,20.253022917112908
KBSR,2024-12-31,2024,-10851000,148516246.0,-0.0730627139605993,-1.059125494319745,-93.10159991875882,
KD,2023-12-31,2023,-1374000000,228550000.0,-6.011813607525705,,,
KDMN,2020-12-31,2020,-111035000,166240356.0,-0.6679184445442357,,,
KDNY,2022-12-31,2022,-187865000,67779000.0,-2.7717287065315217,-2.3048521081032667,20.256249708466623,
KDP,2024-12-31,2024,1441000000,1368300000.0,1.0531316231820507,1.5485657483669413,-31.993095915194857,
KE,2025-06-30,2025,16984000,25017000.0,0.6788983491225966,0.8114170424875385,-16.33176115683781,
KEX,2024-12-31,2024,286707000,58355000.0,4.913152257732842,3.724459962911606,31.91582958759942,31.91582958759942
KEYR,2024-06-30,2024,-30385693,55351894.0,-0.548954892130701,,,
KEYS,2024-10-31,2024,614000000,175000000.0,3.5085714285714285,5.905027932960894,-40.583322070550075,
KFRC,2024-12-31,2024,50414000,18811000.0,2.6800276434001384,3.130927359409443,-14.401474842723704,
KFY,2025-04-30,2025,246062000,52806000.0,4.659735636101958,3.288886296469124,41.68126277592958,41.68126277592958
KGC,2022-12-31,2022,-637100000,1292811000.0,-0.4928021187938531,0.19785674887715704,-349.07015888541576,
KHC,2024-12-31,2024,2744000000,1215000000.0,2.2584362139917697,2.311740890688259,-2.3058240182194156,
KIDS,2024-12-31,2024,-37822000,23077704.0,-1.63889787302931,-0.9249640040648318,77.18504350731877,
KIN,2020-12-31,2020,-21796000,39289000.0,-0.5547608745450381,,,
KIND,2024-12-31,2024,-98063000,385113000.0,-0.25463435407270074,-0.3896201490294104,-34.64548619802521,
KIRK,2024-01-31,2023,-27751000,12871000.0,-2.1560873281019344,-3.5043123725889918,-38.47331234033188,
KITT,2024-12-31,2024,-134906649,8504.0,-15863.905103480714,,,
KLAC,2025-06-30,2025,4061643000,1337500000.0,3.036742429906542,2.028017358485024,49.73946929995998,49.73946929995998
KLC,2024-12-31,2024,-92840000,96309000.0,-0.963980521031264,1.1346292137317593,-184.95995955020078,
KLDI,2023-12-31,2023,-34813000,43013825.0,-0.8093444375151477,-1.0108709247495171,-19.935926763776045,
KLIC,2025-09-30,2025,213000,53193000.0,0.004004286278269697,-1.2408249869634798,-100.32271160883606,
KLXE,2022-01-31,2021,-93800000,8600000.0,-10.906976744186046,-14.430769230769231,-24.418604651162788,
KMB,2022-12-31,2022,1934000000,342500000.0,5.646715328467153,5.3636901241868715,5.276688207695224,5.276688207695224
KMI,2024-12-31,2024,2613000000,2220000000.0,1.177027027027027,1.0702775290957922,9.9740016051183,9.9740016051183
KMPH,2024-12-31,2024,-105511000,46251239.0,-2.281257805871968,-1.2988943503497359,75.63074358262658,
KMT,2025-06-30,2025,93125000,77894000.0,1.195534957763114,1.3671356218345525,-12.551839139497245,
KMX,2025-02-28,2024,500556000,156061000.0,3.2074381171465003,3.019425734214622,6.226759638477475,6.226759638477475
KN,2024-12-31,2024,-237800000,90100000.0,-2.639289678135405,0.7903930131004366,-433.92118027238,
KNDI,2023-12-31,2023,7132,79902891.0,8.92583473606731e-05,-0.16042596208829596,-100.05563834319506,
KNF,2024-12-31,2024,201678000,56844000.0,3.54792062486806,3.227077009952707,9.942236083174683,9.942236083174683
KNOP,2021-12-31,2021,46114000,32694000.0,1.4104728696396893,1.7420015905059032,-19.031482099274832,
KNSA,2024-12-31,2024,-43193000,70186016.0,-0.6154074908597177,0.20066675390151792,-406.68134052825906,
KNTE,2023-12-31,2023,-112649000,46575378.0,-2.4186384488387835,-2.6385799093077935,-8.335599755502932,
KNWN,2025-09-30,2025,-24353931,63055205.0,-0.38623188997641034,-7.851974717665102,-95.0810859196034,
KNX,2024-12-31,2024,117626000,162173000.0,0.7253118583241354,1.3418671906862927,-45.94756743749152,
KO,2024-12-31,2024,10631000000,4320000000.0,2.4608796296296296,2.4692325420603827,-0.3382796998043447,
KOD,2024-12-31,2024,-176207000,52583148.0,-3.351016565231127,-4.9698501873230825,-32.57308693572332,
KOP,2024-12-31,2024,52400000,21291000.0,2.461133812408999,4.141325038302614,-40.57134396246924,
KOPN,2024-12-31,2024,-43877896,132875913.0,-0.3302170800512204,-0.18121581451076793,82.22310284712968,
KORE,2024-12-31,2024,-146076000,19246799.0,-7.589625682691444,-9.96572830411335,-23.842739325345352,
KOS,2024-12-31,2024,189851000,476691000.0,0.3982684800006713,0.44384393123661836,-10.268350658522419,
KPLT,2024-12-31,2024,-25915000,4347000.0,-5.9615827007131355,-8.969178082191782,-33.532564008849356,
KPTI,2024-12-31,2024,-76422000,8458.0,-9035.469378103571,-18.78299270162095,48004.52477748032,
KR,2025-01-31,2024,2665000000,720000000.0,3.701388888888889,2.9848275862068965,24.006790408708145,24.006790408708145
KRA,2021-12-31,2021,170226000,32692000.0,5.206961947877156,-7.106470106470106,-173.2707218895702,
KRBP,2024-12-31,2024,-26898000,26069.0,-1031.800222486478,-19.085666390313676,5306.152456956575,
KRC,2024-12-31,2024,213031000,118156987.0,1.8029488175760608,1.8239369470161397,-1.150704769395361,
KREF,2020-12-31,2020,53553000,56057237.0,0.9553271417925931,,,
KRG,2024-12-31,2024,4136000,219727496.0,0.018823315585410394,0.21902505832624197,-91.40586208297103,
KRMD,2024-12-31,2024,-6066633,45802701.0,-0.13245142464414927,-0.3013301844204336,-56.044421869352036,
KRNL,2023-12-31,2023,7541436,20345127.0,0.3706752973328699,,,
KRO,2024-12-31,2024,86200000,115000000.0,0.7495652173913043,-0.4265855777584709,-275.71274240680066,
KRON,2024-12-31,2024,-86079000,60070000.0,-1.432978192109206,-1.9512503463563313,-26.56102817431506,
KROS,2024-12-31,2024,-187353000,37437652.0,-5.0044003828017845,-5.1954827906933785,-3.67785662256217,
KRP,2024-12-31,2024,-8839000,79757979.0,-0.1108227679640679,0.7540562179992049,-114.69688404110272,
KRT,2021-12-31,2021,20778000,18566260.0,1.1191268462253572,0.9163048595490925,22.134771475082225,22.134771475082225
KRTX,2023-12-31,2023,-433680000,36959049.0,-11.734068157435544,-8.736788593434769,34.30642199873157,
KRUS,2025-08-31,2025,-1904000,11916000.0,-0.15978516280631083,-0.7857907890039272,-79.66568645976935,
KRYS,2024-12-31,2024,89159000,29740000.0,2.9979488903833222,0.3939202666031609,661.0547475089636,661.0547475089636
KSICU,2021-12-31,2021,3820335,4375000.0,0.8732194285714285,,,
KSPN,2023-01-31,2022,-19044000,3865000.0,-4.927296248382923,-4.343428880475933,13.442544680114853,
KSS,2025-01-31,2024,109000000,112000000.0,0.9732142857142857,2.855855855855856,-65.92214961694457,
KSU,2022-12-31,2022,982200000,90777000.0,10.819921345715324,5.783403284973065,87.0857142857143,87.0857142857143
KT,2023-12-31,2023,760326437,471371084.0,1.6130103496123662,2.070561689354708,-22.09793323689564,
KTB,2024-12-31,2024,245802000,56321000.0,4.364304611068696,4.057437951204089,7.563064760449167,7.563064760449167
KTOS,2024-12-31,2024,16300000,150900000.0,0.10801855533465872,-0.06825153374233128,-258.26538893976965,
KULR,2024-12-31,2024,-17523629,23324642.0,-0.7512925171584627,-1.608786717557988,-53.300676282380934,
KURA,2024-12-31,2024,-173983000,86161000.0,-2.019277863534546,-2.0842972046593564,-3.1194851185072148,
KURI,2020-12-31,2020,-5085,43124998.0,-0.00011791304894669213,,,
KVHI,2024-12-31,2024,-11048000,19389000.0,-0.569807622878952,-0.8061683220073184,-29.319025900179273,
KVSA,2022-12-31,2022,1873625,34500000.0,0.05430797101449275,-0.18298659509057844,-129.67866088092973,
KVSC,2022-12-31,2022,11009423,62756827.0,0.17542988589910705,-0.119397180863269,-246.92967173153394,
KVUE,2024-12-31,2024,1030000000,1923000000.0,0.5356214248569943,0.8993014740653669,-40.440281673766954,
KW,2024-12-31,2024,-76500000,137778812.0,-0.5552377676184347,-2.4602226161729464,-77.43140137122441,
KWIK,2024-12-31,2024,-1956424,153915828.0,-0.012710999417161957,-0.02590090626651083,-50.92449937322488,
KWR,2024-12-31,2024,116644000,17870067.0,6.52733982474716,6.293564168057834,3.714519316031195,3.714519316031195
KYMR,2024-12-31,2024,-223858000,75043991.0,-2.9830236507543955,-2.517960139431002,18.46985200601654,
KZR,2024-12-31,2024,-83736000,7290245.0,-11.486033734120047,-14.040644405898256,-18.194397621130953,
LAC,2024-12-31,2024,-15240000,118808000.0,-0.12827419029021614,10.8441266581375,-101.1828909264349,
LAD,2024-12-31,2024,802000000,27100000.0,29.59409594095941,36.26086956521739,-18.385586733565173,
LADR,2024-12-31,2024,108255000,125785295.0,0.8606331924570356,0.8097618368923377,6.282261431327685,6.282261431327685
LAKE,2025-01-31,2024,-18075000,7426401.0,-2.433884192356432,0.7195241723648339,-438.26301962268667,
LAMR,2024-12-31,2024,361502000,102561151.0,3.5247459342573095,4.8517703259808345,-27.35134399535397,
LANC,2025-06-30,2025,167347000,27489000.0,6.087780566772164,5.775936783074178,5.399016564928716,5.399016564928716
LAND,2024-12-31,2024,-10455000,35909956.0,-0.2911448847222202,-0.27570580209595735,5.599839578598864,
LASR,2024-12-31,2024,-60792000,47900000.0,-1.269144050104384,-0.9043361256999002,40.33985970892682,
LAUR,2024-12-31,2024,296474000,153896000.0,1.9264568279877319,0.6814712533015791,182.69084259306175,182.69084259306175
LAWS,2024-12-31,2024,-7332000,46811354.0,-0.15662866748097054,-0.19984906236311498,-21.626518719219867,
LAZ,2024-12-31,2024,279912000,102392171.0,2.733724632130322,-0.8481359723356584,-422.3215051947381,
LAZY,2024-12-31,2024,-187217000,20713356.0,-9.038467740331408,-8.405726612190326,7.527500682968369,
LBPH,2023-12-31,2023,-54422000,22726325.0,-2.394667857649664,-2.5622551623654655,-6.540617311551655,
LBRDA,2024-12-31,2024,869000000,194822463.0,4.46047127532722,3.5314202962314463,26.308139534883736,26.308139534883736
LBRT,2024-12-31,2024,316010000,169398000.0,1.865488376486145,3.1544397822635517,-40.8614998144769,
LBRX,2024-12-31,2024,-63102000,358229.0,-176.14989294557392,,,
LBUY,2023-06-30,2023,-585211,95923444.0,-0.006100813060882176,0.006679173473362678,-191.3408385814941,
LCAHU,2022-12-31,2022,23970438,49600199.0,0.4832730207392918,0.73552608,-34.29559686866687,
LCI,2022-06-30,2022,-231620000,10087631.0,-22.96079228116096,-36.90889537126556,-37.790627299465385,
LCID,2024-12-31,2024,-3061552000,244517654.0,-12.520781014854657,-13.586594293857127,-7.844594870138666,
LCII,2024-12-31,2024,142867000,25507000.0,5.601089896891049,2.523785186350055,121.93211717006109,121.93211717006109
LCTX,2024-12-31,2024,-18609000,200193000.0,-0.09295529813729751,-0.12443893596196058,-25.300471738433394,
LCUT,2024-12-31,2024,-15165000,21481000.0,-0.7059727200782087,-0.39688605803255483,77.87793392840743,
LCW,2023-12-31,2023,3907392,28750000.0,0.13590928695652174,0.3440518260869565,-60.49743769644411,
LDI,2024-12-31,2024,-98331000,175962804.0,-0.5588169645216611,-0.6259391047212455,-10.723429754317149,
LDOS,2022-01-31,2021,685000000,143000000.0,4.79020979020979,4.361111111111111,9.839205380606654,9.839205380606654
LE,2025-01-31,2024,6233000,31664000.0,0.19684815563415867,-4.087707225523928,-104.8156128796364,
LEA,2024-12-31,2024,506600000,56476105.0,8.970165346919728,9.68428798281356,-7.374033456679163,
LEAF,2020-12-31,2020,-8860000,27305000.0,-0.32448269547701886,,,
LEAT,2024-12-31,2024,-2204664,6471072.0,-0.3406953283783583,0.1277319159540886,-366.7268597934571,
LECO,2024-12-31,2024,466108000,57194000.0,8.149596111480225,9.365143161402242,-12.979481775909274,
LEDS,2025-08-31,2025,-1130000,7721000.0,-0.1463540992099469,-0.3221518987341772,-54.56984739651942,
LEE,2023-09-30,2023,-5267000,5852222.0,-0.9000000341750535,-0.34612550507381895,160.02129891673496,
LEG,2024-12-31,2024,-511300000,137300000.0,-3.7239621267297887,-1.0036683785766691,271.03511540443725,
LEGH,2024-12-31,2024,61642000,24853778.0,2.4801863121172163,2.172263269373489,14.175217483308856,14.175217483308856
LEN,2022-11-30,2022,4614125000,299388192.0,15.411846970905252,13.987018149668307,10.186794683402445,10.186794683402445
LESL,2025-09-30,2025,-236970000,9268000.0,-25.56862321968062,-2.53164694034457,909.9600703485377,
LEU,2024-12-31,2024,73200000,16373000.0,4.47077505649545,5.444810012257274,-17.889236788227524,
LEVI,2024-11-30,2024,210600000,402368603.0,0.5234006789540684,0.6213233900946519,-15.760345208582283,
LFACU,2022-12-31,2022,1984300,19406250.0,0.10225056360708534,,,
LFG,2021-12-31,2021,-5153000,52847195.0,-0.09750754037182106,0.0,-inf,
LFMDP,2023-12-31,2023,-23702242,33905155.0,-0.6990748751922827,-1.5702864966310703,-55.48106178763592,
LFST,2024-12-31,2024,-57443000,379147000.0,-0.15150588030500042,-506.8946842759833,-99.9701109747242,
LFT-PA,2024-12-31,2024,17909190,52274904.0,0.3425963249975552,,,
LFUS,2024-12-31,2024,100190000,25039000.0,4.001357881704541,10.337224125567683,-61.29175653831729,
LFVN,2025-06-30,2025,9805000,12987000.0,0.7549857549857549,0.22616664099799785,233.81835254494425,233.81835254494425
LGF-B,2022-03-31,2021,-188200000,224100000.0,-0.8398036590807675,-0.08571428571428572,879.7709355942286,
LGIH,2024-12-31,2024,196071000,23610457.0,8.30441359097793,8.424491854637333,-1.4253472581056026,
LGIQ,2021-12-31,2021,-20126787,36188346.0,-0.5561676402673944,-0.6700202460632757,-16.992412761379338,
LGL,2024-12-31,2024,432000,5553823.0,0.07778425779863708,0.05025278646096526,54.78595969809032,54.78595969809032
LGND,2024-12-31,2024,-4032000,18290000.0,-0.22044833242208858,2.937095230050121,-107.50565831732759,
LGVN,2024-12-31,2024,-24623000,941116400.0,-0.02616360739224181,-102.19048626862788,-99.97439721803117,
LGYV,2023-06-30,2023,-61879,50315064.0,-0.0012298304937066163,0.027272385374874225,-104.50943500834968,
LH,2024-12-31,2024,746000000,84400000.0,8.838862559241706,4.771689497716895,85.23549286831901,85.23549286831901
LHAI,2024-12-31,2024,778236,14357377.0,0.05420460854374723,0.011199481481481482,383.99212618347906,383.99212618347906
LHCG,2022-12-31,2022,39871000,30706000.0,1.2984758679085522,3.6816186295094484,-64.73084263805006,
LHX,2024-12-31,2024,1502000000,190700000.0,7.876245411641322,6.437565582371459,22.34819685891083,22.34819685891083
LIAN,2022-12-31,2022,-110290000,107923296.0,-1.0219295007446771,-5.707287610254882,-82.09430520185335,
LICN,2023-12-31,2023,8338000,130363.0,63.95986591287405,69.49333333333334,-7.962587423914935,
LIDR,2024-12-31,2024,-35460000,7253683.0,-4.88855109880043,-14.950269582226055,-67.30125117869254,
LIFE,2024-12-31,2024,-64023000,74261265.0,-0.862131826060329,-0.9399795039734743,-8.281848442872231,
LIFX,2024-12-31,2024,-4555000,72125571.0,-0.06315374612424213,-0.4220466718209366,-85.0363122514951,
LII,2024-12-31,2024,811100000,35800000.0,22.656424581005588,16.560224089635856,36.8123067560723,36.8123067560723
LILA,2020-12-31,2020,-243400000,316610759.0,-0.7687673052197194,,,
LIN,2024-12-31,2024,6909000000,482092000.0,14.33128946342192,13.169067013345792,8.825397037605697,8.825397037605697
LINC,2024-12-31,2024,9891000,30891000.0,0.3201903467029232,0.8512163976294161,-62.38437751027435,
LIND,2024-12-31,2024,-35820000,53817462.0,-0.6655832264999788,-0.938533095473224,-29.082604576199778,
LINK,2023-12-31,2023,-383000,14830500.0,-0.02582515761437578,0.11253575635201077,-122.94840186935336,
LIPO,2024-12-31,2024,-5016264,1048185.0,-4.785666652356216,-6.1554684001791085,-22.253412068251944,
LITE,2025-06-30,2025,25900000,69600000.0,0.37212643678160917,-8.12035661218425,-104.58263663227856,
LITT,2022-12-31,2022,16588089,34089611.0,0.48660247252454714,-0.019421806064019526,-2605.4439886824825,
LIVE,2025-09-30,2025,22743000,4616346.0,4.926623784265738,-8.477764017935943,-158.1123014729208,
LIVN,2024-12-31,2024,63234000,54574000.0,1.1586836222376955,0.3236552792739615,257.99929629972615,257.99929629972615
LIVX,2025-03-31,2024,-18709000,9504124.0,-1.9685138788172376,-1.3657106197753666,44.13843242582538,
LIXT,2024-12-31,2024,-3585965,2249290.0,-1.5942653014951385,-2.6552500785557025,-39.957998142219296,
LJPC,2021-12-31,2021,19660000,34179000.0,0.5752069984493402,-1.4424603900618391,-139.8767967850182,
LKCRU,2022-12-31,2022,27301957,29620000.0,0.9217406144496961,1.9272885212694126,-52.174227974823935,
LKQ,2024-12-31,2024,626000000,263900000.0,2.372110647972717,3.346999627282892,-29.12725090745212,
LL,2023-12-31,2023,-103494000,28806000.0,-3.5927931680899814,-0.4186070686070686,758.2734113986993,
LLAP,2023-12-31,2023,-151843000,170076500.0,-0.8927923610845707,-1.2226106381545137,-26.976558748727363,
LLNW,2022-12-31,2022,-136519000,151776000.0,-0.8994768606367278,-0.48241594434936236,86.45255638261673,
LLPP,2025-02-28,2024,-15057000,47587038.0,-0.31640969122726237,-0.4422327848483843,-28.451778776252258,
LLY,2024-12-31,2024,10590000000,904059000.0,11.713837260621265,5.801054817753885,101.92598809395075,101.92598809395075
LMAO,2024-12-31,2024,-24830000,3743554.0,-6.632734561862872,-1.2105030241809884,447.93209346589606,
LMAT,2024-12-31,2024,44038000,22779000.0,1.933271873216559,1.3425946572715515,43.99520084084008,43.99520084084008
LMB,2024-12-31,2024,30875000,12027398.0,2.5670556507733426,1.7570121751445003,46.10346399917364,46.10346399917364
LMNR,2024-10-31,2024,7215000,17715000.0,0.4072819644369179,0.5055388286087599,-19.436066749263226,
LMNX,2020-12-31,2020,15170000,45820000.0,0.3310781318201659,,,
LMT,2024-12-31,2024,5336000000,239200000.0,22.307692307692307,27.56972111553785,-19.086260560249002,
LNDC,2025-05-31,2025,-38717000,34818906.0,-1.1119533738366163,0.3277030674676592,-439.31735287963215,
LNG,2024-12-31,2024,3252000000,229100000.0,14.194674814491488,40.72959604286892,-65.14899190369765,
LNN,2025-08-31,2025,74052000,10918000.0,6.782560908591317,6.014069165834619,12.778232533846289,12.778232533846289
LNSR,2024-12-31,2024,-31404000,11518000.0,-2.7265150199687445,-1.3110017318384832,107.97188544863445,
LNT,2024-12-31,2024,690000000,256800000.0,2.6869158878504673,2.7753651796288987,-3.186942476170229,
LNTH,2024-12-31,2024,312442000,71651000.0,4.3606090633766454,4.650706872250459,-6.237714326928467,
LOAN,2024-12-31,2024,5590936,11438656.0,0.48877560440667156,0.47744504431268325,2.3731652949292803,2.3731652949292803
LOCC,2022-12-31,2022,-488988,20000000.0,-0.0244494,-0.03931896,-37.81778561793089,
LOCO,2024-12-31,2024,25684000,30034978.0,0.8551363014149702,0.7433954489676217,15.031145617386654,15.031145617386654
LODE,2024-12-31,2024,-53321454,16613755.0,-3.2094763646147424,0.8711492586814259,-468.4186530184983,
LOGI,2025-03-31,2024,631529000,152784000.0,4.133476018431249,3.8701342218232164,6.804461590067867,6.804461590067867
LOPE,2024-12-31,2024,226234000,29271000.0,7.728946739093301,6.79951570637211,13.669076929261049,13.669076929261049
LORL,2020-12-31,2020,245578000,30933000.0,7.939029515404261,,,
LOVE,2025-01-31,2024,11556000,16791471.0,0.6882065305654281,1.4496017498499276,-52.52444123796926,
LOW,2025-01-31,2024,6957000000,568000000.0,12.248239436619718,13.229452054794521,-7.416880261637138,
LPCN,2024-12-31,2024,8352,5422604.0,0.001540219422255433,-3.103072468850522,-100.04963530300104,
LPG,2025-03-31,2024,90170480,42232353.0,2.135104335768362,7.600558800572561,-71.90858735797792,
LPLA,2024-12-31,2024,1058616000,75427000.0,14.034974213477932,13.694275696433388,2.4878900103732837,2.4878900103732837
LPRO,2024-12-31,2024,-135010000,119179766.0,-1.1328265235895831,0.1816836534434115,-723.5159311910367,
LPSN,2024-12-31,2024,-134273000,5917301.0,-22.691595374310012,-19.159046891068606,18.43801783734962,
LPTH,2024-06-30,2024,-8007346,37944935.0,-0.21102542407833877,-0.1279139639752831,64.97450123515472,
LPTV,2024-06-30,2024,-31963679,67612055.0,-0.47275118320246295,-0.5420631305382885,-12.786692809561906,
LPTX,2024-12-31,2024,-67789000,37550677.0,-1.8052670528416839,-3.9820770825922227,-54.66519066811975,
LPX,2024-12-31,2024,421000000,71000000.0,5.929577464788732,2.4583333333333335,141.20315111005007,141.20315111005007
LQDA,2024-12-31,2024,-128291000,78707503.0,-1.629971668647651,-1.2078443073270924,34.948822357304344,
LQDT,2025-09-30,2025,28093000,32411075.0,0.8667716205031768,0.6318795814351762,37.17354476536412,37.17354476536412
LQMT,2024-12-31,2024,-1512000,917285149.0,-0.001648342395653459,-0.0022337655877605407,-26.207906295754036,
LRCX,2025-06-30,2025,5358217000,1290142000.0,4.1531994152581655,2.8999371188302585,43.21687833470791,43.21687833470791
LRDC,2024-05-31,2024,-2867299,57255381.0,-0.05007911832776032,-0.05435386064412007,-7.864652603700906,
LRMR,2024-12-31,2024,-80604000,61256084.0,-1.3158529689883538,-0.841639078038819,56.344091347866645,
LRN,2025-06-30,2025,287941000,48413717.0,5.9475086368600865,4.690040925507105,26.811444320542233,26.811444320542233
LSCC,2024-12-31,2024,61131000,138322000.0,0.44194705108370325,1.8532155375921024,-76.15242036779335,
LSEA,2024-12-31,2024,17231000,36556070.0,0.471358108243036,0.7481768627047346,-36.999106529567214,
LSI,2022-12-31,2022,358132000,85396539.0,4.193753098120288,3.148744371924279,33.188109378259156,33.188109378259156
LSTR,2024-12-31,2024,195946000,35538000.0,5.513703641172829,7.360634743875279,-25.092008596667092,
LSXMA,2024-12-31,2024,-2063000000,331113697.0,-6.230488254311026,2.2983041985122106,-371.0906701708279,
LTBR,2024-12-31,2024,-11787066,14487834.0,-0.8135837282508896,-0.6536301195397458,24.471578638967138,
LTC,2024-12-31,2024,90358000,44241000.0,2.0424041047896746,2.1555200928478166,-5.247735265074526,
LTCH,2020-12-31,2020,-50226000,7238708.0,-6.938531019623944,,,
LTH,2024-12-31,2024,156240000,211164000.0,0.7398988463942717,0.3728487046886106,98.44479465530335,98.44479465530335
LTHM,2022-12-31,2022,273500000,201600000.0,1.3566468253968254,0.0037128712871287127,36439.021164021164,36439.021164021164
LTRN,2024-12-31,2024,-20781213,10762319.0,-1.93092334468064,-1.472145053224089,31.163932552148864,
LTRPA,2021-12-31,2021,179000000,77000000.0,2.324675324675325,-3.1315789473684212,-174.23332969551458,
LTRX,2025-06-30,2025,-11373000,38613000.0,-0.2945381089270453,-0.12079388006205531,143.83529097312922,
LTUM,2024-12-31,2024,-964597,117892441.0,-0.00818200888723646,-0.0053242525922586855,53.67431851623405,
LUCY,2024-12-31,2024,-7766515,1496357.0,-5.190282131870937,,,
LULU,2025-01-31,2024,1814616000,123935000.0,14.641675071610118,12.200456477254841,20.0092398092351,20.0092398092351
LUMN,2024-12-31,2024,-55000000,987680000.0,-0.05568605216264377,-10.475230423535802,-99.46840260394151,
LUMO,2023-12-31,2023,-34034000,8145155.0,-4.178434910078446,-3.7094177198199008,12.643957237615089,
LUNA,2022-12-31,2022,9279000,32591973.0,0.28470200315887595,0.04125274497167993,590.1407490685148,590.1407490685148
LUNG,2024-12-31,2024,-56394000,39111073.0,-1.441893450481402,-1.6022039171638218,-10.005621941444076,
LUV,2024-12-31,2024,465000000,643000000.0,0.7231726283048211,0.7265625,-0.4665629860031162,
LVLT,2022-12-31,2022,-4793000000,365323000.0,-13.119896639412246,1.6040599688494839,-917.9180887372015,
LVLU,2023-12-31,2023,-19334000,2658608.0,-7.2722266689936985,2.7606068443781075,-363.428553174943,
LVOX,2022-12-31,2022,-37475000,92003000.0,-0.4073236742280143,,,
LVS,2024-12-31,2024,1446000000,737000000.0,1.9620081411126187,1.5960784313725491,22.926799995999446,22.926799995999446
LVVR,2024-12-31,2024,-5235000,12886000.0,-0.4062548502250504,-0.5273386288270224,-22.96129507358542,
LVWR,2024-12-31,2024,-93925000,203206000.0,-0.462215682607797,-0.5409769683561806,-14.559082984199613,
LW,2025-05-31,2025,357200000,142700000.0,2.503153468815697,4.982829670329671,-49.76441832397443,
LWAY,2024-12-31,2024,9025000,15130000.0,0.5964970257766028,,,
LWLG,2021-12-31,2021,-18631381,105223959.0,-0.17706405629539182,-0.0731072858654879,142.1975514467557,
LXP,2024-12-31,2024,37922000,58311999.0,0.6503292744260062,0.4097447019038182,58.71572503667464,58.71572503667464
LXRX,2024-12-31,2024,-200403000,320031000.0,-0.6261987119997751,-0.8009722787500565,-21.82017672609361,
LXU,2024-12-31,2024,-19353000,71971000.0,-0.26889997360047796,0.3718109187749667,-172.3216990201479,
LYB,2024-12-31,2024,1360000000,326000000.0,4.171779141104294,6.484662576687117,-35.66698202459793,
LYEL,2024-12-31,2024,-342994000,13074000.0,-26.234817194431695,-18.69704322603523,40.315326211046454,
LYFT,2024-12-31,2024,22784000,413651000.0,0.05508024880877842,-0.8831795710226167,-106.23658547094811,
LYRA,2024-12-31,2024,-93435000,1302277.0,-71.74740857743782,-62.92629351280913,14.018170421610932,
LYTS,2025-06-30,2025,24383000,30832000.0,0.7908341982355994,0.8306837834242384,-4.797202736325412,
LYV,2024-12-31,2024,896287000,236352449.0,3.7921629489864097,2.4110288643656737,57.28401285581886,57.28401285581886
LZ,2024-12-31,2024,29963000,182865000.0,0.16385311568643535,0.07176915361469022,128.30576568607705,128.30576568607705
M,2025-01-31,2024,582000000,281600000.0,2.0667613636363638,0.16175413371675054,1177.717803030303,1177.717803030303
MA,2024-12-31,2024,12874000000,927000000.0,13.887810140237324,11.834038054968287,17.3547868929389,17.3547868929389
MAA,2020-12-31,2020,251274000,114500000.0,2.194532751091703,,,
MAC,2024-12-31,2024,-194120000,221845000.0,-0.8750253555410309,-1.271480134355225,-31.180572004393802,
MACK,2023-12-31,2023,-1181000,14299000.0,-0.08259318833484859,-0.11416740609287193,-27.6560700103308,
MACQ,2023-12-31,2023,7000,92465503.0,7.570390873231934e-05,0.3167504089910907,-99.97609982289417,
MAIN,2022-12-31,2022,241606000,74482176.0,3.2438096330590556,4.796368517283332,-32.36946616236334,
MAN,2024-12-31,2024,145100000,48300000.0,3.0041407867494825,1.7619047619047619,70.50528789659225,70.50528789659225
MANH,2024-12-31,2024,218364000,62183000.0,3.511635012784845,2.8202146690518783,24.516585610322128,24.516585610322128
MANT,2021-12-31,2021,137017000,40900597.0,3.350000001222476,2.969999969444952,12.79461399619275,12.79461399619275
MAPS,2024-12-31,2024,7639000,97103304.0,0.07866879586301204,-0.10615056514987718,-174.11057656823323,
MAR,2024-12-31,2024,2375000000,285200000.0,8.32748948106592,10.178276658963354,-18.18369887074709,
MARA,2023-12-31,2023,259052000,267912443.0,0.9669278406751717,-6.116464527300367,-115.80860702059768,
MARK,2023-12-31,2023,-29150000,16741677.0,-1.7411636839009617,-5.219376844821509,-66.64039145538062,
MARX,2023-12-31,2023,2586760,1500000.0,1.7245066666666666,,,
MAS,2024-12-31,2024,822000000,219000000.0,3.7534246575342465,4.017699115044247,-6.577756321284167,
MASI,2022-12-31,2022,143500000,55200000.0,2.5996376811594204,3.9816870144284127,-34.71014492753623,
MASS,2024-12-31,2024,-72206000,34076321.0,-2.118949401844172,-1.1290224623949197,87.68000393449982,
MAT,2024-12-31,2024,541817000,343336000.0,1.578095509937787,0.6002374605165887,162.91186634363243,162.91186634363243
MATW,2024-09-30,2024,-59660000,30913000.0,-1.9299323909035033,1.2557448304515963,-253.6882608713948,
MATX,2024-12-31,2024,476400000,34200000.0,13.929824561403509,8.322128851540617,67.38294743928147,67.38294743928147
MAX,2024-12-31,2024,16629000,53043576.0,0.3134969633269069,-0.8869205679030073,-135.3466786848933,
MAXR,2022-12-31,2022,-150000000,74000000.0,-2.027027027027027,0.6157965194109772,-429.1715628672151,
MBC,2024-12-31,2024,125900000,130900000.0,0.9618029029793735,1.401077752117013,-31.352638957680977,
MBII,2021-12-31,2021,-16554000,174832000.0,-0.09468518349043653,-0.1354538860382022,-30.09784638904167,
MBIO,2024-12-31,2024,-15752000,609696.0,-25.83582637904792,,,
MBOT,2024-12-31,2024,-11443000,15644511.0,-0.7314386496324493,-1.0525506706677188,-30.507986929651754,
MBRX,2024-12-31,2024,-21763000,137720.0,-158.023525994772,-376.70834176958897,-58.051492766935866,
MBUU,2025-06-30,2025,14879000,19694677.0,0.7554833217117498,-2.735494484220196,-127.6177972966052,
MC,2024-12-31,2024,136020000,76611948.0,1.7754410839416328,-0.36057858293434414,-592.386727323989,
MCAA,2023-12-31,2023,4708126,5000000.0,0.9416252,0.2452562,283.9353296675069,283.9353296675069
MCAC,2023-12-31,2023,-9149666,417493.0,-21.915735114121674,,,
MCAD,2022-12-31,2022,-39760000,7557500.0,-5.260999007608336,-5.337082368508105,-1.425560927234415,
MCD,2024-12-31,2024,8224000000,722000000.0,11.390581717451523,11.57103825136612,-1.559553516239498,
MCF,2020-12-31,2020,-165342000,137522000.0,-1.202294905542386,,,
MCFT,2023-06-30,2023,68937000,17765117.0,3.880469799326399,3.0717323427496925,26.328383020922885,26.328383020922885
MCHP,2025-03-31,2024,-2700000,537300000.0,-0.005025125628140704,3.4797445255474453,-100.14441076323988,
MCHX,2024-12-31,2024,-4947000,43159000.0,-0.11462267429736556,-0.23251448816311207,-50.70299696036309,
MCK,2025-03-31,2024,3295000000,128100000.0,25.72209211553474,22.38627889634601,14.901150989114221,14.901150989114221
MCLE,2024-12-31,2024,-70893,5920000.0,-0.01197516891891892,-0.009534628378378379,25.59659845867659,
MCMJ,2024-12-31,2024,-5747000,5005.0,-1148.2517482517483,-2367.988032909499,-51.509393954119155,
MCO,2024-12-31,2024,2058000000,182700000.0,11.264367816091953,8.733695652173912,28.97596005979586,28.97596005979586
MCRB,2024-12-31,2024,136000,7770038.0,0.01750313190231502,-17.7689168951113,-100.09850421387884,
MCRI,2024-12-31,2024,72769000,18971000.0,3.8358020135997046,4.202671016413498,-8.729424724918733,
MCW,2024-12-31,2024,70239000,329513232.0,0.21315987699091854,0.24412045049871556,-12.682498924013707,
MCY,2024-12-31,2024,467953000,55377000.0,8.450313306968598,1.739827707644796,385.69828321723776,385.69828321723776
MD,2024-12-31,2024,-99069000,83330000.0,-1.188875555022201,-0.7348815707838104,61.77784316378616,
MDB,2025-01-31,2024,-129072000,74555001.0,-1.7312319531723968,-2.478631905224976,-30.153729179272403,
MDC,2024-12-31,2024,323179000,76457945.0,4.226885773610578,5.322012079280538,-20.577298385576114,
MDGL,2024-12-31,2024,-465892000,21272962.0,-21.900664326857726,-19.9932854496207,9.540097259368707,
MDH,2021-12-31,2021,5258009,34500000.0,0.1524060579710145,2.898550724637681e-05,525700.9000000001,525700.9000000001
MDIA,2024-12-31,2024,-4926000,24713000.0,-0.19932828875490632,,,
MDLZ,2024-12-31,2024,4611000000,1347000000.0,3.423162583518931,3.6197080291970805,-5.429870146784932,
MDP,2021-06-30,2021,291400000,46500000.0,6.266666666666667,,,
MDRRP,2022-12-31,2022,-4769241,17439947.0,-0.273466484731863,-0.2721359440092341,0.4889250214531682,
MDT,2025-04-30,2025,4664000000,1289900000.0,3.6157841693154507,2.7642459780484137,30.805441991390058,30.805441991390058
MDU,2020-12-31,2020,390205000,527478664.0,0.7397550396464946,,,
MDVL,2022-12-31,2022,-47616000,1315528.0,-36.19535274049659,-67.0849620364799,-46.04550462320594,
MDXG,2024-12-31,2024,42419000,149049197.0,0.2845973064853211,0.3989244851186465,-28.658852213426467,
ME,2025-03-31,2024,-280885000,25817117.0,-10.8797973065699,-28.013817153605682,-61.1627460587978,
MEC,2024-12-31,2024,25968000,20972192.0,1.238211055859111,0.3789560543350708,226.74265041937866,226.74265041937866
MED,2024-12-31,2024,2091000,10963000.0,0.19073246374167654,9.103104111345115,-97.9047535718726,
MEDP,2024-12-31,2024,404386000,32014000.0,12.631536202911226,8.881944662542006,42.21588495346569,42.21588495346569
MEDS,2022-12-31,2022,-3472099,174305.0,-19.919675281833566,-31.757660300258678,-37.275998629939025,
MEG,2022-12-31,2022,-48219000,29688000.0,-1.6241915925626516,-1.5613306391258794,4.026114127367997,
MEI,2025-04-30,2025,-62600000,35330586.0,-1.771835881805074,-3.476130892087675,-49.02850505894055,
MEIP,2025-06-30,2025,-15945000,6663000.0,-2.3930661864025216,2.6681674921206664,-189.6895038812015,
MELI,2024-12-31,2024,1911000000,50697428.0,37.69421991190559,19.350338366251126,94.79876371385825,94.79876371385825
MERC,2024-12-31,2024,-85141000,66821951.0,-1.2741471735837224,-3.6450238082445456,-65.04420161257175,
MESA,2024-09-30,2024,-91015000,41137000.0,-2.212485110727569,-3.043608260483973,-27.307165660808288,
META,2024-12-31,2024,62360000000,2614000000.0,23.856159143075747,14.871814378090528,60.41189418166182,60.41189418166182
METC,2024-12-31,2024,11192000,57336845.0,0.195197346488109,1.3382173533038182,-85.41362910844028,
MFAC,2021-12-31,2021,17043000,14799091.0,1.151624785603386,-0.8253209605914309,-239.53659734730638,
MFIN,2020-12-31,2020,-34783000,24445452.0,-1.422882260471191,,,
MFON,2022-12-31,2022,-10061122,59241798.0,-0.16983147608045251,-0.16014951608569455,6.0455755542697,
MG,2024-12-31,2024,18958000,31608000.0,0.5997848645912427,-0.5754368611935378,-204.23122066723423,
MGEE,2024-12-31,2024,120569000,36239000.0,3.327050967190044,3.2526115072127344,2.28860593440805,2.28860593440805
MGLN,2020-12-31,2020,382335000,25532000.0,14.974737584208052,,,
MGM,2024-12-31,2024,746558000,310232000.0,2.40645065628304,3.184868958555825,-24.44114066864962,
MGNI,2024-12-31,2024,22786000,146810000.0,0.15520741093930931,-1.165158834724052,-113.32070841449419,
MGNX,2024-12-31,2024,-66966000,62621185.0,-1.0693825100882393,-0.1462638027380881,631.1327136784231,
MGP,2021-12-31,2021,205503000,156982000.0,1.3090863920704285,0.5871749978789538,122.94654860973782,122.94654860973782
MGPI,2024-12-31,2024,34663000,22015439.0,1.5744859777722353,4.846910681278789,-67.5156799597382,
MGRC,2022-12-31,2022,84470000,24519000.0,3.445083404706554,3.6591882520905568,-5.851156940659752,
MGRM,2024-12-31,2024,-16479000,32571470.0,-0.5059335670143227,-0.613363551844861,-17.51489544943009,
MGTA,2024-12-31,2024,-84969000,33313849.0,-2.5505608793508068,-8.451664068717045,-69.82179061291087,
MGTX,2024-12-31,2024,-147791000,69822353.0,-2.1166717197284943,-1.4875583158992345,42.29168007097313,
MGY,2024-12-31,2024,366027000,186492000.0,1.9626954507431955,2.0615380531443286,-4.794604797635193,
MHH,2024-12-31,2024,3402000,12014000.0,0.28316963542533713,-0.6146559889778697,-146.06961300356457,
MHK,2024-12-31,2024,514700000,63600000.0,8.092767295597485,-7.053426960114363,-214.73525339328486,
MHLD,2021-12-31,2021,117643000,86072667.0,1.3667869731514186,0.9481031030850021,44.16016240259888,44.16016240259888
MHO,2024-12-31,2024,563725000,28600000.0,19.710664335664337,16.205773784649672,21.627418706378254,21.627418706378254
MHUA,2024-12-31,2024,10843589,273717.0,39.61605965285313,48.560639097744364,-18.419402238276362,
MIC,2020-12-31,2020,-928000000,86951642.0,-10.67259891423327,,,
MICT,2020-12-31,2020,-22992000,27623175.0,-0.8323445802301872,,,
MIDD,2022-12-31,2022,436569000,68299121.0,6.392014913339807,6.884492475359033,-7.153433078500715,
MIK,2021-01-31,2020,294935000,148531000.0,1.985679757087746,,,
MIND,2024-01-31,2023,3514000,1406000.0,2.4992887624466573,-9.155542658154381,-127.29809532612101,
MIR,2024-12-31,2024,-36100000,204991000.0,-0.17610529242747242,-0.4934587434880251,-64.31205348948366,
MIRA,2023-12-31,2023,11982343,18566158.0,0.6453862452317813,,,
MIRM,2024-12-31,2024,-87942000,47522594.0,-1.8505302972308288,-3.9969305217222773,-53.701214289973805,
MIST,2024-12-31,2024,-41519000,42937036000.0,-0.0009669740594110875,-0.0013900586896589695,-30.436458071542262,
MIT,2021-12-31,2021,17631175,62499997.0,0.28209881354074307,-0.001333344,-21257.24175762167,
MITA,2023-12-31,2023,3099661,18750000.0,0.16531525333333333,0.40513296,-59.19481512110658,
MITK,2025-09-30,2025,8796000,46926000.0,0.1874440608617824,0.0690570489592989,171.4336388342613,171.4336388342613
MITT,2024-12-31,2024,36384000,29514000.0,1.2327708883919495,1.6798596956913305,-26.61465171443296,
MIXT,2023-03-31,2022,4522000,22242320.0,0.2033061299360858,0.3966164146975484,-48.73985987414996,
MKC,2024-11-30,2024,781000000,269600000.0,2.8968842729970326,2.5022238695329873,15.772385847222559,15.772385847222559
MKFG,2022-12-31,2022,-25388000,18974737.0,-1.3379895594863844,,,
MKSI,2024-12-31,2024,190000000,67600000.0,2.8106508875739644,-27.559880239520957,-110.19834216675399,
MKTW,2024-12-31,2024,7059000,1970350.0,3.5826122262542186,,,
MKTX,2020-12-31,2020,299377000,38144000.0,7.848600041946309,,,
ML,2024-12-31,2024,9146000,12015025.0,0.7612135638502625,-4.634238404444875,-116.4258611106445,
MLAB,2025-03-31,2024,-1974000,5421000.0,-0.3641394576646375,-47.204975863349425,-99.2285994198604,
MLI,2022-12-31,2022,658316000,226220000.0,2.910069843515162,2.0622205007218564,41.11341840004626,41.11341840004626
MLKN,2023-05-31,2023,42100000,76024368.0,0.5537698123317513,-0.461105331413842,-220.09616341537006,
MLM,2024-12-31,2024,1995000000,61600000.0,32.38636363636363,18.824476650563607,72.04389921455787,72.04389921455787
MLNK,2024-12-31,2024,-29772000,76270632.0,-0.39034683756127786,-0.5294219737312662,-26.26924137466623,
MLP,2022-12-31,2022,1787000,19353647.0,0.09233401849274196,-0.17628865979381445,-152.376606981263,
MLR,2024-12-31,2024,63494000,11602000.0,5.472677124633684,5.065699139654123,8.033994395635347,8.033994395635347
MLSS,2023-12-31,2023,-6929104,72775781.0,-0.09521167488398373,-0.12330348723811115,-22.782658449780392,
MLTX,2024-12-31,2024,-118936000,62870237.0,-1.8917695506698982,-0.733003716787086,158.08457820131304,
MLYS,2024-12-31,2024,-177810000,48539795.0,-3.6631798712788135,-1.9867772565098056,84.37798496415061,
MMAC,2020-12-31,2020,8374000,5820000.0,1.438831615120275,,,
MMI,2024-12-31,2024,-12362000,38678000.0,-0.3196132168157609,-0.8803900773429214,-63.69640855331129,
MMM,2024-12-31,2024,4173000000,552400000.0,7.554308472121651,-12.6286333273154,-159.8188915326402,
MMMB,2025-01-31,2024,3711000,39418571.0,0.09414344320092172,0.16966548412360183,-44.51231864441094,
MMP,2022-12-31,2022,859200000,211700000.0,4.058573452999528,4.35450723960766,-6.796033863863682,
MMS,2025-09-30,2025,319034000,57921000.0,5.50808860344262,4.9917702166417275,10.343392511930416,10.343392511930416
MMSI,2023-12-31,2023,94411000,58356000.0,1.6178456371238605,,,
MN,2021-12-31,2021,25105000,22142862.0,1.1337739448495863,0.24041593205909204,371.58852374680185,371.58852374680185
MNDT,2021-12-31,2021,897705000,236255000.0,3.7997291062623013,-0.9538574524871478,-498.3539779822078,
MNDY,2024-12-31,2024,32372000,52420826.0,0.6175408224204632,-0.03880795043201292,-1691.2739929472025,
MNKD,2024-12-31,2024,27588000,283844000.0,0.09719423345217795,-0.04470926618079951,-317.3916992042205,
MNMD,2024-12-31,2024,-108679000,70461067.0,-1.5423978748434224,-2.4447984570995738,-36.91104187486803,
MNOV,2024-12-31,2024,-11049549,49046246.0,-0.22528837375239688,-0.17476395645040804,28.910090117080813,
MNPR,2024-12-31,2024,-15586419,3790202.0,-4.112292431907323,-3.0389997070301904,35.31730267674127,
MNRL,2021-12-31,2021,50283000,45888000.0,1.0957766736401673,-1.110901566347111,-198.63850289124377,
MNRO,2025-03-31,2024,-5182000,29937000.0,-0.17309683669038314,1.1779958612905248,-114.69418037689462,
MNST,2024-12-31,2024,1509048000,2026214000.0,0.7447623992332498,0.7708021221553129,-3.3782630033828753,
MNTK,2024-12-31,2024,9734000,142397493.0,0.0683579450376981,0.1051553116094897,-34.99335032018567,
MNTV,2022-12-31,2022,-89891000,148476000.0,-0.6054244457016622,-0.8334561831792638,-27.35977512432174,
MO,2023-12-31,2023,8130000000,1777000000.0,4.57512661789533,3.2201117318435752,42.07974750230119,42.07974750230119
MOD,2025-03-31,2024,184000000,53900000.0,3.4137291280148423,3.0243445692883895,12.875006461914907,12.875006461914907
MODG,2024-12-31,2024,-1447700000,199300000.0,-7.26392373306573,0.4724017901541522,-1637.6579607573876,
MODN,2023-09-30,2023,-33922000,38081000.0,-0.8907854310548567,-0.7793109079033311,14.304242635514775,
MODV,2024-12-31,2024,-201278000,14239549.0,-14.135138690136886,-14.425047289193836,-2.0097583962454535,
MOG-A,2024-09-30,2024,207220000,32359338.0,6.4037156755184546,5.336312382767491,20.00263882972668,20.00263882972668
MOGO,2022-12-31,2022,-17887000,20999567.0,-0.851779467643309,-1.5373174123066442,-44.59312951088808,
MOH,2024-12-31,2024,1179000000,57700000.0,20.43327556325823,18.777969018932875,8.815152174638241,8.815152174638241
MOMO,2022-12-31,2022,220567861,423810279.0,0.5204400929596141,-1.1158400685581147,-146.64110096280422,
MOND,2022-12-31,2022,-90238000,67368620.0,-1.3394663568884149,-0.6398848684210526,109.32927515439049,
MORF,2023-12-31,2023,-152095000,42390554.0,-3.587945559758431,-1.549124384342375,131.61119894717586,
MORN,2024-12-31,2024,369900000,43100000.0,8.582366589327146,3.289044289044289,160.93800615317826,160.93800615317826
MOS,2024-12-31,2024,174900000,320700000.0,0.5453695042095417,3.4960984393757504,-84.40062504913561,
MOV,2023-01-31,2022,94528000,22955000.0,4.117969941189283,3.9416067817031712,4.474397606194125,4.474397606194125
MP,2024-12-31,2024,-65424000,169882640.0,-0.38511292266237446,0.136439507133372,-382.2590983753114,
MPAA,2025-03-31,2024,-19470000,19685322.0,-0.9890617994463082,-2.5122946529203003,-60.63113861677733,
MPC,2024-12-31,2024,3445000000,341000000.0,10.102639296187684,23.669926650366747,-57.31867087965331,
MPLN,2024-12-31,2024,-1645831000,16147506.0,-101.92478021064058,-5.685448854521282,1692.7305797428144,
MPLX,2024-12-31,2024,4317000000,1001000000.0,4.312687312687313,3.924075924075924,9.903258655804482,9.903258655804482
MPTI,2024-12-31,2024,7636000,2883944.0,2.6477629246615053,1.0636540066739792,148.93084668961075,148.93084668961075
MPW,2024-12-31,2024,-2410271000,600248000.0,-4.0154586104410175,-0.9297564985514221,331.8828227280129,
MPWR,2024-12-31,2024,1592058000,48835000.0,32.60075765332241,8.762871378483116,272.03282172293757,272.03282172293757
MPX,2024-12-31,2024,17853000,33812000.0,0.5280078078788596,0.0012405903180695648,42461.0131070886,42461.0131070886
MQ,2024-12-31,2024,27287000,129711250.0,0.21036725804430995,-1.6747055718853407,-112.56144731204805,
MRAI,2024-12-31,2024,-22088000,11511203.0,-1.9188263815693285,-4.135985185715833,-53.606546072837816,
MRAM,2024-12-31,2024,781000,22156420.0,0.035249376930027505,0.4236379095837266,-91.67936198989743,
MRC,2021-12-31,2021,-38000000,82700000.0,-0.45949214026602175,-3.6341463414634148,-87.3562565430155,
MRCY,2025-06-30,2025,-37904000,58746000.0,-0.6452183978483641,-2.3838719733970697,-72.93401637970878,
MRDB,2023-12-31,2023,-60625000,59154956.0,-1.02485073270953,,,
MREO,2024-12-31,2024,-43253000,739624264.0,-0.05847969314322008,-0.04468242444493707,30.878514023529814,
MRIN,2023-12-31,2023,-21917000,2943255.0,-7.446517546050206,-6.880631778424555,8.224328605987697,
MRK,2024-12-31,2024,17117000000,2541000000.0,6.736324281778828,0.14330585001963095,4600.662450874157,4600.662450874157
MRKR,2024-12-31,2024,-10731315,8980207.0,-1.1949963959628103,,,
MRMD,2024-12-31,2024,-12467000,379153000.0,-0.03288118516799287,-0.044113559877051095,-25.462408248991864,
MRNA,2024-12-31,2024,-3561000000,384000000.0,-9.2734375,-12.340314136125654,-24.852500530335163,
MRNS,2023-12-31,2023,-141405000,53746518.0,-2.630961135007853,-0.5071584820861289,418.7650858535865,
MRO,2023-12-31,2023,1554000000,608000000.0,2.5559210526315788,5.25764192139738,-51.38655140758874,
MRSN,2024-12-31,2024,-69192000,4901584.0,-14.116253031673027,-36.961870730986824,-61.808607755779185,
MRTN,2024-12-31,2024,26922000,81472000.0,0.33044481539670073,0.8643951211722943,-61.77155477826497,
MRTX,2022-12-31,2022,-740867000,56219416.0,-13.17813404536255,-11.26282224235871,17.005611575760128,
MRUS,2024-12-31,2024,-215326000,64220765.0,-3.3529030680341476,-3.0023770360351905,11.674950473970004,
MRVI,2024-12-31,2024,-144846000,137906000.0,-1.0503241338302902,-0.9022885255346084,16.406681910087496,
MSA,2024-12-31,2024,284967000,39535000.0,7.207967623624636,1.484128391558787,385.6700851908152,385.6700851908152
MSB,2023-01-31,2022,5309085,13120010.0,0.40465556047594475,5.241287544750347,-92.2794626888722,
MSCI,2024-12-31,2024,1109128000,78960000.0,14.046707193515704,14.385631802412234,-2.355993908030496,
MSEX,2024-12-31,2024,44239000,17946000.0,2.4651175749470635,1759.623466128761,-99.85990652986855,
MSFT,2025-06-30,2025,101832000000,7465000000.0,13.64125920964501,11.800240996117285,15.601530630887005,15.601530630887005
MSGE,2024-06-30,2024,-200649000,35301000.0,-5.68394663040707,9.70246434705417,-158.58250468225438,
MSGM,2024-12-31,2024,-2752956,2922091.0,-0.9421185034962977,-5.557112433951218,-83.04661792083928,
MSGS,2024-06-30,2024,58771000,24096000.0,2.4390355245683932,1.975407125733653,23.470017536893906,23.470017536893906
MSI,2024-12-31,2024,1577000000,170800000.0,9.233021077283372,9.930273097036606,-7.021478794589331,
MSM,2025-08-31,2025,199328000,55894000.0,3.566178838515762,4.581669353838522,-22.16420341358728,
MSTR,2023-12-31,2023,429121000,16566000.0,25.90371845949535,-129.82925536613374,-119.95214282516204,
MTAC,2024-12-31,2024,-33233000,25331753.0,-1.311910786434717,-6.3180706847395225,-79.23557915229618,
MTBC,2024-12-31,2024,-4459000,16146975.0,-0.2761507960469376,-4.106583808312112,-93.27541311861255,
MTC,2020-12-31,2020,-3181596,254820.0,-12.485660466211444,,,
MTCH,2024-12-31,2024,551276000,279063000.0,1.9754535714157735,2.221529302655447,-11.076861824218708,
MTD,2024-12-31,2024,863140000,21320641.0,40.4837734475244,35.90000659034729,12.768150461592342,12.768150461592342
MTDR,2024-12-31,2024,885322000,124076000.0,7.135320287565685,7.0517919653275545,1.1844978219553992,1.1844978219553992
MTEM,2021-12-31,2021,-83009000,49026499.0,-1.6931455782718647,-2.203966656822103,-23.1773505723898,
MTEX,2024-12-31,2024,2490000,1885000.0,1.3209549071618036,-1.19989281886388,-210.08940852005028,
MTH,2024-12-31,2024,786186000,73332000.0,10.720913107511045,9.964498637675685,7.5910941166208,7.5910941166208
MTMT,2023-12-31,2023,-4064400,31323124.0,-0.12975717236888631,,,
MTN,2023-07-31,2023,265825000,39760000.0,6.685739436619718,8.521676300578035,-21.544315920962443,
MTNB,2024-12-31,2024,-24251000,324551.0,-74.72169243046547,-79.15647394516114,-5.602550611044199,
MTOR,2021-09-30,2021,199000000,72800000.0,2.7335164835164836,,,
MTRN,2024-12-31,2024,5888000,20928000.0,0.28134556574923547,4.576634307302377,-93.85256616854166,
MTRX,2023-06-30,2023,-52361000,26988000.0,-1.9401585890025197,-2.390304118505218,-18.832144663842932,
MTSI,2025-09-30,2025,-54210000,73986000.0,-0.7327061876571244,1.0446347264695888,-170.1399416553337,
MTSR,2024-12-31,2024,-209127000,14431846.0,-14.490661832173098,-3.478193723586679,316.614570197961,
MTTR,2024-12-31,2024,-256621000,319015000.0,-0.8044167202169177,-0.6620518329082099,21.503586310355537,
MTW,2024-12-31,2024,55800000,35708782.0,1.5626408091992607,1.0900159047779903,43.359450293299396,43.359450293299396
MTX,2024-12-31,2024,167100000,32300000.0,5.173374613003096,2.579754601226994,100.53747013543513,100.53747013543513
MTZ,2024-12-31,2024,162788000,78880000.0,2.063742393509128,-0.6442122912233185,-420.3512912785646,
MU,2025-08-31,2025,8539000000,1125000000.0,7.590222222222223,0.6958855098389982,990.7285918309055,990.7285918309055
MUDS,2021-12-31,2021,-4505597,39531250.0,-0.11397557628458498,-0.04394998893280633,159.33015923812502,
MUR,2024-12-31,2024,407170960,151027000.0,2.696014355049097,4.223274006358285,-36.16293067913296,
MURA,2024-12-31,2024,-128514000,16954577.0,-7.579900106030366,-12.42961244453179,-39.01740589373708,
MURF,2024-12-31,2024,-17802000,867096.0,-20.530598688034544,-0.0891980236039239,22916.876224969837,
MUSA,2024-12-31,2024,502500000,20842000.0,24.10997025237501,25.49100398296937,-5.4177298450741045,
MUX,2024-12-31,2024,-43691000,51021000.0,-0.8563336665294683,1.1631120646138313,-173.62434735072432,
MVIS,2024-12-31,2024,-96915000,13974317.0,-6.935222665980742,-6.7942858187962445,2.0743438080658816,
MVST,2024-12-31,2024,-195457000,318462843.0,-0.613751350577499,-0.342016057354127,79.45103376886613,
MWA,2025-09-30,2025,191700000,157500000.0,1.217142857142857,0.7386870618228171,64.77110809811413,64.77110809811413
MX,2024-12-31,2024,-54308000,37774280.0,-1.4376978197863732,-0.8929348837561998,61.008136868680275,
MXC,2025-03-31,2024,1712368,2107775.0,0.8124054986893763,0.622371946450965,30.533759325442777,30.533759325442777
MXCT,2024-12-31,2024,-41055000,104849222.0,-0.3915622759699638,-0.36722717252158843,6.626716449460113,
MXIM,2021-06-30,2021,827261000,270743000.0,3.0555212877156563,,,
MXL,2024-12-31,2024,-245198000,83600000.0,-2.9329904306220094,-0.9061930896071557,223.66064851515165,
MYE,2024-12-31,2024,7201000,37403518.0,0.19252199752975108,1.3173271804329834,-85.38540763529434,
MYGN,2023-06-30,2023,-116100000,81500000.0,-1.4245398773006135,-0.17300613496932515,723.404255319149,
MYO,2024-12-31,2024,-6183729,37758837.0,-0.16376905358605193,-0.2761948139790648,-40.705239455196505,
MYPS,2024-12-31,2024,-28687000,12943800.0,-2.2162734282050094,-1.4583615334867421,51.97009639346453,
MYRG,2024-12-31,2024,30263000,16526000.0,1.831235628706281,5.404169388845994,-66.1143924821105,
NAAS,2023-12-31,2023,-184730026,71540.0,-2582.1921442549624,-11709.887936818563,-77.94861779901446,
NABL,2024-12-31,2024,30958000,188426000.0,0.1642979206691221,0.12588450371007634,30.5148098669201,30.5148098669201
NAMS,2024-12-31,2024,-241598000,94358067.0,-2.5604382082138244,-2.153514943096048,18.895771604572875,
NANO,2024-12-31,2024,201670000,49660000.0,4.061014901329037,2.456689241250659,65.30437928981377,65.30437928981377
NANX,2022-12-31,2022,-2623000,49117000.0,-0.053403098723456235,0.04932059498580045,-208.27748274089384,
NAPA,2024-07-31,2024,56013000,123549109.0,0.45336628044804433,0.60046292955481,-24.497207382281662,
NARI,2023-12-31,2023,-1636000,56770657.0,-0.028817704188274586,-0.5539040193177315,-94.79734698011929,
NAT,2024-12-31,2024,46643000,209898006.0,0.2222174516512558,0.47272824794443596,-52.99255912513714,
NATH,2025-03-31,2024,24026000,4095000.0,5.867155067155067,4.799608514803034,22.242367248484697,22.242367248484697
NATI,2022-12-31,2022,139644000,134171000.0,1.0407912291031594,0.6680953876995347,55.78482478182272,55.78482478182272
NATR,2024-12-31,2024,7696000,19089000.0,0.40316412593640316,0.7744785780334943,-47.94379891564059,
NAUT,2024-12-31,2024,-70780000,125426509.0,-0.5643145182331432,-0.5097297176484015,10.708577250815289,
NBIX,2024-12-31,2024,341300000,103700000.0,3.29122468659595,2.4722772277227723,33.12522761161032,33.12522761161032
NBR,2024-12-31,2024,-176084000,9202000.0,-19.13540534666377,-1.286603340976089,1387.2808687210918,
NBSE,2022-09-30,2022,-33698311,1624362.0,-20.74556718268465,-372.2156449132059,-94.42646555398763,
NBST,2023-12-31,2023,97368,5958752.0,0.016340334351891136,-0.10025578605687649,-116.29864469131093,
NBY,2024-12-31,2024,-8608000,3396000.0,-2.5347467608951706,,,
NC,2024-12-31,2024,33741000,7411000.0,4.552826878963702,-5.293795132388339,-186.0030803063899,
NCLH,2024-12-31,2024,910257000,515030548.0,1.7673844853179466,0.3888106455305614,354.5617527797413,354.5617527797413
NCMI,2024-12-31,2024,-22300000,95865998.0,-0.23261636518925094,14.517880678460998,-101.60227494867323,
NCNO,2025-01-31,2024,-37878000,115162175.0,-0.32891007833084085,-0.3758329557859677,-12.485035368172682,
NCR,2024-12-31,2024,944000000,144700000.0,6.523842432619213,-3.1578947368421053,-306.5883436996084,
NCSM,2024-12-31,2024,6593000,2590000.0,2.5455598455598456,-1.274969672462596,-299.656501683143,
NDAQ,2024-12-31,2024,1113000000,579189522.0,1.9216507856645928,2.075166332646189,-7.397746607899036,
NDLS,2024-12-31,2024,-36213000,5683216.0,-6.3719204056294885,-1.719180214775426,270.63714152049164,
NDSN,2024-10-31,2024,467284000,57616000.0,8.110316578728131,8.458867623327723,-4.1205402439253636,
NE,2021-12-31,2021,101982000,66623000.0,1.5307326298725665,0.9977511244377811,53.41828161157052,53.41828161157052
NEE,2024-12-31,2024,6946000000,2059200000.0,3.373154623154623,3.5995666732322236,-6.289980729105215,
NEM,2024-12-31,2024,3348000000,1148000000.0,2.916376306620209,-2.9655172413793105,-198.34292196742564,
NEO,2024-12-31,2024,-78726000,126658000.0,-0.6215635806660456,-0.7009290688594604,-11.322898666844704,
NEOG,2025-05-31,2025,-1092000000,216894861.0,-5.034697433426051,-0.043421648439321094,11494.901654785654,
NEON,2024-12-31,2024,-6466040,15873.0,-407.36092736092735,-660.6839838141235,-38.34254540132245,
NEP,2024-12-31,2024,-23000000,93500000.0,-0.24598930481283424,2.183406113537118,-111.2663101604278,
NEPH,2024-12-31,2024,76000,10602004.0,0.007168456076794538,-0.15126105115550542,-104.73912882532129,
NERV,2024-12-31,2024,1438865,7573763.0,0.18998019874664682,-4.611687281329749,-104.11953775607844,
NES,2020-12-31,2020,-44143000,15764000.0,-2.800241055569652,,,
NESR,2024-12-31,2024,76310000,95735924.0,0.797088457620151,0.1327727971209285,500.34018632157665,500.34018632157665
NET,2024-12-31,2024,-78800000,341411000.0,-0.23080685742404317,-0.5513133286978205,-58.1350848220558,
NEU,2024-12-31,2024,462413000,9555000.0,48.3948717948718,40.57852447041636,19.262275862578292,19.262275862578292
NEWR,2023-03-31,2022,-180246000,67614000.0,-2.665808856154051,-3.8766720336883824,-31.23460450128096,
NEX,2022-12-31,2022,314969000,249346000.0,1.2631804801360358,-0.5321856854470346,-337.35709446505825,
NEXI,2023-12-31,2023,-32344393,1049468.0,-30.81979917443886,-64.95068290168793,-52.54892204738017,
NEXT,2024-12-31,2024,-61751000,258535000.0,-0.2388496721913861,-0.9391042935327218,-74.56622508956043,
NFE,2024-12-31,2024,-242387000,4372448.0,-55.43507893061278,,,
NFG,2022-09-30,2022,566021000,92107066.0,6.145250571763952,3.959077703330148,55.21924630564641,55.21924630564641
NFLX,2024-12-31,2024,8711631000,4392610000.0,1.9832470899988845,1.2031177001899898,64.8423167314138,64.8423167314138
NFTG,2024-12-31,2024,-3418197,1777451.0,-1.9230893003520209,-3.996300375124755,-51.87825939405302,
NGD,2022-12-31,2022,-66800000,682400000.0,-0.09788980070339977,0.20603751465416179,-147.51066856330013,
NGHC,2020-12-31,2020,479731000,116426595.0,4.120458903741023,,,
NGL,2025-03-31,2024,39368000,131927343.0,0.2984066767720775,-1.0896528098803597,-127.38548224409585,
NGLD,2024-12-31,2024,-3561710,26149738.0,-0.13620442392195287,-0.2108827392047053,-35.41224642869499,
NGM,2023-12-31,2023,-142375000,82496000.0,-1.725841252909232,-2.034609130706692,-15.17578355161583,
NGS,2021-12-31,2021,-9183000,13100000.0,-0.7009923664122137,0.13633964256089284,-614.151536006215,
NGVC,2025-09-30,2025,46444000,23255274.0,1.9971383695586644,1.4700720237821134,35.85309680409714,35.85309680409714
NGVT,2024-12-31,2024,-430300000,36323000.0,-11.846488450843818,-0.14711491309322727,7952.540834753207,
NHHS,2024-12-31,2024,97993000,185712103.0,0.5276608170227871,-0.8259637755037145,-163.88425651003797,
NHI,2024-12-31,2024,137867000,44102636.0,3.1260489735806267,3.125113362768742,0.029938459930156647,0.029938459930156647
NHIC,2022-12-31,2022,392000,19490000.0,0.020112878399179066,,,
NHIQ,2022-12-31,2022,-67779000,7703304.0,-8.798692093678245,-7.579142974933629,16.09085780249837,
NHTC,2024-12-31,2024,572000,11490000.0,0.049782419495213226,0.04958100558659218,0.4062319959793559,0.4062319959793559
NI,2024-12-31,2024,739700000,456000000.0,1.6221491228070175,1.4773386916722482,9.802114569331,9.802114569331
NICK,2025-03-31,2024,-5147000,6696000.0,-0.7686678614097969,-2.856103254153508,-73.08683219726191,
NINE,2024-12-31,2024,-41082000,37172635.0,-1.1051678203603268,-0.9678737310722592,14.185124038439012,
NIO,2024-12-31,2024,-3152041274,2054614522.0,-1.5341278085252432,-1.7580770262984802,-12.738305229137081,
NIQ,2024-12-31,2024,-823000000,245000000.0,-3.3591836734693876,,,
NJR,2025-09-30,2025,335627000,100788000.0,3.330029368575624,2.918500538831089,14.100693978605872,14.100693978605872
NKE,2025-05-31,2025,3219000000,1487600000.0,2.163888141973649,3.7262208276132576,-41.92807560040192,
NKLA,2022-12-31,2022,-645938000,14711957.0,-43.9056476306993,-51.80481135465352,-15.247934540050512,
NKTR,2024-12-31,2024,-118961000,13717589.0,-8.672150769351669,-21.78288807279248,-60.188241612536864,
NKTX,2024-12-31,2024,-108790000,67865323.0,-1.6030278084729663,-2.397279977475961,-33.13138959427025,
NL,2021-12-31,2021,51188000,48797000.0,1.0489989138676559,0.3009676890273905,248.54203694011434,248.54203694011434
NLCP,2023-12-31,2023,24588000,21548976.0,1.1410286966768166,1.00757473743843,13.245068011298923,13.245068011298923
NLS,2023-12-31,2023,-107441000,30968000.0,-3.4694200464996126,-0.710604494962542,388.2350268108698,
NLSN,2021-12-31,2021,963000000,360528113.0,2.671081575266781,-0.01681328622867019,-15986.731118108397,
NLST,2024-12-31,2024,-53865000,259904000000.0,-0.00020724959985225314,-0.0002474131362701644,-16.233388826232098,
NLTX,2023-12-31,2023,-36317000,426097.0,-85.23176647570858,-19.98835229104206,326.40716570672953,
NLY,2022-12-31,2022,1614702000,411621758.0,3.9227809721370464,25.813862310210858,-84.80358760345071,
NMFC,2020-12-31,2020,58473000,110084927.0,0.531162635916541,,,
NMRD,2023-03-31,2022,-14143735,24878196.0,-0.5685193170758844,-0.5938654086310677,-4.267985841035793,
NMRK,2024-12-31,2024,61234000,177691000.0,0.3446094624938798,0.24137950584526766,42.76666168783443,42.76666168783443
NMTC,2024-12-31,2024,-10532788,4631122.0,-2.274349067029545,-4.655912878731042,-51.151382633916185,
NN,2024-12-31,2024,-101879000,121500000.0,-0.8385102880658436,-0.6643852109806246,26.208451694493995,
NNBR,2024-12-31,2024,-38273000,48653000.0,-0.7866524160894498,-1.073002695879156,-26.68681829872641,
NNDM,2024-12-31,2024,-98829000,218311.0,-452.6982149319091,-225.64803502957434,100.6213858111269,
NNN,2024-12-31,2024,396835000,184043841.0,2.1561982071434818,2.15939566378226,-0.14807182826226395,
NNOX,2024-12-31,2024,-53516000,58673000.0,-0.9121060794573314,-1078.2003973885892,-99.9154047724647,
NNVC,2025-06-30,2025,-9466966,15116548.0,-0.6262650705703445,-0.69868656986987,-10.365377326919845,
NOA,2020-12-31,2020,36688431,32300824.0,1.135835760722389,,,
NOC,2024-12-31,2024,4174000000,147300000.0,28.336727766463,13.526315789473685,109.49331811781984,109.49331811781984
NOK,2022-12-31,2022,4479330263,5684235000.0,0.788026931152565,,,
NOTE,2024-12-31,2024,9517000,11435474.0,0.8322348509558939,-10.548594329298023,-107.88953319253558,
NOTV,2025-09-30,2025,-68625000,32452000.0,-2.1146616541353382,-4.187550681546125,-49.5012284041285,
NOV,2021-12-31,2021,-250000000,387000000.0,-0.6459948320413437,-6.619791666666667,-90.24146280472557,
NOVA,2024-12-31,2024,447773000,124240517.0,3.604081911539373,4.245444714698233,-15.107081737241469,
NOVNQ,2022-12-31,2022,-31311000,22019679.0,-1.421955333681295,-1.7398405196973714,-18.27093819331036,
NOVT,2024-12-31,2024,64087000,36124000.0,1.7740837116598382,2.0226471649413007,-12.289016966964484,
NOW,2024-12-31,2024,1425000000,1042115000.0,1.3674114661049883,1.6839258527853846,-18.796218738304262,
NP,2021-12-31,2021,-24900000,16867000.0,-1.476255409972135,-0.9397490037471005,57.09039372064244,
NPCE,2024-12-31,2024,-27141000,29126314.0,-0.9318377876445334,-1.2748042081226567,-26.903458452117412,
NPO,2024-12-31,2024,72900000,21100000.0,3.4549763033175354,,,
NPTN,2021-12-31,2021,-40719000,52427000.0,-0.7766799549850268,-0.08824837288272629,780.1068275980123,
NPWR,2024-12-31,2024,-49191000,73396761.0,-0.6702066866411176,,,
NR,2024-12-31,2024,418337000,87395000.0,4.786738371760398,0.03656230538413633,12992.003694704848,12992.003694704848
NRC,2024-12-31,2024,24783000,23743000.0,1.0438023838605062,1.255258784906578,-16.845641997383776,
NRDS,2024-12-31,2024,30400000,78900000.0,0.385297845373891,-0.15384615384615385,-350.4435994930291,
NRDY,2024-12-31,2024,-42585000,7450056.0,-5.716064416160093,-6.1993354702476955,-7.795529962960579,
NREF,2020-12-31,2020,11099000,18648000.0,0.5951844701844702,,,
NRG,2023-12-31,2023,-256000000,228000000.0,-1.1228070175438596,4.983673469387755,-122.52970674023305,
NRIX,2024-11-30,2024,-193569000,67120266.0,-2.8839128855657394,-2.649126987809117,8.8627649349039,
NRP,2024-12-31,2024,154911000,17812000.0,8.697002021109364,11.272569054569953,-22.84809275500904,
NS,2023-12-31,2023,273663000,110905471.0,2.467533815351634,2.0187109428548387,22.233142099189052,22.233142099189052
NSA,2024-12-31,2024,91073000,76844000.0,1.185167352037895,0.9426597179896318,25.72589338658158,25.72589338658158
NSC,2024-12-31,2024,2622000000,226400000.0,11.581272084805654,8.034300791556728,44.14785287820504,44.14785287820504
NSIT,2024-12-31,2024,249691000,38136000.0,6.547383050136354,7.553744528879461,-13.322683536563728,
NSP,2024-12-31,2024,91000000,38000000.0,2.3947368421052633,4.4598612487611495,-46.30467836257309,
NSSC,2025-06-30,2025,43406000,36499000.0,1.1892380613167484,,,
NSTB,2022-12-31,2022,13748710,39922691.0,0.34438334830685635,0.0673403822348132,411.40688080148624,411.40688080148624
NSTC,2022-09-30,2022,16761599,50000000.0,0.33523198,,,
NSTD,2022-09-30,2022,14798756,50000000.0,0.29597512,,,
NSTG,2022-12-31,2022,-159543000,46936000.0,-3.3991605590591445,-2.5298301066772027,34.363194986392244,
NSYS,2024-12-31,2024,-1295000,2755041.0,-0.47004745119945585,2.381943248486856,-119.73378045417564,
NTAP,2025-04-30,2025,1186000000,209000000.0,5.6746411483253585,4.629107981220657,22.58606131777905,22.58606131777905
NTCT,2025-03-31,2024,-366922000,71627000.0,-5.122677202730814,-2.0669614125416236,147.83613141726494,
NTES,2024-12-31,2024,4131404440,3230602000.0,1.2788342358483031,6.252604183458646,-79.54717429208972,
NTGR,2024-12-31,2024,12363000,29683000.0,0.41650102752417206,-3.568966104581843,-111.67007517918053,
NTIC,2025-08-31,2025,17619,9639676.0,0.0018277585263239138,0.5500696093436179,-99.66772232181579,
NTIP,2024-12-31,2024,-3034000,23250224.0,-0.13049336642950193,-0.061240907227927605,113.08202692659202,
NTLA,2024-12-31,2024,-519021000,98849000.0,-5.250644923064472,-5.420660132927791,-3.136429986277167,
NTNX,2024-07-31,2024,-124775000,244743.0,-509.8205055915797,-1.09137523740927,46613.585585999055,
NTPIF,2024-12-31,2024,29146000,59653757.0,0.488586158957264,,,
NTST,2024-12-31,2024,-11937000,76517767.0,-0.15600298424808973,0.1057288113361451,-247.5501164503848,
NTUS,2021-12-31,2021,13177000,33865000.0,0.3891037944780747,-0.49499433883558785,-178.60772617993828,
NUAN,2021-09-30,2021,-26726000,294589000.0,-0.09072300730848742,,,
NUBI,2023-12-31,2023,-5324624,69800000.0,-0.07628401146131805,0.2705032347159444,-128.20077606148553,
NUE,2024-12-31,2024,2027000000,238500000.0,8.49895178197065,18.07022027698353,-52.96708257178266,
NURO,2023-12-31,2023,-6529487,1041991.0,-6.266356427262807,-5.288972049912581,18.479666145454132,
NUS,2024-12-31,2024,-146594000,49662000.0,-2.9518344005477024,0.1723826714801444,-1812.3730449250545,
NUTX,2024-12-31,2024,52098000,5373452.0,9.695443450504444,-10.3813061667956,-193.39329073556394,
NUVA_delisted,2022-12-31,2022,40407000,57359000.0,0.7044578880384944,-1.2403181791790048,-156.796546230161,
NUVB,2024-12-31,2024,-567939000,268772.0,-2113.088416948194,,,
NUVL,2024-12-31,2024,-260756000,66408807.0,-3.926527395681118,-2.167842005763359,81.126086921564,
NVAX,2024-12-31,2024,-187499000,152190000.0,-1.2320060450752348,-5.409078278818672,-77.223364470438,
NVCT,2024-12-31,2024,-19000000,17113169.0,-1.110256084071863,-1.4308988661122843,-22.408486695611106,
NVDA,2025-01-31,2024,72880000000,24804000000.0,2.938235768424448,1.1932638331996792,146.23521527051656,146.23521527051656
NVEC,2025-03-31,2024,15064516,4839154.0,3.1130474458965347,3.5383766159301033,-12.020460685804245,
NVEE,2023-12-31,2023,44613000,61897304.0,0.7207583709946398,0.8186826818493562,-11.961204631019084,
NVGS,2022-12-31,2022,53473000,77558494.0,0.6894538204932138,-0.47880326769467935,-243.99522037783186,
NVIV,2022-12-31,2022,-10490000,1536474.0,-6.82732021498574,-186.88852793412156,-96.34684895297994,
NVNO,2024-12-31,2024,-21819000,490261.0,-44.50486577557668,-66.84308815294662,-33.41889639547602,
NVR,2024-12-31,2024,1681928000,3319000.0,506.7574570653811,463.3510917030568,9.36792124580592,9.36792124580592
NVRO,2024-12-31,2024,-113439000,37088476.0,-3.058605050258738,-2.562794125669988,19.34649840275917,
NVST,2024-12-31,2024,-1118600000,172200000.0,-6.495934959349594,-0.6003594967046135,982.0075296561349,
NVT,2024-12-31,2024,331800000,168200000.0,1.9726516052318668,3.3715814506539834,-41.49180038793864,
NVTA,2022-12-31,2022,-3106293000,235676000.0,-13.18035353621073,-1.7355026009231445,659.4545539257542,
NVTS,2024-12-31,2024,-84599000,182460000.0,-0.4636577880083306,-0.8609221734832205,-46.14405316889339,
NWBO,2024-12-31,2024,-85192000,1242237.0,-68.57950616508766,-57.51743893580274,19.232544831545262,
NWE,2022-12-31,2022,183008000,50704389.0,3.6093127953873974,3.6005549988437524,0.24323462761872694,0.24323462761872694
NWL,2024-12-31,2024,-216000000,415500000.0,-0.51985559566787,-0.9369717459550834,-44.517473668539964,
NWPX,2024-12-31,2024,34206000,10066000.0,3.398172064375124,2.0902688225374466,62.57105438954835,62.57105438954835
NWS,2025-06-30,2025,1180000000,569900000.0,2.0705386909984207,0.4638186573670445,346.411255371276,346.411255371276
NX,2024-10-31,2024,33059000,36648000.0,0.9020683256930802,2.4980621328650154,-63.88927585806273,
NXPI,2024-12-31,2024,2510000000,257848000.0,9.734417176010673,10.701304663886445,-9.035229985916715,
NXRT,2024-12-31,2024,1110000,26246000.0,0.04229215880515126,,,
NXST,2024-12-31,2024,722000000,32796000.0,22.014879863397976,9.655634313780208,128.00034827312228,128.00034827312228
NXTC,2024-12-31,2024,-55654000,2329454.0,-23.89143550377041,-27.04991877218563,-11.676498162585858,
NXTD,2024-12-31,2024,-9303745,634970.0,-14.652259161850166,-11.660641542029936,25.65568634484785,
NXU,2024-12-31,2024,-135750000,149846000.0,-0.9059300882239099,-13.782612652344051,-93.42700755600329,
NYMT,2020-12-31,2020,-329696000,92751000.0,-3.55463552953607,,,
NYMX,2021-12-31,2021,-12537000,81976000.0,-0.1529350053674246,,,
NYT,2024-12-31,2024,293825000,165802000.0,1.772143882462214,1.4027694777952833,26.331796529211072,26.331796529211072
O,2021-12-31,2021,359456000,392050401.0,0.9168617072782945,1.1094555310358294,-17.359309892999676,
OABI,2024-12-31,2024,-62033000,102365000.0,-0.6059981438968397,-0.5077997251286579,19.338021253024884,
OAK,2024-12-31,2024,280208000,114452000.0,2.448257784922937,1.8018496142764198,35.87470150255019,35.87470150255019
OAKU,2023-12-31,2023,1308097,4379452.0,0.2986896534086913,,,
OAS,2024-12-31,2024,848627000,52748000.0,16.08832562372033,23.590464998387024,-31.801574810753607,
OB,2024-12-31,2024,-711000,52709356.0,-0.013489066343364164,0.17979366701823157,-107.50252584925381,
OC,2024-12-31,2024,647000000,87800000.0,7.3690205011389525,13.142857142857142,-43.93136575220362,
OCC,2023-10-31,2023,2066498,7880429.0,0.2622316627686132,-0.04620985489649443,-667.4799528282151,
OCGN,2024-12-31,2024,-54010000,256492558.0,-0.2105714115884797,-0.2581703425503136,-18.437025140700502,
OCSL,2025-09-30,2025,33920000,86079000.0,0.39405662240500006,,,
OCUL,2024-12-31,2024,-193506000,158265162.0,-1.2226695853633285,-0.9432151003578484,29.627863771419392,
OCUP,2024-12-31,2024,-57532000,26715526.0,-2.153504295592009,-0.4625327833889869,365.5895480128436,
OCX,2024-12-31,2024,-60663000,13071000.0,-4.6410374110626575,-3.631028623709319,27.816051373386095,
ODC,2025-07-31,2025,53996000,3994000.0,13.519278918377566,,,
ODFL,2024-12-31,2024,1186073000,216485000.0,5.478776820564935,5.629483209642652,-2.6770910128939507,
ODP,2024-12-31,2024,-3000000,35000000.0,-0.08571428571428572,3.475,-102.4665981500514,
ODT,2020-12-31,2020,-126350000,32862552.0,-3.8448018279286407,,,
OEG,2022-12-31,2022,-276187000,2383888.0,-115.85569456283181,-41.99115383982582,175.90500371759344,
OESX,2023-12-31,2023,-34341000,3227107.0,-10.641419698820027,1.9454606663051068,-646.9871420752298,
OFC,2023-12-31,2023,-74347000,112178000.0,-0.6627591862932126,1.5878351980110106,-141.73979687082218,
OFIX,2024-12-31,2024,-125997000,38133684.0,-3.304086749132342,-4.121918281060837,-19.841041868448052,
OFLX,2023-12-31,2023,20763000,10094000.0,2.05696453338617,2.340202100257579,-12.103124206248406,
OGE,2020-12-31,2020,-173700000,200100000.0,-0.8680659670164917,,,
OGN,2024-12-31,2024,864000000,259152000.0,3.3339507316169663,3.991883560307488,-16.481764028203326,
OGS,2021-12-31,2021,206434000,53793000.0,3.8375625081330287,3.6801948660296047,4.276068192910687,4.276068192910687
OHI,2024-12-31,2024,406326000,270450000.0,1.5024070992789795,0.9669755760607863,55.37177323541156,55.37177323541156
OI,2024-12-31,2024,-106000000,154552000.0,-0.6858533050364926,-0.6660157386631835,2.9785431817462182,
OII,2024-12-31,2024,147468000,102369000.0,1.4405532925006594,0.9534731195426602,51.08483532200996,51.08483532200996
OIS,2024-12-31,2024,-11258000,62004000.0,-0.18156893103670732,0.2041265518115024,-188.94919814467568,
OKTA,2025-01-31,2024,28000000,175086000.0,0.15992141004991833,-2.1694757813168413,-107.37143098932629,
OLED,2024-12-31,2024,222079000,47652662.0,4.660369236035544,4.262898395878459,9.3239576280161,9.3239576280161
OLLI,2023-02-28,2022,102790000,65873000.0,1.560426882030574,2.426939794691575,-35.70393112166678,
OLMA,2024-12-31,2024,-129474000,58743522.0,-2.204055793590313,-2.136159096877329,3.1784475609628604,
OLN,2024-12-31,2024,108600000,119500000.0,0.9087866108786611,3.5729813664596275,-74.56503357645121,
OLO,2024-12-31,2024,-897000,162608353.0,-0.005516321784527268,-0.3576028092278372,-98.45741654087156,
OLP,2024-12-31,2024,30417000,20722000.0,1.467860245150082,1.4406499318933645,1.888752614658884,1.888752614658884
OLPX,2024-12-31,2024,19522000,665397655.0,0.029338847008710905,0.09089282375056183,-67.72149241481833,
OM,2024-12-31,2024,-127976000,3465.0,-36933.91053391054,-52236.094316807736,-29.29427244328544,
OMC,2024-12-31,2024,1480600000,198600000.0,7.455186304128902,6.908639523336643,7.911062358168808,7.911062358168808
OMCL,2024-12-31,2024,12531000,46255000.0,0.2709112528375311,-0.4505662213571618,-160.1268448445852,
OMER,2024-12-31,2024,-156815000,58170931.0,-2.6957622527994265,-1.8778203945675007,43.55804530604823,
OMEX,2023-12-31,2023,5345819,20118877.0,0.26571160010571165,-1.3380977839704025,-119.85741276076942,
OMGA,2023-12-31,2023,-97428000,54010996.0,-1.8038549039162322,-3.179249085394356,-43.26160500593552,
OMI,2024-12-31,2024,-362686000,76741000.0,-4.726104689800758,-0.5338322540618093,785.3164367347406,
OMIC,2023-12-31,2023,-94820000,2424115.0,-39.11530599827154,-38.35801574434912,1.974268583050942,
OMP,2020-12-31,2020,23075000,14519000.0,1.5892967835250362,,,
ON,2024-12-31,2024,1572800000,432700000.0,3.6348509359833603,4.887421665174575,-25.628456372332952,
ONCT,2023-12-31,2023,-39479000,2940000.0,-13.428231292517006,-16.796592767235808,-20.053837831261113,
ONCYF,2024-12-31,2024,-22794000,76482914.0,-0.2980273476504831,,,
ONEM,2022-12-31,2022,-397847000,195624000.0,-2.033733079785711,-1.656740403383214,22.755084359181676,
ONEW,2025-09-30,2025,-114582000,15869000.0,-7.220492784674523,-0.39115529653753855,1745.9401799207349,
ONL,2024-12-31,2024,-103012000,55903000.0,-1.8426918054487236,-1.015812799149087,81.40072727891258,
ONTF,2024-12-31,2024,-42156000,41759879.0,-1.0094856836151274,-1.1599561265735094,-12.9720805391898,
ONTX,2024-12-31,2024,-166523000,1552685.0,-107.24841162244756,-0.9027644803818101,11779.999042174159,
ONVO,2024-03-31,2023,-14667000,761772.0,-19.25379247333848,-23.773897899685313,-19.012891556191402,
OOMA,2025-01-31,2024,-6901000,26685598.0,-0.258603910618754,-0.03265125704602396,692.0182376263059,
OPAD,2024-12-31,2024,-62159000,2741000.0,-22.67748996716527,-44.42599962099678,-48.954463240828574,
OPCH,2024-12-31,2024,211823000,172845000.0,1.2255084034828894,1.4807484407484408,-17.2372315405945,
OPEN,2024-12-31,2024,-390000000,722748918.0,-0.5396064806007776,-0.40206612147914456,34.208393041333984,
OPFI,2021-12-31,2021,25554000,84474039.0,0.3025071406849624,5.973019851760983,-94.93544056117985,
OPGN,2024-12-31,2024,11356038,5219902.0,2.1755270501246957,-41.46636592573036,-105.2464859207128,
OPI,2024-12-31,2024,-136107000,51806000.0,-2.627243948577385,-1.4348715617185723,83.09959014245752,
OPK,2024-12-31,2024,-53224000,694019535.0,-0.07668948396387719,-0.25122580876787953,-69.47388314122831,
OPRT,2024-12-31,2024,-78682000,40356025.0,-1.949696482743283,-4.879901399150395,-60.04639595622299,
OPRX,2024-12-31,2024,-20110000,18292935.0,-1.0993315178783503,-1.0257637446414707,7.171999753470848,
OPTN,2024-12-31,2024,-21541000,10156745.0,-2.120856632710578,-4.7464197524258465,-55.31670725863152,
OPTT,2025-04-30,2025,-21511000,4226236.0,-5.089871933323175,-13.980873526076723,-63.59403492328507,
ORA,2024-12-31,2024,123733000,60790000.0,2.035417009376542,2.0815735751815536,-2.2173881507400406,
ORBC,2020-12-31,2020,-33940000,78059000.0,-0.4347993184642386,,,
ORC,2024-12-31,2024,-37662000,65449149.0,-0.5754391092235592,0.8785407453002516,-165.4994218881557,
ORCL,2025-05-31,2025,12443000000,2866000000.0,4.34159106769016,3.7077577045696066,17.094789185911186,17.094789185911186
ORGN,2024-12-31,2024,-83697000,4768315.0,-17.55274137719509,5.009551575878455,-450.3854808425066,
ORGO,2024-12-31,2024,-937000,131673278.0,-0.007116098377986762,0.03725138925647485,-119.10290735465625,
ORIC,2024-12-31,2024,-127847000,69727940.0,-1.8335117888180836,-1.9571494720553488,-6.317232536533046,
ORLY,2024-12-31,2024,2386680000,880575000.0,2.7103653862533004,2.564653485906642,5.681543379929432,5.681543379929432
ORN,2024-12-31,2024,-1644000,34783256.0,-0.047264120414719085,-0.5526016143943152,-91.44698111920584,
ORTX,2022-12-31,2022,-150660000,12821137.0,-11.750907895298209,-116.63404961771097,-89.92497651087832,
OSA,2023-12-31,2023,-24095000,16177000000.0,-0.0014894603449341658,-0.0007129315505887048,108.92052591924717,
OSG,2023-12-31,2023,62454000,81231761.0,0.7688372039601603,0.2906344429320333,164.53753939272704,164.53753939272704
OSH,2022-12-31,2022,-509200000,230132551.0,-2.2126378810270957,-1.8395598532678272,20.28083115080632,
OSIS,2025-06-30,2025,149637000,17178000.0,8.710967516590989,7.384695171142099,17.959743966571494,17.959743966571494
OSK,2022-09-30,2022,66900000,66134818.0,1.0115700325961432,7.353116371078565,-86.24297533798224,
OSPN,2024-12-31,2024,57082000,39085000.0,1.4604579762057055,-0.7413977558281293,-296.9871050627066,
OSS,2024-12-31,2024,-13634333,21432890.0,-0.6361406697836829,-0.3220449684022035,97.53162825050066,
OSTK,2020-12-31,2020,56001000,41607000.0,1.3459514024082486,,,
OSUR,2024-12-31,2024,-19500000,74434000.0,-0.2619770534970578,0.7212759951068034,-136.32133264857447,
OSW,2024-12-31,2024,72864000,104940000.0,0.6943396226415094,-0.030400915911925255,-2383.943104388981,
OTECU,2023-12-31,2023,-2242518,2684760.0,-0.8352768962588835,0.7318896288681297,-214.12607356530557,
OTEL,2020-12-31,2020,6307000,3440772.0,1.8330188690212545,,,
OTEX,2025-06-30,2025,435868000,263650000.0,1.6532069030912193,1.7062013001306,-3.1059873788236048,
OTIS,2024-12-31,2024,1645000000,404400000.0,4.067754698318496,3.3912204534491077,19.949580222108708,19.949580222108708
OTLK,2025-09-30,2025,-62424863,34796120.0,-1.7940179249870387,-4.063155631575993,-55.84668450685988,
OTRK,2024-12-31,2024,-79015000,4643000.0,-17.018091751023046,-3.3044179585984406,415.01026698938597,
OTTR,2024-12-31,2024,301662000,42072000.0,7.170136908157445,6.99804943029092,2.4590777698946686,2.4590777698946686
OUST,2024-12-31,2024,-97045000,46584479.0,-2.0832045797914795,-10.09959456651477,-79.37338408911631,
OUT,2024-12-31,2024,258200000,170800000.0,1.5117096018735363,-2.608080141420263,-157.9625440900108,
OVID,2024-12-31,2024,-26433000,71200798.0,-0.3712458391266907,-0.741535167366944,-49.935504684839586,
OVV,2023-12-31,2023,2085000000,263900000.0,7.900719969685487,14.075077399380804,-43.86730711666951,
OWL,2024-12-31,2024,109584000,1430966523.0,0.07658040788421715,0.03797643000485484,101.65246673904642,101.65246673904642
OXM,2025-01-31,2024,92973000,15827000.0,5.874328678839957,3.8163586068150384,53.92496576055279,53.92496576055279
OXY,2023-12-31,2023,3773000000,960900000.0,3.9265272140701426,,,
PAA,2024-12-31,2024,772000000,700000000.0,1.1028571428571428,1.7571428571428571,-37.23577235772358,
PACB,2024-12-31,2024,-309851000,288366000.0,-1.0745060097237538,-1.2093845735306294,-11.152661176511991,
PACI,2022-12-31,2022,-9367000,11268879.0,-0.831227311962441,,,
PACK,2024-12-31,2024,-21500000,83059187.0,-0.25885155846757807,-0.32898488557244066,-21.318100064940403,
PAG,2022-12-31,2022,1380000000,74394799.0,18.5496838293763,14.894771162870322,24.538226378508867,24.538226378508867
PAGP,2024-12-31,2024,3004000000,232000000.0,12.948275862068966,16.230125523012553,-20.220728769412666,
PAHC,2025-06-30,2025,48264000,40678000.0,1.1864890112591573,0.059620462453421515,1890.0701243069052,1890.0701243069052
PALT,2024-12-31,2024,-8426209,9227197.0,-0.9131927063007325,,,
PANL,2024-12-31,2024,28904000,46046044.0,0.6277195061534494,0.5788463503596105,8.443200127888218,8.443200127888218
PANW,2025-07-31,2025,1133900000,709300000.0,1.5986183561257579,3.640677966101695,-56.09009170790515,
PAR,2024-12-31,2024,-4987000,34155000.0,-0.1460108329673547,-2.5316492450638792,-94.2325804709305,
PARA,2020-12-31,2020,2422000000,61800.0,39190.93851132686,,,
PARR,2024-12-31,2024,-33322000,56775000.0,-0.5869132540730956,11.942209984593699,-104.91461174129626,
PASG,2024-12-31,2024,-64767000,3020252.0,-21.44423710339402,-37.287349183008025,-42.48924213372016,
PATH,2025-01-31,2024,-73694000,559933000.0,-0.13161217502808373,-0.15940800383077208,-17.436909148047842,
PATK,2024-12-31,2024,138401000,33699000.0,4.106976468144455,4.32529701097238,-5.047527193487323,
PAVM,2024-12-31,2024,31966000,2173398.0,14.707844582538495,,,
PAY,2024-12-31,2024,44169000,127714622.0,0.34584137124095315,0.17847344344824445,93.77749684156443,93.77749684156443
PAYA,2022-12-31,2022,8262000,126918416.0,0.0650969359718451,-0.0064152690681315416,-1114.718716869107,
PAYC,2024-12-31,2024,502000000,56300000.0,8.91651865008881,5.878497257391245,51.680238327537744,51.680238327537744
PAYO,2024-12-31,2024,121163000,386237179.0,0.3137010277304247,0.2376907270524696,31.978656307099442,31.978656307099442
PAYS,2024-12-31,2024,3815907,55588459.0,0.06864566977832574,0.11924724281022188,-42.43416605650741,
PAYX,2023-05-31,2023,1557300000,362300000.0,4.298371515318797,3.8464512565589617,11.749018214886298,11.749018214886298
PBAJ,2023-06-30,2023,-23863,200030920.0,-0.00011929655675232609,,,
PBAXU,2023-12-31,2023,-7289577,5838.0,-1248.642857142857,-0.1452784335055752,859382.5997314593,
PBF,2022-12-31,2022,2876800000,126860106.0,22.67694778687951,,,
PBH,2025-03-31,2024,214605000,50080000.0,4.285243610223642,4.171927936545897,2.716146477150394,2.716146477150394
PBI,2024-12-31,2024,-203597000,182526000.0,-1.1154410878450194,-2.1955534046914145,-49.19544724070172,
PBPB,2024-12-31,2024,40294000,30720000.0,1.3116536458333334,0.1701010369582558,671.1026747915853,671.1026747915853
PBSV,2024-10-31,2024,-777619,22974124.0,-0.03384760176274838,0.05696966334337108,-159.41337858842525,
PBYI,2024-12-31,2024,30278000,49100433.0,0.6166544396869168,0.4540612647697669,35.80864247462141,35.80864247462141
PCAR,2024-12-31,2024,4162000000,526600000.0,7.903532092669958,8.763428571428571,-9.812329406804732,
PCCT,2023-12-31,2023,8952082,11866839.0,0.7543779771512868,-0.13582934190991325,-655.3866098030694,
PCG,2022-12-31,2022,1800000000,2132000000.0,0.8442776735459663,-0.05138539042821159,-1743.030570577199,
PCH,2024-12-31,2024,21876000,79339000.0,0.275728204287929,0.7746454276697394,-64.40588242838214,
PCOK,2024-12-31,2024,-100837000,103083547.0,-0.9782065415347029,-1.3908434373090377,-29.66810531692139,
PCOR,2024-12-31,2024,-105956000,147444772.0,-0.7186148315926726,-1.3362358392647493,-46.22095812157805,
PCRX,2024-12-31,2024,-99560000,46245000.0,-2.152881392582982,0.8071528886665769,-366.7253531285206,
PCSA,2024-12-31,2024,-11850118,122438.0,-96.78464202290138,-211.98787717057735,-54.344256230735766,
PCT,2024-12-31,2024,-289136000,165377000.0,-1.7483446912206655,-0.6201642552724479,181.91639172312347,
PCTI,2022-12-31,2022,2869000,18529000.0,0.15483836148739813,0.008517982407304309,1717.782123553363,1717.782123553363
PCTY,2025-06-30,2025,227127000,56550000.0,4.016392572944297,3.629001684919966,10.674861068103203,10.674861068103203
PCVX,2024-12-31,2024,-463927000,121997348.0,-3.8027629912086285,-4.1403413358222085,-8.153394061809694,
PCYG,2024-06-30,2024,5408645,18931000.0,0.2857030796048809,0.26664419695193436,7.14768326887012,7.14768326887012
PCYO,2022-08-31,2022,9619000,24155990.0,0.3982035097712824,0.8340619797222155,-52.2573238617226,
PD,2025-01-31,2024,-54460000,92000000.0,-0.5919565217391304,-0.8853813582265733,-33.141067830383896,
PDCE,2022-12-31,2022,1778121000,96174000.0,18.488583192962754,5.265921945416234,251.09869429523727,251.09869429523727
PDCO,2024-04-30,2024,185931000,93679000.0,1.9847671303066856,2.1219342636609926,-6.464249892343565,
PDEX,2024-06-30,2024,2127000,3571207.0,0.5955969508348298,1.9450395716843591,-69.37867180156871,
PDFS,2022-12-31,2022,-3429000,37221000.0,-0.09212541307326509,-0.5773085086375971,-84.04225614296351,
PDM,2024-12-31,2024,-79069000,123938819.0,-0.6379679961287996,-0.39129499599308165,63.04016219519437,
PDSB,2024-12-31,2024,-37610384,36452707.0,-1.0317583273033741,-1.387377706039598,-25.632484736357284,
PEAK,2022-12-31,2022,497792000,539147000.0,0.9232955019688508,0.9311868265515733,-0.8474480477721147,
PEB,2024-12-31,2024,-46767000,119774655.0,-0.3904582317519512,-0.9298675916820138,-58.009265486319265,
PED,2024-12-31,2024,12293000,4461812.0,2.755158666479,0.3904324516239485,605.6684594273114,605.6684594273114
PEG,2024-12-31,2024,1772000000,500000000.0,3.544,5.126,-30.862270776433874,
PEGA,2024-12-31,2024,99189000,179268000.0,0.5533000870205502,0.3992745601432037,38.57634376257373,38.57634376257373
PEN,2024-12-31,2024,14012000,39268037.0,0.3568296525746882,2.319275089984936,-84.61460418750904,
PENN,2024-12-31,2024,-311500000,152100000.0,-2.047994740302433,-3.2215647600262987,-36.42857142857142,
PEP,2024-12-31,2024,9578000000,1378000000.0,6.950653120464441,6.561099060014461,5.937329354224397,5.937329354224397
PEPG,2024-12-31,2024,-89981000,31583073.0,-2.8490261223155833,-3.3041687678601446,-13.774800184898606,
PERI,2024-12-31,2024,12614000,49555777.0,0.25454146345036627,2.2958628117973836,-88.91303687039162,
PESI,2021-12-31,2021,835000,13264000.0,0.06295235223160434,0.23163521503199158,-72.82263311176158,
PET,2024-12-31,2024,-17568000,44719000.0,-0.3928531496679264,-0.34677881360345814,13.286375711854848,
PETQ,2023-12-31,2023,2131000,29530000.0,0.07216390111750762,-1.7069612633666171,-104.22762382874346,
PETS,2025-03-31,2024,-6271000,20596022.0,-0.3044762721655667,-0.3659548442904793,-16.799496736846997,
PEW,2024-12-31,2024,4509000,10000000.0,0.4509,,,
PFE,2024-12-31,2024,8031000000,5700000000.0,1.4089473684210527,0.37116833070590294,279.5979483867763,279.5979483867763
PFGC,2024-06-30,2024,435900000,156000000.0,2.794230769230769,2.544522741832159,9.813550623595923,9.813550623595923
PFHC,2024-12-31,2024,-215100000,159900000.0,-1.3452157598499062,-0.7463712757830405,80.2341279061952,
PFHO,2024-12-31,2024,883584,12816000.0,0.06894382022471911,0.05991947565543071,15.06078694877646,15.06078694877646
PFIE,2023-12-31,2023,10776714,49127558.0,0.2193618905299547,0.08148558490577254,169.20330851600087,169.20330851600087
PFMT,2024-12-31,2024,-9895000,77500000.0,-0.1276774193548387,-0.09873155102683964,29.317749014325003,
PFPT,2020-12-31,2020,-163809000,57324000.0,-2.8575989114507014,,,
PFSW,2022-12-31,2022,-16558000,22664000.0,-0.7305859512883869,6.876879962634283,-110.62379967744161,
PG,2025-06-30,2025,15974000000,2454400000.0,6.508311603650586,6.019256442412719,8.124843424046535,8.124843424046535
PGEN,2024-12-31,2024,-126235000,267727426.0,-0.4715056723400463,-0.3921872989114361,20.224615546900182,
PGNY,2024-12-31,2024,54336000,95448357.0,0.5692711923789322,0.6162264991817668,-7.619812985190089,
PGRE,2024-12-31,2024,-46288000,217240620.0,-0.21307249077083282,-1.1974060658189327,-82.20549428859727,
PGRWU,2021-12-31,2021,1041478,17250000.0,0.06037553623188406,-0.00016970164358575163,-35677.461099471206,
PGTI,2023-12-31,2023,107401000,58700000.0,1.8296592844974446,1.6393176279447603,11.611029693575547,11.611029693575547
PGY,2024-12-31,2024,-401406000,17236040.0,-23.288760063216376,-7.451711646062552,212.5290023201856,
PH,2025-06-30,2025,3531000000,130200000.0,27.119815668202765,21.8366534324313,24.194010552574106,24.194010552574106
PHAT,2024-12-31,2024,-334326000,63176210.0,-5.291960375590748,-3.930504365333666,34.638201200458575,
PHIN,2023-12-31,2023,102000000,47000000.0,2.1702127659574466,5.574468085106383,-61.06870229007634,
PHM,2024-12-31,2024,3083262000,209829000.0,14.694165248845488,11.766760262792602,24.87859802251233,24.87859802251233
PHR,2025-01-31,2024,-58527000,57589687.0,-1.0162757092255077,-2.508822667081294,-59.49192732670026,
PHUN,2024-12-31,2024,-10316000,10972163.0,-0.940197479749435,,,
PHX,2024-12-31,2024,2321866,36412270.0,0.06376603271369788,0.3869005127221114,-83.51875207787657,
PI,2024-12-31,2024,40838000,29471000.0,1.3857011977876557,-1.6210376794258374,-185.4823558622316,
PII,2024-12-31,2024,110800000,56800000.0,1.9507042253521127,8.714038128249566,-77.61423353165932,
PIII,2024-12-31,2024,-135849000,2939960.0,-46.20777153430659,-9.80566210665671,371.2356088931292,
PINC,2024-06-30,2024,119544000,114408000.0,1.0448919655968114,1.4599004078772866,-28.427174897765983,
PINE,2024-12-31,2024,2066000,15082111.0,0.1369834766499199,0.18746155335128817,-26.927162289526297,
PINS,2024-12-31,2024,1862106000,698376000.0,2.666337331179766,-0.05278362862618785,-5151.447580579749,
PIPR,2024-12-31,2024,181114000,70780000.0,2.5588301780163887,1.2408702972596377,106.21254160627096,106.21254160627096
PIRS,2024-12-31,2024,-17434000,2225934.0,-7.8322178465309396,9.986175988584042,-178.43060101769228,
PIXY,2021-08-31,2021,-29876000,1000.0,-29876.0,,,
PJT,2024-12-31,2024,134393000,44105131.0,3.0471057891200912,1.9530808842760599,56.01534036054778,56.01534036054778
PK,2021-12-31,2021,-459000000,236000000.0,-1.944915254237288,-6.101694915254237,-68.125,
PKE,2025-02-28,2024,5882000,20190000.0,0.29133234274393266,0.36644927180895404,-20.49858871166842,
PKG,2024-12-31,2024,805100000,89500000.0,8.995530726256984,8.54972067039106,5.214323052796677,5.214323052796677
PKI,2024-12-31,2024,270385000,122822000.0,2.201437853153344,5.5531038682178,-60.356623873850424,
PKOH,2024-12-31,2024,31800000,13200000.0,2.409090909090909,0.624,286.0722610722611,286.0722610722611
PL,2023-01-31,2022,-161966000,267126918.0,-0.606326016159854,-1.7224259420529608,-64.79813724605346,
PLAB,2024-10-31,2024,130688000,62391000.0,2.0946610889391097,2.0319812160958626,3.0846679263933696,3.0846679263933696
PLAN,2022-01-31,2021,-203599000,146966000.0,-1.3853476314249555,-1.1037140051183163,25.516902476602034,
PLAO,2024-12-31,2024,-10673074,5000000.0,-2.1346148,0.416516953153107,-612.4916966381772,
PLAY,2025-01-31,2024,58300000,40010000.0,1.4571357160709824,2.8795098706603133,-49.396397945430905,
PLBY,2024-12-31,2024,-79397000,76048609.0,-1.0440296153214321,,,
PLCE,2025-01-31,2024,-57819000,12766000.0,-4.529139902866991,-12.362291016718663,-63.36326416566461,
PLD,2024-12-31,2024,3818862000,953590000.0,4.004721106555228,3.2892168553810657,21.753027624299605,21.753027624299605
PLL,2023-06-30,2023,-10639140,19239000.0,-0.5529985966006549,,,
PLNHF,2024-12-31,2024,-47796856,292166589.0,-0.16359453065319526,-0.3316243301788454,-50.668718858785624,
PLNT,2024-12-31,2024,172042000,85827000.0,2.0045207219173453,1.6236778775606033,23.45556650244667,23.45556650244667
PLOW,2024-12-31,2024,56151000,23509976.0,2.3883903582036834,1.0331151218954342,131.18337033163883,131.18337033163883
PLPC,2024-12-31,2024,37094000,4947000.0,7.498281786941581,12.674004402641584,-40.837311170739774,
PLRX,2024-12-31,2024,210304000,60538639.0,3.4738805409880458,-2.7475905916310035,-226.4337034625638,
PLSE,2024-12-31,2024,-53585000,58398000.0,-0.917582793931299,-0.8786793788250968,4.42748698145401,
PLTK,2024-12-31,2024,162200000,372100000.0,0.4359043267938726,0.6406761177753544,-31.961826779577674,
PLTR,2024-12-31,2024,462190000,2325600000.0,0.19874011007911938,0.09022402820777434,120.27403788871678,120.27403788871678
PLUG,2024-12-31,2024,-2104701000,785024373.0,-2.681064527916256,-2.2987499526822095,16.631411989283883,
PLUS,2023-03-31,2022,119356000,26654000.0,4.477977039093569,3.9306186257723517,13.925502966181668,13.925502966181668
PLX,2024-12-31,2024,2932000,81057176.0,0.036171997899359334,0.10084439467254301,-64.13087904705534,
PLXP,2021-12-31,2021,-48650000,23650457.0,-2.057042703234022,-0.0017445275843388196,117814.02564801785,
PLXS,2025-09-30,2025,172885000,27616000.0,6.26032010428737,4.006413701673296,56.25745543134302,56.25745543134302
PLYA,2024-12-31,2024,73813000,131521526.0,0.5612237193780735,0.35827367971006313,56.64665063653291,56.64665063653291
PLYM,2024-12-31,2024,139344000,45046432.0,3.0933415547761918,0.3130751767986633,888.0507251986637,888.0507251986637
PM,2024-12-31,2024,7057000000,1556000000.0,4.535347043701799,5.030907920154539,-9.850326905556194,
PMD,2024-12-31,2024,-1861000,5867000.0,-0.3171978864837225,-0.7271838623301253,-56.379960706592016,
PMGMU,2024-12-31,2024,42005000,575945.0,72.93231124499735,,,
PMN,2024-12-31,2024,2778873,1058469.0,2.625370228131386,-26.870585794821316,-109.77042424075982,
PMTS,2024-12-31,2024,19521000,11878076.0,1.643447979285534,,,
PMVP,2024-12-31,2024,-58709000,51578807.0,-1.1382388119213382,-1.4362284673769847,-20.748067749964004,
PNM,2021-12-31,2021,195829000,86072000.0,2.2751765963379498,2.151538547750395,5.746494698727478,5.746494698727478
PNNT,2024-09-30,2024,48851000,65246011.0,0.7487201018312062,-0.5236268027657507,-242.98735241903825,
PNR,2024-12-31,2024,625400000,167100000.0,3.7426690604428487,3.7444377630787735,-0.0472354662524932,
PNRG,2024-12-31,2024,55404000,2523581.0,21.9545162211952,10.77244358103731,103.80256397760715,103.80256397760715
PNT,2022-12-31,2022,98293213,96034506.0,1.0235197440386687,-0.6215568054205274,-264.670346316325,
PNTG,2020-12-31,2020,15744000,30228000.0,0.5208416038110362,,,
PNW,2023-12-31,2023,501557000,113804000.0,4.407200098414818,4.263966283416802,3.359168564607873,3.359168564607873
PNYG,2023-12-31,2023,-148521,11500000.0,-0.012914869565217391,-0.024698086956521738,-47.70902868731252,
POAI,2023-12-31,2023,-13983967,267790.0,-52.21989992158034,-105.72127928756859,-50.60606504813576,
PODD,2024-12-31,2024,418300000,73890000.0,5.661117877926648,2.8030910053916043,101.95983173709924,101.95983173709924
POLA,2022-12-31,2022,-5584000,1840316.0,-3.034261507262883,,,
POLY,2022-03-31,2021,17917000,43942000.0,0.4077420235765327,-1.359069789493647,-130.00155155596877,
POM,2023-12-31,2023,2328000000,55433200.0,41.996493076351356,39.54283381805194,6.205066813343252,6.205066813343252
POOL,2024-12-31,2024,434325000,38228000.0,11.361436643298106,13.417160294381619,-15.32160014473658,
POST,2025-09-30,2025,334700000,62900000.0,5.321144674085851,5.484304932735426,-2.9750398756218543,
POWI,2024-12-31,2024,32234000,57130000.0,0.5642219499387362,0.9672520912151609,-41.66753889051789,
POWL,2025-09-30,2025,180747000,36501000.0,4.951836935974357,4.098238704736899,20.82841661347925,20.82841661347925
POWW,2023-12-31,2023,-7701072,117876518.0,-0.06533168887801725,0.26778931588587834,-124.3966749240508,
PPC,2024-12-31,2024,1086438000,237800000.0,4.568704793944491,1.3551540896007956,237.13544673656634,237.13544673656634
PPG,2021-12-31,2021,1439000000,239200000.0,6.015886287625418,4.451450189155107,35.14441433674098,35.14441433674098
PPIH,2025-01-31,2024,8983000,8015000.0,1.1207735495945104,1.2970395144308189,-13.589868533316007,
PPL,2024-12-31,2024,888000000,739853000.0,1.2002384257413297,1.0024845359986778,19.72637807780735,19.72637807780735
PPSI,2024-12-31,2024,31855000,10953861.0,2.9081070135909157,-0.18741628969463192,-1651.6831638964045,
PPTA,2024-12-31,2024,-14483000,65619452.0,-0.22071199253538418,-0.2970549212109375,-25.699937359846846,
PPYAU,2024-12-31,2024,1409260,9787670.0,0.14398319518332758,-0.08803195060993274,-263.5578834567841,
PQG,2023-12-31,2023,-71154000,119487709.0,-0.5954922108348399,-0.5455473925578029,9.154991657621236,
PR,2024-12-31,2024,984701000,684492000.0,1.4385865722316695,1.2241349178608878,17.518628971512797,17.518628971512797
PRAH,2020-12-31,2020,197043000,64758000.0,3.0427591957750395,,,
PRAX,2024-12-31,2024,-182819000,17906794.0,-10.209476916973523,-18.694433205809368,-45.387609217267475,
PRBM,2021-12-31,2021,2816216,17968799.0,0.15672811521793972,,,
PRCH,2023-12-31,2023,-133933000,96057000.0,-1.394307546560896,-1.6049770681388262,-13.126014430986732,
PRCT,2024-12-31,2024,-91413000,52125000.0,-1.753726618705036,-2.240969209607449,-21.742493775171656,
PRDO,2024-12-31,2024,147590000,67242000.0,2.1949079444394872,2.1769233037478255,0.8261494863277541,0.8261494863277541
PRFT,2023-12-31,2023,98933000,36711000.0,2.6949143308545125,2.8420680079496883,-5.177697250156044,
PRG,2023-12-31,2023,138838000,46550000.0,2.9825563909774435,1.8955160825732118,57.34798656672682,57.34798656672682
PRGO,2024-12-31,2024,-171800000,137400000.0,-1.250363901018923,-0.09386548410938655,1232.0805969122855,
PRGS,2024-11-30,2024,68438000,44427000.0,1.5404596304049338,1.5718796184334274,-1.9988800452675592,
PRIM,2024-12-31,2024,180900000,54576000.0,3.3146437994722957,2.3255813953488373,42.529683377308714,42.529683377308714
PRKA,2024-09-30,2024,-1094481,75677.0,-14.462531548555043,,,
PRKR,2024-12-31,2024,14472000,92150000.0,0.1570482908301682,0.07936574135860136,97.87919591221443,97.87919591221443
PRLB,2024-12-31,2024,16593000,25212178.0,0.658134334923385,0.6566629669314139,0.224067454092447,0.224067454092447
PRLD,2024-12-31,2024,-127173000,75805840.0,-1.6776148117348215,-2.018521381726861,-16.888925382618,
PRM,2024-12-31,2024,-5905000,145713439.0,-0.040524745284475784,0.4054381508204208,-109.99529649651181,
PRME,2024-12-31,2024,-195882000,118600381.0,-1.6516135812413621,-2.1780198505810646,-24.169029919505313,
PRO,2024-12-31,2024,-20475000,47116000.0,-0.43456575261057817,-1.220972809013108,-64.40823666156575,
PROG,2023-12-31,2023,-124115000,1577330.0,-78.68676814617106,-49.975704344796604,57.45004333163302,
PROK,2024-12-31,2024,-61186000,97916193.0,-0.6248813207024909,-0.5747135283640036,8.729182429600435,
PRPL,2024-12-31,2024,-97897000,4292960.0,-22.804079236703814,-29.045999461206897,-21.489776011459462,
PRPO,2024-12-31,2024,-4290000,1465518.0,-2.927292602342653,-4.509762676917458,-35.08987474384052,
PRSO,2023-12-31,2023,-16795000,646000000.0,-0.0259984520123839,-64.47363184079602,-99.95967583759423,
PRTA,2024-12-31,2024,-122310000,53772000.0,-2.2746038830618165,-2.7628532772098615,-17.671926271854588,
PRTH,2024-12-31,2024,-23960000,77993000.0,-0.3072070570435808,-0.6262367073902442,-50.94393966079947,
PRTK,2022-12-31,2022,-63566000,54387880.0,-1.1687530383607525,-1.2203529861304747,-4.228280534907903,
PRTS,2024-12-31,2024,-40601000,5702600.0,-7.119734857784168,,,
PRTY,2021-12-31,2021,-6528000,112407040.0,-0.05807465439887039,-5.240199329905883,-98.89174722672404,
PRVA,2024-12-31,2024,14385000,125614171.0,0.11451733419472235,0.18509686411072698,-38.131132180490745,
PRVB,2022-12-31,2022,-113565000,74723000.0,-1.5198131766658192,-1.8134736375017828,-16.193257776854498,
PS,2020-12-31,2020,-128080000,111798000.0,-1.1456376679368145,,,
PSA,2024-12-31,2024,1872685000,176038000.0,10.637958849793794,11.063403030492271,-3.845509193924279,
PSB,2022-12-31,2022,-117451000,27671000.0,-4.24455205811138,3.9730414329654424,-206.8338231485113,
PSFE,2024-12-31,2024,22160000,61896518.0,0.35801690815628756,-0.3296370339939758,-208.60943135498252,
PSIX,2024-12-31,2024,69279000,23018000.0,3.009774958727952,1.1450833587254603,162.84330619196092,162.84330619196092
PSMT,2025-08-31,2025,147887000,30063000.0,4.91923627049862,4.624234150239745,6.379480594501907,6.379480594501907
PSN,2024-12-31,2024,235053000,112174000.0,2.095432096564266,1.400297179402513,49.64195653513759,49.64195653513759
PSNL,2024-12-31,2024,-81284000,59251013.0,-1.3718584018133158,-2.2479615601396246,-38.973226849657195,
PSPC,2022-12-31,2022,11892175,44215000.0,0.2689624561800294,0.24598061539836125,9.342947916627287,9.342947916627287
PSSR,2021-10-31,2021,93198,7748451.0,0.01202795242558803,,,
PSTG,2023-01-31,2022,73071000,339184000.0,0.21543174206330487,-0.5011123470522804,-142.9907072397139,
PSTI,2022-06-30,2022,-41242000,32136352.0,-1.283344170489544,-1.7736588750028635,-27.64425061795086,
PSTL,2024-12-31,2024,6596000,22565155.0,0.29230909337870714,0.1841137849996756,58.76545766479255,58.76545766479255
PSTV,2024-12-31,2024,-12978000,308031.0,-42.13212306553561,-105.98788573429802,-60.248171030454365,
PSTX,2023-12-31,2023,-123430000,90185096.0,-1.3686296902095663,-0.8894886202034661,53.8670264153013,
PSX,2024-12-31,2024,2117000000,421888000.0,5.017919447815534,15.478475761788134,-67.58130758454058,
PTC,2025-09-30,2025,733997000,120777000.0,6.077291206107123,3.1168358980305113,94.98271339685498,94.98271339685498
PTCT,2024-12-31,2024,-363295000,76845055.0,-4.727630164361259,-8.372761402997542,-43.53559194140281,
PTE,2022-12-31,2022,-7833000,7665190.0,-1.021892477551111,-19.170049330156424,-94.66932786686381,
PTEN,2024-12-31,2024,-968031000,397196000.0,-2.4371620056596743,879.4226971981104,-100.27713203371083,
PTGX,2024-12-31,2024,275188000,65077722.0,4.22860529752409,-1.3909452013042383,-404.0094817221471,
PTHR,2023-12-31,2023,8614602,15604225.0,0.5520685583551891,,,
PTIC,2021-12-31,2021,11028290,28750000.0,0.3835926956521739,-0.14534601739130434,-363.9168946882498,
PTLO,2024-12-31,2024,29517000,63982643.0,0.46132823865997535,0.32149210306229953,43.495978366404245,43.495978366404245
PTMN,2024-12-31,2024,34963000,9272809.0,3.7704863758112563,3.2961083963692333,14.392062468715094,14.392062468715094
PTN,2024-06-30,2024,-29736113,293951.0,-101.16010151351756,-2.5290619723734062,3899.9059975024475,
PTOCU,2021-12-31,2021,-1661915,34500000.0,-0.04817144927536232,,,
PTON,2025-06-30,2025,-118900000,390037997.0,-0.30484209465366524,-1.510068488335599,-79.81269743667964,
PTRA,2022-12-31,2022,-237950000,249156000.0,-0.9550241615694585,-1.1263575667567887,-15.211280169286223,
PTSI,2024-12-31,2024,-31795000,21878000.0,-1.4532864064356887,,,
PTVE,2024-12-31,2024,-136000000,180300000.0,-0.7542983915696062,-1.2702853945159485,-40.6197697914147,
PUBM,2024-12-31,2024,12504000,54294000.0,0.23030169079456295,0.15851285987113356,45.28896329407699,45.28896329407699
PUCKU,2023-12-31,2023,-1137038,5381614.0,-0.21128196856928053,-0.04074153371075656,418.59110182073965,
PULM,2024-12-31,2024,-9559000,3652285.0,-2.6172656295990047,-0.003866742645152086,67586.5741990973,
PUMP,2024-12-31,2024,-137859000,105469000.0,-1.3071044572338792,0.755043380122734,-273.1164714034585,
PURE,2025-07-31,2025,-2399000,111862884.0,-0.02144589799776662,-0.029949093781993286,-28.39216387021086,
PVAC,2022-12-31,2022,217693000,20341000.0,10.702177867361486,2.631582390266239,306.6822268969029,306.6822268969029
PVH,2025-01-31,2024,598500000,56700000.0,10.555555555555555,10.755267423014587,-1.8568749581407862,
PVNC,2024-12-31,2024,-2821336,206701891.0,-0.013649299415456242,-0.01814249200600674,-24.76612688633326,
PWFL,2023-12-31,2023,-17307000,35628.0,-485.7696194004715,-0.4772412623965191,101687.01165970569,
PWP,2024-12-31,2024,-64728000,53187995.0,-1.2169663473872252,-0.19846955691564827,513.1753233592642,
PWR,2024-12-31,2024,904824000,150056000.0,6.029908834035293,5.0038569307163545,20.505220623325226,20.505220623325226
PWSC,2023-12-31,2023,-31137000,162957390.0,-0.1910744888587133,-0.13243318690930153,44.279914512344234,
PWUP,2023-12-31,2023,4464079,15967.0,279.5815744974009,126.63449217120977,120.778375388758,120.778375388758
PXD,2023-12-31,2023,4894000000,242000000.0,20.223140495867767,31.13095238095238,-35.038477948264145,
PXLW,2024-12-31,2024,-28719000,4864304.0,-5.90403066913581,-5.595101550152639,5.521421125497605,
PXMD,2023-12-31,2023,-18289725,1662795.0,-10.999386575013757,-28.785115593447113,-61.78793675743394,
PXS,2021-12-31,2021,-12893000,12640581.0,-1.019968939718831,-0.5523480289394925,84.66055571469495,
PYCR,2024-06-30,2024,-58942000,177667036.0,-0.3317554079080826,-0.5295113883178512,-37.346879552109094,
PYPL,2024-12-31,2024,4147000000,1039000000.0,3.991337824831569,3.8355916892502258,4.060550449565392,4.060550449565392
PYXS,2023-12-31,2023,-73790000,39904603.0,-1.8491601081709796,-3.6544275116208507,-49.39945853924408,
PYYX,2025-03-31,2024,15166000,25667000.0,0.5908754431760627,0.10652,454.7084520991951,454.7084520991951
PZG,2025-06-30,2025,-9050423,67783473.0,-0.13351961177911317,-0.13451657861153934,-0.7411479259409659,
PZN,2021-12-31,2021,0,86694305.0,0.0,0.0,,
PZZA,2024-12-31,2024,83486000,32819000.0,2.5438313172247784,2.475888898941464,2.744162644469328,2.744162644469328
QADA,2021-01-31,2020,11064990,21415000.0,0.5166934391781461,,,
QBTS,2024-12-31,2024,-143879000,192129049.0,-0.748866455899649,-0.5994112660302204,24.933663803024597,
QCOM,2025-09-30,2025,5541000000,1105000000.0,5.01447963800905,8.975221238938053,-44.12973781354539,
QDEL,2021-12-31,2021,704226000,42463000.0,16.58446176671455,18.588401275492647,-10.78059096679892,
QEP,2020-12-31,2020,3200000,241600000.0,0.013245033112582781,,,
QFTA,2022-12-31,2022,11045567,84022.0,131.4604151293709,-14.93984548762565,-979.9315577812147,
QIND,2024-12-31,2024,-523017,146892689.0,-0.003560537992466051,,,
QIPT,2024-12-31,2024,-7847000,42649.0,-183.9902459612183,,,
QLYS,2024-12-31,2024,173680000,37353000.0,4.649693465049661,4.031567469815435,15.33215058069024,15.33215058069024
QMCO,2025-03-31,2024,-115091000,5150000.0,-22.347766990291262,-8.683836907253358,157.34899479312904,
QNCX,2024-12-31,2024,-56828000,216311.0,-262.7143326044445,-168.5679911486363,55.85066347073795,
QNST,2025-06-30,2025,4707000,58300000.0,0.08073756432246998,-0.5705155052169638,-114.15168625290315,
QRHC,2024-12-31,2024,-15063000,20617000.0,-0.7306106611049135,-0.362317742273963,101.64915372884758,
QRTEA,2024-12-31,2024,-1290000000,396000000.0,-3.257575757575758,-0.37371134020618557,771.6823406478578,
QRVO,2025-03-31,2024,55615000,95450000.0,0.5826610790990047,-0.7208298738173581,-180.83198272754132,
QS,2024-12-31,2024,-477857000,471752000.0,-1.0129411216062676,-0.9435996031813325,7.348616742859071,
QSEP,2024-12-31,2024,-1934000,404977565.0,-0.004775573185146688,0.003174588469200628,-250.43125216003804,
QSI,2024-12-31,2024,-101007000,143196000.0,-0.7053758484873879,-0.6791224345364473,3.865785109699771,
QSR,2024-12-31,2024,1021000000,454000000.0,2.248898678414097,2.6096491228070176,-13.823714507829566,
QTNT,2022-03-31,2021,-125130000,101910562.0,-1.227841330126312,-1.211637543330021,1.3373460475446297,
QTRX,2024-12-31,2024,-38531000,38367000.0,-1.004274506737561,-0.7542160983135606,33.15474291560931,
QTWO,2024-12-31,2024,-38536000,60105000.0,-0.641144663505532,-1.1204716043458889,-42.77903509390399,
QUAD,2024-12-31,2024,-50900000,48000000.0,-1.0604166666666666,-1.1541666666666666,-8.122743682310475,
QUBT,2024-12-31,2024,-68542000,93881.0,-730.0944813114475,,,
QUIK,2024-12-31,2024,-3841000,14510000.0,-0.26471399035148174,-19.549542852895264,-98.64593258091313,
QUOT,2022-12-31,2022,-76511000,95869000.0,-0.7980786281279663,-0.48408103428128285,64.86467587247597,
QURE,2024-12-31,2024,-239556000,48649129.0,-4.924158046077248,-6.470980063219167,-23.903983662907613,
R,2024-12-31,2024,489000000,44234000.0,11.05484468960528,8.733812330594157,26.57524882783031,26.57524882783031
RAD,2023-02-28,2022,-749936000,54792000.0,-13.68696160023361,-10.03630738262539,36.374475974382214,
RADA,2021-12-31,2021,25074000,38148756.0,0.6572691387367913,0.14784230447776595,344.5744680851063,344.5744680851063
RADI,2022-12-31,2022,-101519000,93756936.0,-1.082789224255366,-1.3545506217187024,-20.06284542681143,
RAIL,2024-12-31,2024,-75817000,30726916.0,-2.467445805495091,-0.8315807645628779,196.71751808642534,
RAIN,2022-12-31,2022,-75724000,27985446.0,-2.705835025820207,-2.6483789693542144,2.1694801662015317,
RAMP,2025-03-31,2024,-814000,66126000.0,-0.012309832743550192,0.17493153508642775,-107.0369431889272,
RANI,2024-12-31,2024,-30018000,25552000.0,-1.1747808390732624,-1.329445835942392,-11.633794524580509,
RAPT,2024-12-31,2024,-129865000,5095143.0,-25.48799906106659,-24.372166009010343,4.5783089268459864,
RARE,2024-12-31,2024,-569000000,90538118.0,-6.284645766548848,-8.253577980443835,-23.85549901582329,
RAVE,2025-06-30,2025,2702000,14561000.0,0.18556417828445848,0.16903622693096376,9.77775690665701,9.77775690665701
RAVN,2021-01-31,2020,18876000,36150221.0,0.522154484200802,,,
RBA,2024-12-31,2024,372700000,185254557.0,2.0118263541554877,1.0398089210504478,93.48038985115433,93.48038985115433
RBBN,2024-12-31,2024,-54235000,174044000.0,-0.31161660269816827,-0.38851462372658563,-19.792825374453294,
RBCN,2022-12-31,2022,935000,2455897.0,0.38071629225492765,-0.2992092677816379,-227.2408087749385,
RBLX,2024-12-31,2024,-935384000,647482000.0,-1.4446486543255257,-1.8686922596500903,-22.691997739850766,
RBOT,2023-12-31,2023,-71071000,4862013.0,-14.617607974310229,1.2859435177300367,-1236.722396650314,
RBTK,2024-12-31,2024,-967240,110779567.0,-0.008731213040397603,-0.010008671329435623,-12.763515225852196,
RCEL,2023-06-30,2023,-10384000,22674313.0,-0.4579631585750801,,,
RCFA,2023-12-31,2023,4737502,23000000.0,0.20597834782608695,2.407565043478261,-91.44453652938466,
RCII,2024-12-31,2024,123478000,55933000.0,2.2076055280424796,-0.09420131689039252,-2443.497523087844,
RCKT,2024-12-31,2024,-258746000,94807773.0,-2.7291644114454625,-2.923436635434935,-6.64533725939881,
RCKY,2024-12-31,2024,11387000,7480000.0,1.522326203208556,1.4125457255114484,7.771817627875999,7.771817627875999
RCL,2024-12-31,2024,2879000000,279000000.0,10.31899641577061,5.996466431095406,72.08461907266248,72.08461907266248
RCLF,2024-12-31,2024,-15315000,17934218.0,-0.8539541562392071,-1.4803103952657326,-42.31249344932739,
RCM,2023-12-31,2023,3300000,454094374.0,0.007267211815313087,-0.17965715267758964,-104.04504452341774,
RCMT,2024-12-31,2024,13327000,7939381.0,1.6785943387777964,1.9587848667430428,-14.30430328120369,
RCUS,2024-12-31,2024,-283000000,90100000.0,-3.1409544950055492,-4.148648648648648,-24.289696211592616,
RDFN,2024-12-31,2024,-163728000,121677971.0,-1.3455845676453628,-1.1396276071129052,18.07230355310734,
RDI,2024-12-31,2024,-35301000,22401662.0,-1.575820579740914,-1.313770307052102,19.946429850192928,
RDNT,2024-12-31,2024,2793000,74762332.0,0.037358385236030356,0.04707825672927152,-20.646200960958062,
RDUS,2021-12-31,2021,-70176000,47288212.0,-1.4840062043369286,-2.35061322188512,-36.86727401512696,
RDVT,2024-12-31,2024,7003000,14125825.0,0.49575865480423265,0.9571939931318908,-48.20708671790395,
RDW,2024-12-31,2024,-155367000,66146155.0,-2.348844010660937,-0.731337397614659,221.17105159970788,
RDWR,2024-12-31,2024,6038000,43362906.0,0.13924343539153025,-0.5035947897649199,-127.64989595236473,
RDZN,2022-12-31,2022,-983439,25012500.0,-0.03931790104947526,,,
REAL,2024-12-31,2024,-134202000,107878366.0,-1.2440121682970244,-1.6548337033180756,-24.825547980882956,
REBN,2024-12-31,2024,-4805948,2896960.0,-1.6589624986192422,-0.3571356066419598,364.51892999916043,
REE,2024-12-31,2024,-111754000,15933291.0,-7.013868007557258,-11.32152045497825,-38.04835635417546,
REED,2024-12-31,2024,-13157000,1340517.0,-9.814869934510343,-26.329131094588522,-62.7223933093348,
REEMF,2024-12-31,2024,-18455000,498142882.0,-0.037047603542792365,-0.04229697274416177,-12.410744459469559,
REFI,2022-12-31,2022,32292477,17746214.0,1.819682609485043,,,
REFR,2024-12-31,2024,-1311382,33520904.0,-0.03912131963982833,-0.057045055234220196,-31.42031420742629,
REG,2024-12-31,2024,389076000,183040000.0,2.125633741258741,2.0497020485227164,3.7045234350402856,3.7045234350402856
REGI,2021-12-31,2021,213819000,39306263.0,5.439820112128187,2.7599999856171578,97.09493262594349,97.09493262594349
REGN,2024-12-31,2024,4412600000,115100000.0,38.33709817549956,34.77220756376429,10.25212622810352,10.25212622810352
REI,2024-12-31,2024,67470314,200277380.0,0.33688434510177834,0.5367630922348621,-37.23779634342412,
REKR,2024-12-31,2024,-61410000,86717724.0,-0.708159729837928,-0.7232266931867202,-2.0832974627088663,
RELL,2025-05-31,2025,-1143000,12298000.0,-0.09294194177915108,0.004894094993581515,-1999.0628890743262,
RENN,2023-12-31,2023,-10082000,953320487.0,-0.010575666984485985,,,
RENT,2025-01-31,2024,-69900000,3776633.0,-18.508549811432566,-33.11508193057417,-44.108397949200985,
REPH,2023-12-31,2023,-13274000,95229192.0,-0.13939003073763348,-0.34349886796208295,-59.42052689587902,
REPL,2025-03-31,2024,-247297000,80564147.0,-3.069566416435837,-3.241615496638766,-5.307510418225936,
REPX,2024-12-31,2024,88897000,20875000.0,4.258538922155688,5.57955,-23.675943003366072,
RES,2024-12-31,2024,91444000,211358000000.0,0.0004326498168983431,0.0009163375241279876,-52.78488488070323,
RETA,2022-12-31,2022,-311901000,36536919.0,-8.53659828295867,-8.187635972020974,4.262064314170533,
REV,2022-12-31,2022,-673900000,55071206.0,-12.236884734283828,-3.829647434957122,219.53032079624938,
REVG,2024-10-31,2024,257600000,54625379.0,4.7157567547494725,0.7655230068391792,516.0176392634738,516.0176392634738
REX,2025-01-31,2024,58167000,35272000.0,1.6490984350192788,1.7334717796995904,-4.867304196606737,
REXR,2024-12-31,2024,262865000,218466954.0,1.2032254544089995,1.119826143531286,7.447523114143428,7.447523114143428
REYN,2024-12-31,2024,352000000,210400000.0,1.673003802281369,1.4190476190476191,17.896241100364918,17.896241100364918
REZI,2024-12-31,2024,91000000,214113000.0,0.4250092241012923,0.9874174801105907,-56.957494407158826,
RFIL,2021-10-31,2021,6181000,10131172.0,0.6100972325807913,,,
RFP,2021-12-31,2021,307000000,80100000.0,3.83270911360799,0.11574074074074074,3211.4606741573034,3211.4606741573034
RGCO,2021-09-30,2021,10102062,8264904.0,1.2222842515775139,,,
RGEN,2024-12-31,2024,-25514000,55937.0,-456.1202781700842,0.6313922344218387,-72340.40038879323,
RGF,2022-12-31,2022,-10982000,582442.0,-18.855096301434305,-19.735344419993346,-4.460262257532666,
RGLD,2022-06-30,2022,71140000,65660152.0,1.0834577416147315,4.609829423725152,-76.49679322105585,
RGLS,2024-12-31,2024,-46356000,56346033.0,-0.8227021057542774,-1.5840909693840335,-48.06471839971531,
RGNX,2024-12-31,2024,-227102000,49509000.0,-4.587085176432568,-6.024923400557919,-23.86483824827058,
RGP,2025-05-31,2025,-191780000,33063000.0,-5.800441581223724,0.6205635049417318,-1034.7055595491972,
RGR,2024-12-31,2024,30563000,17270101.0,1.7697059212334658,2.7070018456907325,-34.62487201290037,
RGS,2025-06-30,2025,123536000,2680000.0,46.0955223880597,38.34105263157895,20.22497877404106,20.22497877404106
RGTI,2024-12-31,2024,-200988000,184666000.0,-1.0883866006736487,-0.5690915841396607,91.24981479370251,
RH,2023-02-28,2022,688546000,27302268.0,25.219370053799192,8.736269378510446,188.67436386329874,188.67436386329874
RHE,2024-12-31,2024,-3218000,1858.0,-1731.9698600645856,21.04794885455514,-8328.687137320545,
RHI,2024-12-31,2024,251598000,103028000.0,2.4420351749039098,3.8760299413616908,-36.99648320967312,
RHP,2020-12-31,2020,-417391000,54962000.0,-7.594174156690077,,,
RICK,2025-09-30,2025,10811000,8822758.0,1.225353795264474,0.3255048920325894,276.4471211516514,276.4471211516514
RIDE,2024-12-31,2024,-10836000,16067.0,-674.4258417875147,-21.671997491376608,3011.968991579443,
RIG,2024-12-31,2024,-512000000,925000000.0,-0.5535135135135135,-1.2421875,-55.44042155362909,
RIGL,2024-12-31,2024,17485000,17687000.0,0.9885791824503873,-1.4419286247916787,-168.559508803233,
RIO,2022-12-31,2022,12392000000,1629707387.0,7.6038190038590034,3.692871602969143,105.90531763263526,105.90531763263526
RIOT,2021-12-31,2021,-15437000,93452764.0,-0.16518505541473338,-0.33623411690446203,-50.87201235391908,
RITM,2024-12-31,2024,931503000,499597670.0,1.8645062936342358,,,
RIVN,2024-12-31,2024,-4747000000,1013000000.0,-4.686080947680158,-5.736008447729673,-18.304148426857335,
RKDA,2023-12-31,2023,-13981000,1236934.0,-11.30294744909591,-25.652789757569792,-55.93872028768114,
RKLB,2024-12-31,2024,-190175000,495929861.0,-0.3834715651453785,-0.3789603652844898,1.19041469086143,
RKT,2022-12-31,2022,46421000,1971620573.0,0.023544591000775685,0.15492349436164912,-84.80244000576579,
RL,2025-03-31,2024,742900000,64000000.0,11.6078125,9.718796992481202,19.436721530249113,19.436721530249113
RLAY,2024-12-31,2024,-337708000,142867844.0,-2.3637789340476085,-2.7898734641094864,-15.272898055893913,
RLBY,2022-12-31,2022,-739000,300000000.0,-0.0024633333333333334,0.02631,-109.3627264664893,
RLGT,2025-06-30,2025,17291000,48730674.0,0.3548278441623853,0.15740849051771047,125.41849108353058,125.41849108353058
RLGY,2024-12-31,2024,-128000000,111100000.0,-1.1521152115211521,-0.8794197642792384,31.008564774003176,
RLJ,2024-12-31,2024,42906000,153475921.0,0.2795617691715953,0.32761353361095763,-14.667209840123386,
RLMD,2023-06-30,2023,-25302954,1577942.0,-16.035414482915087,-25.30826101339593,-36.63960366764286,
RLX,2021-12-31,2021,313801237,1409690879.0,0.22260287107951132,,,
RLYB,2024-12-31,2024,-57775000,5443103.0,-10.614349939731069,-14.74784826670654,-28.027806173642954,
RM,2024-12-31,2024,41227000,9957000.0,4.140504167922065,1.6635046387991244,148.90247200699568,148.90247200699568
RMAX,2024-12-31,2024,7123000,19293827.0,0.36918543946724514,-3.8109679926062077,-109.68744529430619,
RMBL,2024-12-31,2024,-78600000,35379798.0,-2.2216068051038618,,,
RMBS,2024-12-31,2024,179821000,109041000.0,1.6491136361552077,3.0111552994435877,-45.23319217511176,
RMCF,2021-02-28,2020,-899777,6067461.0,-0.14829547318062694,,,
RMD,2025-06-30,2025,1400723000,147340000.0,9.506739514049139,6.919356150457472,37.39341215180263,37.39341215180263
RMNI,2022-12-31,2022,-2480000,87672000.0,-0.028287252486540744,,,
RMR,2021-09-30,2021,35696000,31282000.0,1.141103510005754,,,
RMTI,2023-12-31,2023,-8439000,2332292.0,-3.6183290942986557,,,
RNA,2024-12-31,2024,-322302000,111582000.0,-2.888476636016562,-2.9066454829343122,-0.6250795642063878,
RNG,2024-12-31,2024,-58288000,92110000.0,-0.6328085984149386,-1.7409811193526634,-63.652184886977324,
RNGR,2024-12-31,2024,18400000,22852632.0,0.8051588981085417,0.9523240187241307,-15.453261465856173,
RNLX,2024-06-30,2024,-33456000,4327175.0,-7.731603182214724,-0.01386904642437269,55647.18654505068,
RNXT,2022-12-31,2022,-9889000,9051726.0,-1.0924988228764325,-1.2121909143185738,-9.87402974468139,
ROAD,2025-09-30,2025,101781000,55371061.0,1.838162357047845,1.3111869074634905,40.190719308187404,40.190719308187404
ROC,2024-12-31,2024,0,32308179.0,0.0,0.5743498553819375,-100.0,
ROCK,2022-12-31,2022,82406000,32192000.0,2.5598285288270377,,,
ROCR,2022-12-31,2022,-36420000,14783000.0,-2.46364066833525,-7.469796387742678,-67.01863691521925,
ROG,2024-12-31,2024,26100000,18600000.0,1.403225806451613,3.0267379679144386,-53.639006041262974,
ROIC,2023-12-31,2023,34534000,132864930.0,0.259918098778963,0.4180009490827233,-37.81877784025686,
ROIV,2023-12-31,2023,-1009030000,760720058.0,-1.326414348338374,-1.0009477220982501,32.5158466376106,
ROK,2025-09-30,2025,869000000,113100000.0,7.683465959328029,8.323144104803493,-7.685534906289682,
ROKU,2024-12-31,2024,-129386000,144630000.0,-0.8946000138283897,-5.012015087729212,-82.15089144446878,
ROL,2024-12-31,2024,466379000,484295000.0,0.9630060190586316,0.8874319058209047,8.516046441649872,8.516046441649872
ROLL,2025-03-31,2024,233800000,30354470.0,7.702325225905772,6.403084772594221,20.290851979227533,20.290851979227533
ROOT,2024-12-31,2024,29200000,16900000.0,1.727810650887574,-10.23611111111111,-116.87956131124903,
ROP,2024-12-31,2024,1549300000,108000000.0,14.34537037037037,12.888268156424582,11.305647867199653,11.305647867199653
ROST,2025-01-31,2024,2090730000,330984000.0,6.316710173301429,5.555236150583967,13.70732048244998,13.70732048244998
ROT,2024-12-31,2024,-72617000,26774895.0,-2.7121301502769666,-4.508435692591871,-39.84321092272739,
ROVR,2022-12-31,2022,-21979000,181854000.0,-0.12086069044398254,-0.5493194507577381,-77.99810469531603,
RP,2020-12-31,2020,46314000,101365000.0,0.45690327035959155,,,
RPAY,2024-12-31,2024,-10156000,89915137000.0,-0.00011295094840371538,-0.001227003566672491,-90.79457049093779,
RPD,2024-12-31,2024,25526000,63183651.0,0.4039969136952849,-2.515221232071776,-116.06208267264483,
RPHM,2024-12-31,2024,-52673000,3447071.0,-15.280509162706542,-1.151078245514353,1227.4952612694485,
RPID,2024-12-31,2024,-46889000,43575705.0,-1.0760353733806487,-1.2194810440739885,-11.762845465323746,
RPM,2025-05-31,2025,688688000,128204000.0,5.371813671960314,4.584673523453327,17.16894658867849,17.16894658867849
RPRX,2022-12-31,2022,42832000,437972000.0,0.09779620615016485,1.4940332978143789,-93.45421509057188,
RPT,2022-12-31,2022,77349000,14248516.0,5.428565332698507,4.514735211414004,20.241056861412133,20.241056861412133
RPTX,2024-12-31,2024,84689000,42411085.0,1.9968600190256862,2.2282884829181695,-10.385929185856767,
RRC,2024-12-31,2024,266340000,242745000.0,1.0972007662361738,3.632225219628331,-69.79260095692949,
RRD,2021-12-31,2021,3700000,74500000.0,0.049664429530201344,1.3623789764868603,-96.35458045174258,
RRGB,2024-12-31,2024,-77541000,15736000.0,-4.927618200305033,-1.3405746763498578,267.5750621906454,
RRR,2024-12-31,2024,154051000,103666000.0,1.4860320645148843,1.7051842235290697,-12.852110404858507,
RRX,2024-12-31,2024,196200000,66700000.0,2.941529235382309,-0.8657616892911011,-439.7620005328346,
RS,2024-12-31,2024,875200000,56246000.0,15.560217615474878,22.636617809031602,-31.260854661482895,
RSG,2024-12-31,2024,2047000000,314800000.0,6.502541296060991,5.465740448373856,18.96908310008756,18.96908310008756
RSI,2023-12-31,2023,-18305000,68508093.0,-0.2671947093900278,-0.6526456620781159,-59.059758623194995,
RSKD,2024-12-31,2024,-34922000,170907159.0,-0.20433316078936167,-0.33395861972399266,-38.81482653203045,
RSLS,2020-12-31,2020,-21630000,6927021.0,-3.12255441408363,,,
RSTRF,2024-12-31,2024,1442000000,204000000.0,7.068627450980392,8.490099009900991,-16.742697078831547,
RSVR,2025-03-31,2024,7749913,65949366.0,0.11751307813937134,0.009883198149390352,1089.0187403216253,1089.0187403216253
RTC,2021-12-31,2021,13826724,3265837.0,4.233745897299834,0.8699928992169542,386.6414313393201,386.6414313393201
RTLR,2021-12-31,2021,36780000,40682000.0,0.9040853448699671,0.7931365600493838,13.98861058853158,13.98861058853158
RTX,2024-12-31,2024,4774000000,1343600000.0,3.553140815718964,2.225860387348474,59.629994581627585,59.629994581627585
RUBY,2022-12-31,2022,-179666000,90305463.0,-1.9895363362457927,-2.2347472053579267,-10.972644625048765,
RUN,2024-12-31,2024,-2846167000,222215000.0,-12.808167765452378,-7.406213938202195,72.93812833823523,
RUSHA,2024-12-31,2024,304153000,122727000.0,2.4782892110130614,2.763616817964644,-10.32442721787029,
RUTH,2022-12-31,2022,38621000,33495888.0,1.1530071989731994,1.2220705213464138,-5.651336904610382,
RVLV,2024-12-31,2024,49557000,71677000.0,0.6913933339844023,0.3825204191185464,80.7467783229981,80.7467783229981
RVMD,2024-12-31,2024,-600093000,167737672.0,-3.5775684307816076,-3.856540037178479,-7.233727738010787,
RVNC,2023-12-31,2023,-323986000,84599409.0,-3.8296485026272467,-4.901741551137659,-21.87167636901598,
RVPH,2024-12-31,2024,-29918802,1657371.0,-18.05196422527002,-32.99479540469447,-45.288449272512835,
RVYL,2024-12-31,2024,-26825000,191453.0,-140.1127169592537,-353.52822513531686,-60.36731808171073,
RWAY,2020-12-31,2020,46980000,41380614.0,1.1353142319251233,,,
RWLK,2024-12-31,2024,-28942000,8691271.0,-3.3300077744670484,-0.37061866877216965,798.499739772716,
RWODU,2023-12-31,2023,-707458,15130393.0,-0.04675741072951641,0.4933408,-109.47771007983049,
RWT,2020-12-31,2020,-581847000,113935605.0,-5.106805725918601,,,
RXDX,2022-12-31,2022,-141752000,40617465.0,-3.4899273009775476,-2.878488437887935,21.2416647238038,
RXN,2025-03-31,2024,203800000,174041500.0,1.1709850811444398,0.8311470960738194,40.887826796959324,40.887826796959324
RXO,2023-12-31,2023,4000000,119456000.0,0.0334851326011251,,,
RXRX,2024-12-31,2024,-463661000,274207146.0,-1.6909150865090876,-1.578350526564112,7.131784609976077,
RXST,2024-12-31,2024,-27455000,38867726.0,-0.7063701128283142,-1.4107631230675763,-49.92992790367411,
RXT,2024-12-31,2024,-858200000,224800000.0,-3.8176156583629894,-3.8913144449605204,-1.8939303836773003,
RYAM,2024-12-31,2024,-38744000,65748775.0,-0.5892733362712841,-1.564083969076984,-62.32469944570603,
RYI,2024-12-31,2024,-8600000,33189000.0,-0.25912199825243304,4.096493941012737,-106.32545786674281,
RYN,2024-12-31,2024,363981000,152095503.0,2.3931082301624658,1.1676790583157381,104.94571801384262,104.94571801384262
RYTM,2024-12-31,2024,-264572000,60995204.0,-4.337586935523652,-3.2021498816571907,35.45858550752301,
S,2025-01-31,2024,-288441000,314811783.0,-0.9162331766978367,-1.2191847081085316,-24.848698429026417,
SABR,2024-12-31,2024,-278759000,383733000.0,-0.7264399986448911,-1.563521627852623,-53.53821874260859,
SAFE,2022-12-31,2022,135423000,61170000.0,2.2138793526238354,1.366504083272598,62.010445466206335,62.010445466206335
SAFM,2021-10-31,2021,455089000,22021000.0,20.66613686935198,,,
SAGE,2024-12-31,2024,-400666000,60765913.0,-6.593597960093186,-9.04948541307796,-27.138421035914618,
SAH,2021-12-31,2021,348900000,43285000.0,8.060529051634516,-1.2098957229950804,-766.2168398844146,
SAI,2024-12-31,2024,-5886000,1702018.0,-3.4582477976143613,-3.791612482335237,-8.792161284255451,
SAIA,2024-12-31,2024,362065000,26802000.0,13.508879934333258,13.259238500915442,1.8827735348495356,1.8827735348495356
SAIC,2025-01-31,2024,362000000,50500000.0,7.1683168316831685,8.88268156424581,-19.30008095149138,
SAIL,2021-12-31,2021,-61634000,93032000.0,-0.6625032246968785,-0.11891240940427789,457.13548149924617,
SAM,2021-12-31,2021,14553000,12282000.0,1.184904738641915,15.628103883416104,-92.41811580290756,
SAMA,2022-12-31,2022,-920680,16500000.0,-0.05579878787878788,-0.09081227164288243,-38.555894628189044,
SAMG,2024-12-31,2024,9535000,9532525.0,1.0002596373993249,0.960870061818369,4.099365475745431,4.099365475745431
SANA,2024-12-31,2024,-266759000,230891000.0,-1.1553460290786561,-1.456016983566446,-20.650236767933183,
SAND,2022-12-31,2022,78361000000,234318180.0,334.42134110123254,139.6295323487384,139.50616712371607,139.50616712371607
SANM,2025-09-30,2025,245893000,55178000.0,4.456359418608866,3.906196243637002,14.084371103168515,14.084371103168515
SANW,2024-06-30,2024,-30030977,2273112.0,-13.211393455315884,6.380629735079104,-307.05469528631244,
SAR,2021-02-28,2020,14777036,11188629.0,1.3207190979341616,,,
SATL,2024-12-31,2024,-116272000,130984243.0,-0.887679291317506,-0.72815450852023,21.90809518181318,
SATS,2024-12-31,2024,-119546000,274079000.0,-0.43617351201660837,-6.284317055700371,-93.05933312799735,
SAVA,2024-12-31,2024,-24342000,46604000.0,-0.52231568105742,-2.3184441476676523,-77.47128471553356,
SAVE,2024-12-31,2024,-1229495000,109495000.0,-11.228777569752044,-4.099457637056582,173.90885731445996,
SB,2024-12-31,2024,97376000,120653507.0,0.8070714430207155,0.6411003038643543,25.888482372561427,25.888482372561427
SBAC,2024-12-31,2024,749536000,108080000.0,6.935011102886751,4.607711166408036,50.5088069201389,50.5088069201389
SBG,2024-12-31,2024,-17217000,10951270.0,-1.572146426852776,,,
SBH,2025-09-30,2025,195878000,103821000.0,1.8866895907379047,1.4346740482358111,31.50649745549714,31.50649745549714
SBIG,2024-12-31,2024,-1876000,45945530.0,-0.04083095787555394,-0.283092568171349,-85.57681745610503,
SBRA,2024-12-31,2024,126712000,236045862.0,0.5368109354952386,0.05909118022553088,808.4451071148255,808.4451071148255
SBTX,2024-12-31,2024,7998000,102390828.0,0.07811246530792777,-0.5709690295433754,-113.68068341121709,
SBUX,2025-09-30,2025,1856400000,1139800000.0,1.628706790665029,3.3068671414754243,-50.747740354081806,
SC,2020-12-31,2020,910911000,317689203.0,2.867302355251903,,,
SCAQ,2022-12-31,2022,9217598,37500000.0,0.24580261333333334,0.369016728593643,-33.38984542242572,
SCCO,2024-12-31,2024,3376900000,825948086.0,4.088513621181756,2.9316515752652887,39.46110293859806,39.46110293859806
SCHL,2025-05-31,2025,-1900000,27600000.0,-0.06884057971014493,0.3980263157894737,-117.29548448916039,
SCHN,2024-08-31,2024,-266411000,28417000.0,-9.375057184079951,-0.9208440445586975,918.0939149769737,
SCI,2024-12-31,2024,518648000,146782000.0,3.533457780926817,3.526836056212299,0.1877525524004442,0.1877525524004442
SCL,2024-12-31,2024,50370000,22931000.0,2.196589769307924,1.7521136581539265,25.36799534011449,25.36799534011449
SCLX,2023-12-31,2023,-114331000,5984796.0,-19.10357512603604,-3.7896488605831267,404.098818355865,
SCOR,2022-12-31,2022,-82074000,4634178.0,-17.710584271903237,-15.248524669951937,16.14621516009955,
SCPH,2024-12-31,2024,-85148000,44519669.0,-1.9125928362135847,-1.423128214452881,34.39357162551073,
SCPL,2022-12-31,2022,22400000,24500000.0,0.9142857142857143,0.7782258064516129,17.483345669874172,17.483345669874172
SCS,2025-02-28,2024,120700000,118900000.0,1.015138772077376,0.6809403862300588,49.078949142312524,49.078949142312524
SCSC,2025-06-30,2025,71548000,23839000.0,3.001300390117035,3.0552692094203473,-1.766417804915832,
SCTY,2020-12-31,2020,-181756000,22500000.0,-8.078044444444444,,,
SCU,2021-12-31,2021,-8605000,40810782.0,-0.21085114223001167,3.422395994808959,-106.16092183808735,
SCVL,2025-01-31,2024,73766000,27524000.0,2.680061037639878,2.676250592914219,0.1423799675466686,0.1423799675466686
SCWO,2022-12-31,2022,-4689967,12664154.0,-0.37033401520543735,-0.3366500753327903,10.00562374428382,
SCWX,2024-01-31,2023,-86042000,86049000.0,-0.9999186510011737,-1.3568000568794512,-26.30316855226854,
SCX,2023-06-30,2023,23088000,7555000.0,3.055989410986102,2.00053785128412,52.75838990122086,52.75838990122086
SCYX,2024-12-31,2024,-21288000,6064134.0,-3.5104765165149714,11.083313233004173,-131.67352977141695,
SD,2024-12-31,2024,62986000,37188000.0,1.6937184037861677,1.6388484946410298,3.3480769774973274,3.3480769774973274
SDAC,2022-12-31,2022,15082507,20227753.0,0.7456343272532545,0.29082018088254485,156.39016006059015,156.39016006059015
SDC,2021-12-31,2021,-86404000,388161573.0,-0.2225980262090498,-0.2659446584954853,-16.299117467392698,
SDGR,2021-12-31,2021,-100393000,70784184.0,-1.41829705912835,-0.40754917753967046,248.00636028526748,
SDON,2022-12-31,2022,-33145,18043242.0,-0.0018369758605465691,-0.0016122658509038184,13.937528324921145,
SDPI,2023-12-31,2023,7436045,29772498.0,0.24976221343603752,0.03714571178478889,572.3850518280141,572.3850518280141
SDSYA,2024-12-31,2024,20319817,30411500.0,0.6681622741397168,2.316544004735051,-71.15693581585401,
SE,2021-12-31,2021,-2046759000,477264888.0,-4.288517868090057,-3.390268257069018,26.494942078642513,
SEAC,2023-01-31,2022,-11404000,2487500.0,-4.584522613065326,-3.159685307250691,45.09427893167044,
SEAS,2024-12-31,2024,227497000,60010000.0,3.79098483586069,3.631283530250876,4.397929940733114,4.397929940733114
SEAT,2023-12-31,2023,74536000,9943872.0,7.495671706152292,2.8843079738908846,159.87764739424662,159.87764739424662
SEB,2022-12-31,2022,584000000,1161526.0,502.7868510907203,492.77252603639454,2.032240947943209,2.032240947943209
SEDG,2023-12-31,2023,34329000,57237518.0,0.5997639520288074,1.614078355647972,-62.84170778140247,
SEE,2022-12-31,2022,491600000,147400000.0,3.335142469470828,3.347424042272127,-0.3668962356189187,
SEEL,2022-12-31,2022,-73534000,27666.0,-2657.9194679389866,-2793.1996955087543,-4.843199280999766,
SEER,2023-12-31,2023,-86277000,63850490.0,-1.351234736021603,-1.4890376438730208,-9.254494566906269,
SELB,2024-12-31,2024,-77424000,17357943.0,-4.460436354699402,-1.4164826370696775,214.89523683303653,
SELB_delisted,2022-12-31,2022,35379000,145874889.0,0.2425297475290624,-0.22467655087216085,-207.9461771099824,
SELF,2024-12-31,2024,2123743,11143831.0,0.1905756646883823,0.26505921188337883,-28.100720086562358,
SEM,2021-12-31,2021,402225000,130249000.0,3.0881235172630883,1.9956464786561874,54.743014371089636,54.743014371089636
SEMR,2024-12-31,2024,8236000,148862000.0,0.0553264096948852,0.0065039537192345875,750.6581086403585,750.6581086403585
SENEA,2023-03-31,2022,9231000,7655000.0,1.2058785107772698,5.326262393359465,-77.35976146648909,
SENS,2024-12-31,2024,-78616000,31486079.0,-2.4968494806863695,-2.126574344446802,17.41181243940424,
SERA,2024-12-31,2024,-32898000,33156936.0,-0.9921905932442009,-1.161578290094707,-14.5825467206946,
SES,2024-12-31,2024,-100185000,321824143.0,-0.31130355561919415,-0.1694960939529926,83.66414727263857,
SESN,2024-12-31,2024,-60477000,41456210.0,-1.4588164234019463,-2.5915311260102665,-43.70831942706263,
SEVN,2024-12-31,2024,17820000,14712000.0,1.2112561174551386,,,
SFD,2024-12-31,2024,953000000,380069232.0,2.507437908049342,0.042097593419506266,5856.25,5856.25
SFE,2023-12-31,2023,-9828000,16221000.0,-0.605881265026817,-0.6861830077937073,-11.702671423631639,
SFIX,2022-07-31,2022,-207121000,108762589.0,-1.9043404713361503,-0.08375528423326685,2173.6959091827225,
SFM,2024-12-31,2024,380601000,101379000.0,3.754239043588909,2.503685075926105,49.94853305183473,49.94853305183473
SFT,2022-12-31,2022,-172042000,8641922.0,-19.90783994578984,-212.8527372138961,-90.64712993294307,
SFWL,2023-12-31,2023,10294000,5456504.0,1.8865559339826379,1.4593328335832083,29.275233899208388,29.275233899208388
SFY,2023-12-31,2023,297716000,4714200.0,63.15302702473378,84.69846245708315,-25.43781174689739,
SG,2024-12-31,2024,-90373000,114321672.0,-0.7905150302560305,-1.0131923480672795,-21.977793084996968,
SGA,2024-12-31,2024,3460000,6075000.0,0.5695473251028806,1.5715467328370554,-63.75880441845354,
SGC,2023-12-31,2023,8772000,16159308.0,0.5428450277697535,-2.027928064564358,-126.76845580744838,
SGEN,2022-12-31,2022,-610308000,184676000.0,-3.3047499404362233,-3.6997251828000635,-10.675799494515726,
SGFY,2022-12-31,2022,-783700000,176293666.0,-4.4454234674545825,0.05753646300696017,-7826.2717155846385,
SGH,2024-08-31,2024,-52472000,52428000.0,-1.0008392462043183,-3.6539106036397646,-72.60909324909719,
SGHT,2024-12-31,2024,-51507000,50134104.0,-1.0273844726535852,-1.1422622002453684,-10.057036603951907,
SGLB,2022-12-31,2022,-8749304,10498802.0,-0.8333621302697203,-0.7132406154530774,16.841653744064633,
SGMA,2022-04-30,2022,9864168,4301981.0,2.2929362077610294,0.36213820113767803,533.1660676939462,533.1660676939462
SGMO,2024-12-31,2024,-97941000,201699000.0,-0.48557999791768924,-1.4780158675563504,-67.14649628758629,
SGMS,2024-12-31,2024,336000000,91000000.0,3.6923076923076925,1.7526881720430108,110.6654082114205,110.6654082114205
SGMT,2024-12-31,2024,-45567000,31350725.0,-1.4534592102734467,-2.66492421131828,-45.45964181268584,
SGRY,2022-12-31,2022,-54600000,91952000.0,-0.5937880633373934,,,
SGTX,2022-12-31,2022,-43561000,2492005.0,-17.480302005814597,-31.02929141670503,-43.665158926562384,
SGU,2025-09-30,2025,73495000,34276000.0,2.1442116933131055,0.9985824851869702,114.72554597346382,114.72554597346382
SHAK,2024-12-31,2024,10207000,44203000.0,0.23091192905458904,0.4616050479509784,-49.97629898555367,
SHAP,2023-12-31,2023,4349,20000000.0,0.00021745,-0.0136,-101.59889705882352,
SHC,2024-12-31,2024,44398000,284906000.0,0.1558338539728893,0.18139833769975497,-14.09300881752248,
SHCR,2023-12-31,2023,-128498000,352076785.0,-0.3649715217661965,-0.3410106565119165,7.026427120890499,
SHEN,2020-12-31,2020,125673000,50024000.0,2.512254118023349,,,
SHLS,2024-12-31,2024,24127000,168725000.0,0.1429959994073196,0.24299713076885668,-41.15321487341346,
SHLX,2021-12-31,2021,508000000,444100000.0,1.1438865120468362,1.1416347669443818,0.19723865877712132,0.19723865877712132
SHO,2024-12-31,2024,28034000,202642000.0,0.13834249563269213,0.9361474752872028,-85.22214722736396,
SHOO,2024-12-31,2024,169390000,71963000.0,2.353848505481984,2.3007309059210086,2.3087271711904833,2.3087271711904833
SHPH,2024-12-31,2024,-9144797,11549.0,-791.8258723699022,,,
SHW,2024-12-31,2024,2681400000,254100000.0,10.552538370720189,9.248161053039102,14.104180390029498,14.104180390029498
SHWZ,2023-12-31,2023,-42704336,64535245.0,-0.661721141680023,-0.4897817277374726,35.10531410324713,
SHYF,2024-12-31,2024,-2795000,34427000.0,-0.08118627821186859,0.1863400361435415,-143.56888615677263,
SIBN,2024-12-31,2024,-30913000,41466564.0,-0.7454921994501401,-1.1277364217461496,-33.89481929688457,
SIC,2020-12-31,2020,-9853000,25337249.0,-0.3888741038934416,,,
SIEN,2022-12-31,2022,-73307000,7175687.0,-10.216025308796217,-109.50784389672802,-90.67096479551684,
SIF,2022-12-31,2022,-12229000,5846500.0,-2.0916787821773712,-0.7685574381418728,172.1564685177447,
SIG,2025-01-31,2024,-35600000,44100000.0,-0.8072562358276644,14.368518518518519,-105.6182287324003,
SIGA,2020-12-31,2020,56342010,79437306.0,0.709263856455555,,,
SILK,2023-12-31,2023,-55743000,38804343.0,-1.4365144643732275,-1.5376370847764929,-6.576494636116581,
SIMO,2024-12-31,2024,89249000,134888000.0,0.6616526303303482,0.3949312438844031,67.53615738845285,67.53615738845285
SINO,2024-06-30,2024,-5108528,2491969.0,-2.0499966091070956,-1.0886981796174187,88.29797344085655,
SINT,2024-12-31,2024,-11024000,744782.0,-14.801646656337022,-380.2441935187735,-96.10733131271175,
SIOX,2022-03-31,2021,-71887000,73211565.0,-0.9819077081605891,-0.6814581080852457,44.08922522318266,
SIRI,2024-12-31,2024,-1665000000,338000000.0,-4.92603550295858,2.021604938271605,-343.6695424364244,
SITC,2021-12-31,2021,106123000,271975814.0,0.3901927838333448,0.06115785139382931,538.009306966455,538.009306966455
SITE,2024-12-31,2024,123600000,45635077.0,2.708442893610106,3.795451184587894,-28.639764763456288,
SITM,2024-12-31,2024,-93601000,23118000.0,-4.048836404533264,-3.6296646836127637,11.54849710533814,
SIX,2023-12-31,2023,38999000,83935000.0,0.4646333472329779,1.2868956254796624,-63.89502473755042,
SJI,2021-12-31,2021,88091000,112448000.0,0.7833932128628344,1.6195061601113458,-51.62764846729735,
SJM,2023-04-30,2023,-91300000,105400000.0,-0.8662239089184061,5.620106761565836,-115.41294401811444,
SJW,2023-12-31,2023,84987000,31663274.0,2.6840875646656124,2.4266580023787347,10.608398959990728,10.608398959990728
SKGR,2023-12-31,2023,8144369,26110383.0,0.31192070219728296,,,
SKIN,2024-12-31,2024,-29098000,142492575.0,-0.2042071314943954,-0.7602941982230412,-73.14103777568366,
SKLZ,2024-12-31,2024,-46790000,17845771.0,-2.621909695019621,-4.851365894505287,-45.95522679521604,
SKT,2024-12-31,2024,98595000,111079000.0,0.8876115197292017,0.9307156535125596,-4.631289225735169,
SKX,2024-12-31,2024,639471000,153843000.0,4.156646711257581,3.492979469588368,19.000032706960734,19.000032706960734
SKY,2025-03-31,2024,198413000,58075000.0,3.416495910460611,2.5302011107661526,35.02863056708112,35.02863056708112
SKYE,2024-12-31,2024,-26567123,4560815.0,-5.825082359183611,-42985.519922809464,-99.98644873350457,
SKYT,2024-12-31,2024,-6793000,47396000.0,-0.1433243311671871,-0.6758580371136511,-78.79372245401206,
SKYW,2024-12-31,2024,322962000,41547000.0,7.773413242833418,0.7700172649610978,909.5115520852822,909.5115520852822
SKYX,2024-12-31,2024,-35980811,99766866.0,-0.36064890521869253,,,
SLAB,2024-12-31,2024,-191010000,32191000.0,-5.933646050138237,-1.0852722927933593,446.74260916269697,
SLAM,2021-12-31,2021,26396594,14375000.0,1.8362848,,,
SLB,2024-12-31,2024,4461000000,1436000000.0,3.1065459610027855,2.912681912681913,6.655860616869358,6.655860616869358
SLCA,2023-12-31,2023,146925000,78520000.0,1.8711793173713704,1.0065147418565727,85.90679694565382,85.90679694565382
SLDB,2024-12-31,2024,-124697000,40816694.0,-3.0550489953938946,-4.828755089454555,-36.73216100634779,
SLDP,2022-12-31,2022,-9555000,174374386.0,-0.054795891869118894,0.1101382455153279,-149.7519200644003,
SLG,2020-12-31,2020,356105000,74925710.0,4.752774448183407,,,
SLGC,2022-12-31,2022,-109157000,184407874.0,-0.5919324247510168,-0.48322323092357117,22.49668204479176,
SLGG,2024-12-31,2024,-16635000,18708.0,-889.1917896087235,-7723.453017570665,-88.48712114146568,
SLGL,2024-12-31,2024,-10580000,2785787.0,-3.797849584336491,-10.055716599943588,-62.231934973607,
SLGN,2021-12-31,2021,359081000,111197000.0,3.2292328030432476,2.7714667887569235,16.51710264555053,16.51710264555053
SLM,2024-12-31,2024,590029000,219934000.0,2.682754826447934,2.4082661505663006,11.397771621591236,11.397771621591236
SLND,2022-12-31,2022,60542000,47872042.0,1.264662994739184,,,
SLNG,2024-12-31,2024,4599000,18595466.0,0.2473183516885245,,,
SLNO,2024-12-31,2024,-175850000,40175926.0,-4.37699930052639,-2.3640363780741023,85.14940553039112,
SLP,2022-08-31,2022,12483000,20749000.0,0.6016193551496458,0.4710130970724191,27.72879541758173,27.72879541758173
SLQT,2025-06-30,2025,25032000,181895000.0,0.1376178564556475,-0.20249942143022448,-167.95962945655464,
SLRN,2024-12-31,2024,-248226000,99300282.0,-2.4997512091657503,-5.432644579512076,-53.98647615209422,
SLS,2024-12-31,2024,-30881000,61202412.0,-0.5045716172101191,-1.3442722679115189,-62.46507279406806,
SLVM,2024-12-31,2024,302000000,42000000.0,7.190476190476191,5.925058548009368,21.35704874835309,21.35704874835309
SM,2024-12-31,2024,770000000,115533000.0,6.6647624488241455,6.860114055686012,-2.84764371665146,
SMAP,2024-12-31,2024,-21495000,20119161.0,-1.0683845116603023,,,
SMAR,2024-01-31,2023,-104631000,134507000.0,-0.7778851658278008,-1.657856093979442,-53.07884872199005,
SMCI,2025-06-30,2025,1048854000,628402000.0,1.6690812569024287,1.9142633181985764,-12.808167975912376,
SMED,2021-06-30,2021,12868000,17028000.0,0.7556964998825464,,,
SMG,2025-09-30,2025,145200000,58700000.0,2.4735945485519593,-0.6144366197183099,-502.5792846926971,
SMHI,2024-12-31,2024,-78124000,27655289.0,-2.82492075928044,-0.3439135045351055,721.4044293198384,
SMIT,2022-05-31,2022,-3283776,3808446.0,-0.8622351478792137,-2.1482045035521167,-59.86252023708714,
SMLP,2023-12-31,2023,-63094000,10376000.0,-6.080763299922899,-12.706906847133759,-52.14599923431004,
SMLR,2024-12-31,2024,40899000,7980118.0,5.125112185057915,2.6323802853989795,94.694976766289,94.694976766289
SMMT,2024-12-31,2024,-221315000,718541896.0,-0.30800570047762393,-0.9923856869415382,-68.9631053197799,
SMP,2024-12-31,2024,27500000,22237060.0,1.236674272588193,1.5408814836611195,-19.742414604797066,
SMPL,2025-08-31,2025,103614000,101510772.0,1.020719259232902,1.3754581668145838,-25.790599535514758,
SMR,2024-12-31,2024,-136623000,93249872.0,-1.4651280164759903,-0.7952741079370187,84.22931186287539,
SMRT,2024-12-31,2024,-33643000,199181000.0,-0.16890667282521926,-0.17233183856502243,-1.9875408794590377,
SMSI,2024-12-31,2024,-48697000,2473400.0,-19.688283334681007,-15.032349497812557,30.972762025962485,
SMTC,2025-01-31,2024,-161896000,71606000.0,-2.2609278552076644,-17.029176477926615,-86.72321084852047,
SMWB,2024-12-31,2024,-11457000,80825695.0,-0.14174947706914243,-0.3777733992377911,-62.477644705757164,
SN,2024-12-31,2024,438705000,141083853.0,3.1095337323967187,1.1983768154661374,159.4787960068462,159.4787960068462
SNA,2024-12-31,2024,1043900000,53500000.0,19.512149532710282,18.758812615955474,4.0159093871114715,4.0159093871114715
SNAP,2024-12-31,2024,-697856000,1625917000.0,-0.42920764098044367,-0.8133779276555937,-47.231461982555565,
SNBR,2024-12-31,2024,-20334000,22606000.0,-0.8994957091037777,-0.6815729635739445,31.97350205722922,
SNCE,2023-06-30,2023,-19579000,5735358.0,-3.413736335203487,-1.017024569346848,235.65918052460142,
SNCR,2021-12-31,2021,-58451000,9515271.0,-6.142862352527847,-10.44554991851986,-41.19158492903653,
SNCY,2021-12-31,2021,81248000,59324040.0,1.3695628281553314,-0.07435031177805304,-1942.0404641256705,
SND,2024-12-31,2024,2992000,39084000.0,0.07655306519291782,0.11906469292629207,-35.70464651489203,
SNDK,2025-06-30,2025,-1641000000,145000000.0,-11.317241379310344,-4.63448275862069,144.19642857142853,
SNDL,2022-12-31,2022,-365842121,18603800.0,-19.664913673550565,-11.781302744600566,66.91629185544103,
SNDR,2024-12-31,2024,117000000,176100000.0,0.6643952299829642,1.3383838383838385,-50.358394137121934,
SNDX,2024-12-31,2024,-318758000,85622065.0,-3.722848777356631,-2.9751095057292387,25.133168045998076,
SNEX,2025-09-30,2025,305900000,112780130.0,2.7123572210814086,2.4434467390868178,11.005375222342284,11.005375222342284
SNFCA,2021-12-31,2021,39518990,28026670.0,1.4100494279199063,1.9507594460403908,-27.71792386898374,
SNH,2024-12-31,2024,-370255000,239535000.0,-1.5457240069300937,-1.229178180843759,25.752639529367862,
SNOA,2025-03-31,2024,-3457000,1241000.0,-2.7856567284448026,-10.638063806380638,-73.81425060851782,
SNOW,2025-01-31,2024,-1285640000,332707000.0,-3.8641807957151486,-2.549068447962049,51.59188050852526,
SNPO,2023-12-31,2023,-21368000,75898000.0,-0.28153574534243325,-0.11555103079664036,143.64624305075338,
SNPS,2024-10-31,2024,2263380000,155944000.0,14.514056327912584,7.924791391475241,83.14748756068792,83.14748756068792
SNRH,2022-12-31,2022,16612511,10350000.0,1.6050735265700482,0.10733342995169082,1395.4087717987472,1395.4087717987472
SNSE,2024-12-31,2024,-30157000,1255862.0,-24.012988688247596,-24.398934491855215,-1.5818141719936785,
SNWV,2024-12-31,2024,-33083000,4462883.0,-7.412921199144141,-12.040227713191857,-38.43205148834365,
SNX,2024-11-30,2024,689091000,85874000.0,8.024442788271188,6.7516504582512145,18.851573224802976,18.851573224802976
SOFI,2024-12-31,2024,498665000,1101390000.0,0.45275969456777343,-0.31823736654521084,-242.271066243081,
SOFO,2023-09-30,2023,-19348000,11953389.0,-1.6186204598545233,-0.7154744920161411,126.2303517339102,
SOHO,2024-12-31,2024,-6674881,19417448.0,-0.34375686238479947,-0.21418150751959664,60.497918968726694,
SOI,2024-12-31,2024,14768000,29235000.0,0.5051479391140756,0.780217559694204,-35.25550241242178,
SOL,2021-12-31,2021,6861873,49788422.0,0.13782065637669738,0.05580926023323254,146.94944136641647,146.94944136641647
SOLO,2022-12-31,2022,-123698513,118739410.0,-1.0417645918907632,-0.34711102754559614,200.12431447569554,
SOLY,2020-12-31,2020,-14541000,18955861.0,-0.7670978384996598,,,
SON,2024-12-31,2024,163949000,99290000.0,1.6512136166784168,4.8029022145818585,-65.62050312693756,
SONO,2025-09-30,2025,-61144000,120753102.0,-0.5063555220303989,-0.30958005570136155,63.562061801183376,
SONX,2024-12-31,2024,-28029000,474856.0,-59.02631534612598,-129.62182728154843,-54.46267300497443,
SOPA,2021-12-31,2021,-34765145,1263729.0,-27.50996851381902,-3.029120958686554,808.1832283695768,
SOTK,2025-02-28,2024,1273414,15770102.0,0.08074862166395626,0.09138217068117188,-11.636349780216515,
SOUN,2024-12-31,2024,-351097000,338462574.0,-1.037328871699711,-0.40002197632481945,159.31797078503402,
SOVO,2023-12-31,2023,30174000,103143363.0,0.29254427160766516,-0.5296479483566348,-155.23372128889707,
SOWG,2024-12-31,2024,-3702216,616190.0,-6.008237718885408,-8.877819614304611,-32.3230480015106,
SP,2023-12-31,2023,31100000,19781388.0,1.5721849245361346,2.151656766189361,-26.93142562321804,
SPB,2025-09-30,2025,99900000,25900000.0,3.857142857142857,4.091803278688524,-5.734890109890101,
SPCE,2024-12-31,2024,-346740000,24955000.0,-13.894610298537367,-29.789125368407944,-53.35676987256255,
SPFX,2024-12-31,2024,863793,4050262.0,0.2132684255981465,0.1263319503258602,68.81590527815224,68.81590527815224
SPG,2024-12-31,2024,2725765000,326097137.0,8.358751705323927,7.9958948043900335,4.538039954385997,4.538039954385997
SPGC,2024-12-31,2024,-11752000,65899.0,-178.33351037193282,,,
SPGI,2024-12-31,2024,3852000000,311900000.0,12.35011221545367,8.234556287237378,49.97908551059314,49.97908551059314
SPH,2025-09-30,2025,106570000,65589000.0,1.624815136684505,1.143936706713345,42.03715355483051,42.03715355483051
SPIR,2024-12-31,2024,-103359000,24159770.0,-4.278145032009824,,,
SPKE,2024-12-31,2024,18009000,14821000.0,1.2151001956683085,0.2939072937048782,313.4297520661157,313.4297520661157
SPLK,2023-01-31,2022,-277862000,162376000.0,-1.7112257969158005,-8.358803260883136,-79.52786130373639,
SPLP-PA,2024-12-31,2024,261562000,25081210.0,10.42860372366405,6.013625339447339,73.41625284262312,73.41625284262312
SPNE,2021-12-31,2021,-54346000,36419000.0,-1.4922430599412395,-1.5862537653368598,-5.9265867448173415,
SPNS,2024-12-31,2024,72179000,56154348.0,1.2853679647389014,1.1206514724388366,14.69828009430958,14.69828009430958
SPNT,2023-12-31,2023,338800000,169607348.0,1.9975549644228858,,,
SPOK,2024-12-31,2024,14965000,20565287.0,0.7276825263853599,0.7700583840512091,-5.502940886496621,
SPOT,2024-12-31,2024,1231515828,193943455.0,6.349870522828419,-2.968462776947023,-313.911071149057,
SPPI,2022-12-31,2022,-75401000,188358072.0,-0.40030670944646324,-0.9960202764984134,-59.80938150639137,
SPR,2024-12-31,2024,-2139800000,116800000.0,-18.320205479452056,-5.780487804878049,216.9318247500145,
SPRB,2024-12-31,2024,-53036000,548824.0,-96.63571563925775,-93.55780907717119,3.2898446345058785,
SPRO,2024-12-31,2024,-68566000,54037917.0,-1.2688497967084853,0.4303909696025762,-394.81329449828917,
SPRT,2020-12-31,2020,446000,19192000.0,0.023238849520633598,,,
SPSC,2024-12-31,2024,77054000,37856000.0,2.0354501267962806,1.7564776517678453,15.882494989199403,15.882494989199403
SPT,2024-12-31,2024,-61971000,56935910.0,-1.0884343466188562,-1.193347906859831,-8.791531760175763,
SPTN,2024-12-31,2024,299000,34205000.0,0.008741412074258149,1.4967192917108392,-99.41596182245596,
SPWH,2025-01-31,2024,-33059000,37808000.0,-0.8743916631400762,-0.773480220864787,13.046415351444352,
SPWR,2022-12-31,2022,56037000,174603000.0,0.32093950275768457,-0.2166484956737572,-248.13834813834816,
SPXC,2024-12-31,2024,200500000,47078000.0,4.25888950252772,1.928687891530078,120.81797273840054,120.81797273840054
SQ,2024-12-31,2024,2897047000,636390000.0,4.5523138327126444,0.015914687373783435,28504.481670257355,28504.481670257355
SQBG,2020-12-31,2020,-89420000,1643517.0,-54.40771224149187,,,
SQFTP,2024-12-31,2024,-27865225,12386594.0,-2.2496277023368974,0.6775595903176738,-432.0191662082681,
SQSP,2023-12-31,2023,-7081000,135736599.0,-0.05216721247008701,-1.8222811035407969,-97.13725767288466,
SQZ,2022-12-31,2022,-79464000,28812904.0,-2.7579309603780304,-2.347378962770681,17.48980476176556,
SR,2023-09-30,2023,202400000,52600000.0,3.8479087452471483,3.9481765834932823,-2.539598625485451,
SRAC,2024-12-31,2024,-34946000,1507230.0,-23.185578843308587,,,
SRAX,2020-12-31,2020,-14705000,14649788.0,-1.003768791739512,,,
SRC,2022-12-31,2022,275166000,141055850.0,1.9507592205498745,1.5435156386855575,26.38415650981816,26.38415650981816
SRCL,2023-12-31,2023,-21400000,92400000.0,-0.23160173160173161,0.6060606060606061,-138.21428571428572,
SRDX,2024-09-30,2024,-11542000,14153000.0,-0.8155161449869286,-0.10947188368612358,644.9548847859112,
SRE,2024-12-31,2024,2817000000,637943000.0,4.415755012595169,4.78874975700651,-7.788979657281214,
SREV,2021-12-31,2021,-14721000,98050000.0,-0.150137684854666,-0.19356488876361092,-22.435475868756306,
SRFM,2023-12-31,2023,-250696000,5639821.0,-44.45105615940648,-38.56702162309063,15.25664748971176,
SRG,2024-12-31,2024,-158436000,56183000.0,-2.8199989320612997,-2.8444725272769342,-0.8603913372671412,
SRGA,2022-12-31,2022,-54605000,13320439000.0,-0.0040993393686199085,-18.37847930464385,-99.9776948935727,
SRI,2024-12-31,2024,-16524000,27596000.0,-0.598782432236556,-0.18886419123273696,217.04391834589632,
SRLP,2021-12-31,2021,-68916000,26226255.0,-2.627748414708848,0.9730325584037828,-370.0576041380932,
SRNE,2022-12-31,2022,-572843000,543137000.0,-1.0546933830690968,-1.4312039722530374,-26.307262730079493,
SRNW,2024-12-31,2024,-76014,49005865.0,-0.0015511204628262353,-0.7876959500759377,-99.80308132056834,
SRPT,2024-12-31,2024,235239000,107875000.0,2.1806628041714946,-5.800742440312561,-137.59282241212546,
SRRA,2021-12-31,2021,-94659000,13672633.0,-6.923245873709914,-7.700010440917967,-10.08783784344388,
SRRK,2024-12-31,2024,-246294000,99838102.0,-2.4669339166724145,-1.9891397282923604,24.020142053581694,
SRTS,2024-12-31,2024,6647000,16359616.0,0.4063053802729844,0.029816540975089418,1262.6844931893243,1262.6844931893243
SRT_delisted,2022-12-31,2022,-285000,40305000.0,-0.0070710829921845925,-0.026597556820947096,-73.4145393887618,
SRZN,2024-12-31,2024,-63564000,2933.0,-21672.00818274804,-21329.03865213082,1.6079933850321693,
SSD,2024-12-31,2024,322224000,42383000.0,7.602670882193332,8.263580549524944,-7.997860774402521,
SSKN,2024-12-31,2024,-10086000,3807186.0,-2.649200748269194,,,
SSNC,2024-12-31,2024,760500000,253800000.0,2.99645390070922,2.3854616895874265,25.61316384952996,25.61316384952996
SSNT,2024-12-31,2024,28000000,203998000.0,0.1372562476102707,-0.20343771716263326,-167.4684367896955,
SSP,2024-12-31,2024,87603000,86067000.0,1.0178465613998398,-11.844504307787245,-108.59340783666775,
SSSS,2022-12-31,2022,-132177053,30023202.0,-4.402496875583091,5.496289104637813,-180.0994414916826,
SST,2024-12-31,2024,-74673000,6955400.0,-10.73597492595681,-24.845386751809652,-56.78885970581706,
SSTI,2024-12-31,2024,-9180000,12710236.0,-0.7222525215110089,-0.21875019114485061,230.1722927559649,
SSTK,2024-12-31,2024,35932000,35658000.0,1.0076841101576084,3.042574913084267,-66.8805489119045,
ST,2024-12-31,2024,128600000,150733000.0,0.8531642042552062,-0.026957899650862323,-3264.8022112431718,
STAA,2024-12-31,2024,-20208000,49125000.0,-0.4113587786259542,0.43188945313290306,-195.24631260198174,
STAG,2024-12-31,2024,189038000,182404000.0,1.0363698164513937,1.0668937442884439,-2.8610091680130623,
STAR,2024-12-31,2024,105763000,71451000.0,1.4802172117954961,-0.8243064927275454,-279.5712183338032,
STAY,2020-12-31,2020,23267000,178103000.0,0.13063788931124123,,,
STE,2025-03-31,2024,614500000,99069000.0,6.202747579969516,3.8063990177034794,62.95578974039957,62.95578974039957
STEM,2024-12-31,2024,-854014000,8072127.0,-105.7978894534241,-18.049804105770285,486.1442530537044,
STEP,2022-03-31,2021,193885000,53600250.0,3.617240591228586,1.9175122560792706,88.64237137262126,88.64237137262126
STER,2023-12-31,2023,-116000,93651691.0,-0.0012386321993908258,0.1963263327604502,-100.63090477063112,
STFR,2020-12-31,2020,-114089541,99264851.0,-1.14934480685414,,,
STGW,2024-12-31,2024,2259000,115752000.0,0.019515861496993574,0.0010968322828845052,1679.2931336475408,1679.2931336475408
STHO,2024-12-31,2024,-86755000,13320000.0,-6.513138138138138,-14.741441441441442,-55.81749475442563,
STIM,2024-12-31,2024,-43708000,31734000.0,-1.3773240057981975,-1.0534231279223951,30.74746218213502,
STKS,2024-12-31,2024,-17098000,31154765.0,-0.5488085048948371,0.1461230138977295,-475.5797873693903,
STLA,2022-12-31,2022,17668060366,1577313000.0,11.201366099182597,10.645155906912578,5.225007478836785,5.225007478836785
STLD,2024-12-31,2024,1537134000,156136000.0,9.844840395552595,14.638161391856944,-32.74537606185175,
STLY,2024-12-31,2024,-239000,2833000.0,-0.08436286621955524,-0.2867108475758633,-70.57562804726705,
STM,2022-12-31,2022,3960000000,946221547.0,4.185066396506398,2.162531082951299,93.52630024604586,93.52630024604586
STMP,2020-12-31,2020,178665000,19059000.0,9.374311348968991,,,
STNE,2021-12-31,2021,-251787010,308905398.0,-0.815094238010046,3.3154825924904427,-124.58448250810402,
STOK,2023-12-31,2023,-104699000,43994862.0,-2.37980062308185,-2.5982942528714355,-8.409118003017667,
STOR,2024-12-31,2024,123193000,282338405.0,0.4363310049867286,-0.49089673082200774,-188.88447968600062,
STR,2021-12-31,2021,13156000,3166250.0,4.1550730359257795,2.4318989340702726,70.85714285714285,70.85714285714285
STRA,2024-12-31,2024,112684000,24140000.0,4.667937033968517,2.913299382200701,60.22853890293849,60.22853890293849
STRL,2024-12-31,2024,257461000,31146000.0,8.26626212033648,4.4429312996667525,86.054241283373,86.054241283373
STRM,2024-01-31,2023,-18697000,3769245.0,-4.960409843350591,-3.4586962547963993,43.41848713866297,
STRN,2024-12-31,2024,-4140000,18587607.0,-0.22272904737011062,-0.013071582088550903,1603.9180556819808,
STRO,2024-12-31,2024,-227461000,7682920.0,-29.606061237133797,-17.75045151930887,66.79046842796332,
STRR,2024-12-31,2024,-12478000,3145000.0,-3.9675675675675675,1.4716957210776545,-369.59156779108537,
STRS,2024-12-31,2024,1956000,8189000.0,0.23885700329710588,-1.8518009004502252,-112.898633067898,
STRT,2023-06-30,2023,-6670000,3921000.0,-1.7010966590155572,1.8213914849428867,-193.39544370763863,
STRW,2024-12-31,2024,4095000,7124158.0,0.5748047699110548,0.3921324653632033,46.584335826072355,46.584335826072355
STRY,2021-12-31,2021,-166545000,162423594.0,-1.0253744292839624,-0.7701652014916011,33.136946112092616,
STSA,2022-12-31,2022,-70055000,32024991.0,-2.1875103727585747,-1.7540043516254293,24.71521924853932,
STSFF,2024-12-31,2024,-18379000,55345663.0,-0.33207660733958505,-0.03080066922922402,978.1473768255237,
STWD,2024-12-31,2024,359933000,320569000.0,1.1227941566402242,1.0924488014762952,2.777737054855245,2.777737054855245
STX,2025-06-30,2025,1469000000,217000000.0,6.7695852534562215,1.580188679245283,328.40360409931907,328.40360409931907
STXS,2024-12-31,2024,-25353000,85183306.0,-0.2976287396030391,,,
STZ,2025-02-28,2024,-81400000,181476000.0,-0.44854416010932574,9.39013584548731,-104.77675901062588,
SU,2021-12-31,2021,4119000000,1526000000.0,2.699213630406291,-2.830275229357798,-195.36929844871497,
SUI,2022-12-31,2022,242000000,118072000.0,2.049596856155566,,,
SUM,2023-12-31,2023,285856000,119725693.0,2.3875911079504046,2.256059658359724,5.830140577324583,5.830140577324583
SUMO,2023-01-31,2022,-124815000,117836000.0,-1.0592263824298178,-1.1349648097888587,-6.673196094346823,
SUN,2024-12-31,2024,866000000,85132733.0,10.172350510584454,4.6280670914206405,119.79695431472082,119.79695431472082
SUNW,2022-12-31,2022,-28211000,32830421.0,-0.8592944939694803,-0.9880497745520906,-13.031254487252786,
SUP,2024-12-31,2024,-78182000,28691.0,-2724.966017217943,-3330.1771752385052,-18.173542312421187,
SUPN,2024-12-31,2024,73865000,55958537.0,1.3199951957285803,0.023708794889162103,5467.533912624061,5467.533912624061
SURF_delisted,2022-12-31,2022,-63586000,55761386.0,-1.1403231619816623,-1.734982213033533,-34.27464826928329,
SURG,2021-04-30,2021,-10721627,42688.0,-251.16255153673163,,,
SVC,2024-12-31,2024,-275526000,33067600.0,-8.332204332942215,-0.9933752757776323,738.7771002675312,
SVII,2024-12-31,2024,6812395,7666667.0,0.8885732222359468,1.4310131116950822,-37.906004146712355,
SVRA,2024-12-31,2024,-95881000,198191936.0,-0.4837785125626907,-0.33109237141820924,46.115874095939425,
SVT,2022-12-31,2022,-2061000,2449000.0,-0.8415679869334423,1.6916979557780558,-149.74694117581902,
SVV,2024-12-31,2024,29030000,166706000.0,0.17413890321884035,0.34014062860216704,-48.80385094410009,
SWAG,2022-12-31,2022,-52726000,19202619.0,-2.745771292967902,-0.0030917506005606627,88709.59843494426,
SWAV,2023-12-31,2023,147278000,38206269.0,3.854812413114717,5.70187259827267,-32.39392240572866,
SWBI,2025-04-30,2025,13425000,44932.0,298.78483041039794,0.8943738107593842,33307.153341924146,33307.153341924146
SWCH,2021-12-31,2021,5412000,243501000.0,0.02222578141362869,0.06381493299822177,-65.17150395778364,
SWI,2024-12-31,2024,111903000,174491000.0,0.6413110131754647,-0.055329798154661027,-1259.069858492589,
SWIM,2024-12-31,2024,-17860000,115434828.0,-0.1547193365246752,-0.021151539032215762,631.4802780498538,
SWK,2024-12-31,2024,267900000,151297000.0,1.7706894386537737,-1.5933115638626787,-211.13265470571721,
SWKH,2024-12-31,2024,13488000,15713162.0,0.8583886553196614,0.9915523014348955,-13.42981564588477,
SWKS,2025-09-30,2025,477100000,155100000.0,3.076079948420374,3.6904024767801857,-16.646491330555303,
SWM,2024-12-31,2024,-48700000,54313300.0,-0.8966496235728634,-5.678180193700247,-84.20885577798911,
SWN,2023-12-31,2023,1557000000,1103406255.0,1.411084986100609,1.6610008570962054,-15.046101266467993,
SWSSU,2022-12-31,2022,838650,5363215.0,0.15637075895708077,-0.10507615301642764,-248.8166005969344,
SWTX,2024-12-31,2024,-258131000,74132811.0,-3.4820074474175815,-5.150249185982319,-32.39147618537122,
SXC,2024-12-31,2024,95900000,85300000.0,1.1242672919109027,0.6772673733804476,66.00050970997502,66.00050970997502
SXI,2023-06-30,2023,138992000,12009000.0,11.573986177033891,5.064175534108719,128.54630727311238,128.54630727311238
SXT,2024-12-31,2024,124666000,42396000.0,2.940513255967544,2.210927512901851,32.999080196352025,32.999080196352025
SYBX,2024-12-31,2024,-23359000,12196209.0,-1.9152672769054713,-9.42300384219133,-79.67455697799998,
SYK,2024-12-31,2024,2993000000,385600000.0,7.761929460580913,8.248631743549648,-5.900400188786847,
SYKE,2020-12-31,2020,56432000,39994000.0,1.4110116517477622,,,
SYM,2025-09-30,2025,-16937000,64338580.0,-0.26324796102120995,-0.2096720194943687,25.552260934025185,
SYN,2024-12-31,2024,-25653000,1348126.0,-19.028636789142855,-1.1391931490219105,1570.3608870436483,
SYNA,2025-06-30,2025,-47800000,39300000.0,-1.2162849872773538,3140000.0,-100.00003873519067,
SYNH,2022-12-31,2022,266497000,103206000.0,2.5821851442745576,2.2410745812854893,15.220848330420388,15.220848330420388
SYNL,2024-12-31,2024,-13598000,10106000.0,-1.3455373045715417,-2.6261341222879686,-48.7635725398797,
SYPR,2024-12-31,2024,-1680000,22043000.0,-0.07621467132422992,-0.07295666483817882,4.465673551933191,
SYRE,2024-12-31,2024,-208018000,4293812.0,-48.44599623830759,-78.90191745702886,-38.59972254198766,
SYRS,2023-12-31,2023,-164574000,28325779.0,-5.810043211874244,-20.55389594413746,-71.73264266947197,
SYX,2024-12-31,2024,61400000,38400000.0,1.5989583333333333,1.861256544502618,-14.092533989685895,
SYY,2025-06-30,2025,1828000000,489825648.0,3.7319401453637235,3.8859376059626114,-3.9629421831836154,
T,2024-12-31,2024,10746000000,7204000000.0,1.491671293725708,1.9553596031964728,-23.713710189816883,
TACO,2021-12-31,2021,5721000,36786635.0,0.15551843760648398,-2.4147836706288675,-106.44026375936124,
TACT,2024-12-31,2024,-9863000,9997000.0,-0.9865959787936381,0.4738050094800918,-308.2282709244113,
TALK,2024-12-31,2024,1148000,176495872.0,0.006504401417388391,-0.11622642570355099,-105.59631889048934,
TALO,2023-12-31,2023,187332000,120752000.0,1.5513780310056977,4.563830168612502,-66.00710425915457,
TALS,2024-12-31,2024,-73210000,25348000.0,-2.888196307400978,-8.873815041078576,-67.45259739997995,
TAP,2024-12-31,2024,1122400000,209900000.0,5.347308242020009,4.366774045098942,22.454429443666136,22.454429443666136
TARA,2024-12-31,2024,-44596000,20592847.0,-2.165606338938953,-3.56709860741953,-39.28941761143039,
TARS,2024-12-31,2024,-115554000,37604538.0,-3.0728738111341776,-4.624841695663887,-33.55721096323768,
TASK,2024-12-31,2024,45870000,92304270.0,0.49694342417745135,0.47508101306237793,4.601828007006237,4.601828007006237
TAST,2023-12-31,2023,27116968,62412573.0,0.4344792514803067,-1.490031613189907,-129.15906264231265,
TATT,2022-12-31,2022,-1562000,8911546.0,-0.17527822894029835,-0.44948018501140774,-61.00423671938957,
TAYD,2025-05-31,2025,9413136,3456452.0,2.7233521541742802,2.6034679492149753,4.604788969860518,4.604788969860518
TA_delisted,2022-12-31,2022,164060000,14290000.0,11.480755773268019,4.105794864599411,179.62321917873405,179.62321917873405
TBCP,2022-12-31,2022,9386738,52752997.0,0.1779375302601291,0.0015139869175831687,11652.910688566391,11652.910688566391
TBI,2024-12-31,2024,-125748000,30177000.0,-4.167014613778706,-0.4525656991410416,820.7535219057908,
TBIO,2020-12-31,2020,-53787000,3754161.0,-14.327302425228966,,,
TBLA,2024-12-31,2024,-3760000,298769457.0,-0.012584954425244346,-0.27050681892494455,-95.34763874890112,
TBPH,2023-12-31,2023,-55193000,55303000.0,-0.9980109578142234,,,
TBTC,2024-12-31,2024,1576428,4623161.0,0.34098488025833407,0.3492073904438276,-2.3546208959217774,
TCDA,2021-12-31,2021,-176566000,57718979.0,-3.059063120295319,-5.292884037224551,-42.20422932410567,
TCI,2024-12-31,2024,5862000,8639316.0,0.6785259388590485,0.6872071816796608,-1.263264274886311,
TCMD,2024-12-31,2024,16960000,24138244.0,0.7026194614653825,1.2303586498700454,-42.89311807255588,
TCNNF,2022-12-31,2022,-246064000,146757286.0,-1.6766731431651032,0.12286953848410634,-1464.5962732919254,
TCNT,2021-02-28,2020,-6846,7100000.0,-0.000964225352112676,,,
TCOM,2024-12-31,2024,2374288097,688704882.0,3.447468079658538,2.0890657906783727,65.02439009060876,65.02439009060876
TCON,2023-12-31,2023,-3588000,1637285.0,-2.1914327682718646,-27.85490020612722,-92.13268490622768,
TCPC,2024-12-31,2024,132280424,79670868.0,1.66033617206229,1.8488684698655626,-10.197171993364218,
TCRR,2022-12-31,2022,-151822000,38628105.0,-3.930350712259895,-2.6309619730345837,49.388351201692984,
TCRT,2023-12-31,2023,-35140000,1599532.0,-21.96892591082892,-26.051969986031505,-15.672688389368727,
TCRX,2024-12-31,2024,-127499000,111990417.0,-1.1384813398810723,-1.3600334317796847,-16.29019454387223,
TCS,2024-03-31,2023,-103287000,49476871.0,-2.0875814883281523,-3.206629003403824,-34.897941541968436,
TCX,2024-12-31,2024,-109860000,10967581.0,-10.016794040545495,-8.854587491299315,13.125473664224184,
TDAC,2021-12-31,2021,-53048225000,11967695.0,-4432.618394770255,-797.1159815455512,456.08198773981707,
TDC,2024-12-31,2024,114000000,98200000.0,1.1608961303462322,,,
TDG,2025-09-30,2025,2074000000,58200000.0,35.63573883161512,29.688581314878892,20.031800959636016,20.031800959636016
TDOC,2024-12-31,2024,-1001245000,170564088.0,-5.870198186150416,-1.3389864183668192,338.40610372361954,
TDS,2023-12-31,2023,-569000000,113000000.0,-5.035398230088496,-0.06140350877192982,8100.505689001266,
TDUP,2022-12-31,2022,-92284000,99817000.0,-0.9245318933648576,-0.8194884034659887,12.818178933904644,
TDW,2024-12-31,2024,180656000,53071000.0,3.404043639652541,1.8358614957402195,85.41941467539904,85.41941467539904
TDY,2024-12-31,2024,819200000,47600000.0,17.210084033613445,18.49060542797495,-6.925254012635884,
TEAM,2025-06-30,2025,-256687000,261787000.0,-0.9805185131423638,-1.1597094928087122,-15.45136784492157,
TECH,2025-06-30,2025,73400000,159717000.0,0.4595628517941108,1.0455981688581486,-56.04785227426527,
TEL,2025-09-30,2025,1842000000,299000000.0,6.160535117056856,10.333333333333334,-40.381918222030436,
TELA,2024-12-31,2024,-37841000,28526441.0,-1.3265236977862047,-2.0405215643782935,-34.9909493267046,
TELL,2023-12-31,2023,-166177000,565678000.0,-0.2937660647930448,-0.09452581478937121,210.77866448190278,
TEN,2021-12-31,2021,35000000,84103606.0,0.4161533811047293,-18.69044632122249,-102.22655668009489,
TENB,2024-12-31,2024,-36301000,118789000.0,-0.3055922686444031,-0.6783238596977679,-54.94891352037035,
TER,2024-12-31,2024,542372000,163314000.0,3.321038000416376,2.731229915278995,21.594962834797894,21.594962834797894
TERN,2024-12-31,2024,-88853000,79507474.0,-1.1175427356678442,-1.2659411083522798,-11.72237568598965,
TESS,2023-03-31,2022,-4347000,9160805.0,-0.4745216168229757,-0.30251448363136557,56.85913980938926,
TEUM,2020-12-31,2020,-45477000,138739000.0,-0.32778814897036884,,,
TEVA,2024-12-31,2024,-1639000000,1131000000.0,-1.4491600353669318,-0.49955317247542447,190.09124858239653,
TEX,2024-12-31,2024,335000000,67600000.0,4.955621301775148,7.584187408491947,-34.65850677389138,
TFFP,2023-12-31,2023,-21243231,1792551.0,-11.850837716751155,-26.492912305045653,-55.26789361510049,
TFX,2022-12-31,2022,363139000,47309000.0,7.675896763829292,10.228736407316868,-24.957526930320217,
TG,2024-12-31,2024,-64565000,34346242.0,-1.8798272020560503,-3.102708756590894,-39.41335299154816,
TGAN,2022-03-31,2021,-10235000,46056331.0,-0.22222786265801328,-0.16189594498028198,37.265860911512874,
TGEN,2021-12-31,2021,3696000,25115518.0,0.14716001477652182,-0.24750274222505053,-159.45793305300492,
TGI,2025-03-31,2024,40874000,77857000.0,0.5249881192442555,6.910194338426681,-92.40270108866743,
TGLO,2024-12-31,2024,-204867,441480473.0,-0.0004640454392192336,-0.00043431139478732956,6.84625013038489,
TGLS,2024-12-31,2024,161309000,46996168.0,3.432386232000873,3.8758567327692575,-11.441870310090895,
TGNA,2024-12-31,2024,599818000,169165000.0,3.545757101055183,2.292526461069407,54.66591820280122,54.66591820280122
TGT,2025-01-31,2024,4091000000,461800000.0,8.858813339107838,8.94122731201383,-0.9217299821385416,
TGTX,2024-12-31,2024,23383000,160336051.0,0.1458374448800663,0.08532846932328066,70.91299777983554,70.91299777983554
TGVC,2022-12-31,2022,-857534,11557500.0,-0.07419718797317759,-0.07428510158585433,-0.11834622393984695,
TH,2024-12-31,2024,71265000,101434754.0,0.7025698509605495,,,
THC,2024-12-31,2024,3200000000,97881000.0,32.69275957540278,5.830152671755725,460.7530611296582,460.7530611296582
THCP,2023-12-31,2023,4095236,30214035.0,0.1355408504689956,0.09473448767230505,43.07445345336469,43.07445345336469
THMA,2022-12-31,2022,-75491000,34500000.0,-2.1881449275362317,-1.8881739130434783,15.886831844278637,
THMO,2023-12-31,2023,-17975000,2368112.0,-7.5904349118622765,-20.45398035909712,-62.89018186875127,
THO,2024-07-31,2024,265308000,53687377.0,4.941720285571038,6.94932889403361,-28.88924440151649,
THPTF,2024-12-31,2024,19181000,18928648.0,1.0133317498428835,0.9545366351471442,6.159545116534582,6.159545116534582
THR,2025-03-31,2024,53515000,34058239.0,1.5712791257351855,1.51431061396771,3.7620096723887997,3.7620096723887997
THRD,2024-12-31,2024,-45469000,41730464.0,-1.089587693058002,-0.777492627642577,40.141225050805105,
THRM,2024-12-31,2024,64947000,31476000.0,2.063381624094548,1.2200381044545923,69.124359031144,69.124359031144
THRN,2022-12-31,2022,15674040,52757834.0,0.29709407706161706,0.22436575826981495,32.4150705315476,32.4150705315476
THRX,2022-12-31,2022,-50608000,38490104.0,-1.3148314694083445,-2.8351864622026706,-53.62451510907521,
THRY,2024-12-31,2024,-74216000,37142271.0,-1.9981546093398543,-7.467423134384731,-73.24171172061901,
THS,2024-12-31,2024,26900000,52600000.0,0.5114068441064639,0.9414893617021277,-45.68108096496316,
TIGR,2024-12-31,2024,60727920,2534097315.0,0.023964320407324217,0.01341570599190049,78.62884310219884,78.62884310219884
TIL,2024-12-31,2024,-74135000,6510138.0,-11.387623426723058,-23.99893725515701,-52.54946789664184,
TILE,2024-12-31,2024,86946000,58871000.0,1.476890149649233,0.7631267678066341,93.5314304193634,93.5314304193634
TISI,2023-06-30,2023,-15753000,4187000.0,-3.762359684738476,,,
TITN,2025-01-31,2024,-36911000,22606000.0,-1.632796602671857,4.997599893328593,-132.67161512572292,
TIVC,2023-12-31,2023,-8244000,1865.0,-4420.375335120643,-44280.70175438596,-90.01737741276241,
TJBH,2022-12-31,2022,11346841,80170345.0,0.14153414208208784,-0.036833967439467555,-484.24897430526084,
TJX,2025-01-31,2024,4864000000,1142000000.0,4.259194395796848,3.8602243313201035,10.335411370776626,10.335411370776626
TK,2024-12-31,2024,133769000,93275031.0,1.4341351438414425,1.5587050371965043,-7.991883671532484,
TKAT,2022-12-31,2022,-10353512,52958342.0,-0.19550294833626022,-2.4284673750847987,-91.94953367123438,
TKNO,2024-12-31,2024,-26745000,46745905.0,-0.5721356769111647,-1.1558849440046342,-50.50236791484058,
TKR,2024-12-31,2024,352700000,70750482.0,4.98512504833536,5.467393166360635,-8.820805516466933,
TLCC,2024-12-31,2024,-9499000,259092833.0,-0.03666253477571107,-0.05293083502622398,-30.735015312819016,
TLF,2024-12-31,2024,827000,8783063.0,0.09415849573206977,0.45018050230968404,-79.08427947257096,
TLND,2020-12-31,2020,-79582000,31535000.0,-2.523608688758522,,,
TLRY,2025-05-31,2025,-2181356000,89032602.0,-24.500643034110134,-2.9947371672568868,718.1233165297168,
TLS,2024-12-31,2024,-52520000,71850000.0,-0.7309672929714683,-0.4970255284740672,47.068359892022585,
TLYS,2025-01-31,2024,-46229000,30028000.0,-1.5395297722126016,-1.1555883141248995,33.22476122289728,
TM,2025-03-31,2024,31254620434,1388765900.0,22.505319603541533,24.645489344892468,-8.683819223067946,
TMC,2024-12-31,2024,81847000,321875050.0,0.2542819022474715,0.25532862834006076,-0.4099524990183179,
TMCI,2024-12-31,2024,-55743000,62112037.0,-0.8974588935152779,-0.8138906769658586,10.267744663319789,
TMDX,2024-12-31,2024,35464000,35216837.0,1.0070183191068522,-0.7696808954918005,-230.83582105326923,
TMHC,2024-12-31,2024,889831000,106846000.0,8.32816389944406,6.99580552907531,19.045103023966693,19.045103023966693
TMKRU,2022-12-31,2022,7097636,26315648.0,0.2697116179696582,1.251385072463768,-78.4469525884114,
TMO,2024-12-31,2024,6336000000,383000000.0,16.54308093994778,15.45103092783505,7.0678132560423546,7.0678132560423546
TMST,2024-12-31,2024,1300000,44300000.0,0.029345372460496615,1.4518828451882846,-97.97880575848453,
TMTC,2023-12-31,2023,1569865,2140000.0,0.7335817757009345,-0.000347373106453347,-211279.78394779857,
TMUS,2024-12-31,2024,11339000000,1173213898.0,9.664904259427722,6.929180354262556,39.481205067526595,39.481205067526595
TMX,2021-12-31,2021,125000000,121400000.0,1.029654036243822,4.142857142857143,-75.14628188376982,
TNC,2024-12-31,2024,83700000,19096138.0,4.383085208119045,5.829543198592093,-24.812544331473273,
TNDM,2024-12-31,2024,-96025000,65451000.0,-1.4671280805488076,-3.42641875355939,-57.18188038094457,
TNET,2024-12-31,2024,173000000,50000000.0,3.46,6.578947368421052,-47.407999999999994,
TNGX,2024-12-31,2024,-130302000,109226731.0,-1.1929497368185449,-1.075831303425708,10.886319539123201,
TNL,2024-12-31,2024,411000000,70700000.0,5.8132956152758135,5.28,10.100295743860087,10.100295743860087
TNON,2024-12-31,2024,-13673000,35.0,-390657.14285714284,-2596833.3333333335,-84.95640294497878,
TNP,2022-12-31,2022,168260000,28188064.0,5.969193201775049,-9.525296475011816,-162.66674446757986,
TNXP,2024-12-31,2024,-130036000,736339.0,-176.59800716789414,-21874.74217138571,-99.19268530900034,
TNYA,2024-12-31,2024,-111129000,84822468.0,-1.3101363662278724,-1.681671158613206,-22.09318929461338,
TOL,2024-10-31,2024,1571195000,104690000.0,15.008071449040022,12.360109181320265,21.4234536999204,21.4234536999204
TOMZ,2020-12-31,2020,4391167,6251878.0,0.7023756701586308,,,
TOST,2024-12-31,2024,19000000,591000000.0,0.032148900169204735,-0.46153846153846156,-106.96559503666103,
TPB,2024-12-31,2024,39809000,19362806.0,2.0559520143929553,1.879182931144279,9.406699066867198,9.406699066867198
TPC,2024-12-31,2024,-163721000,52322000.0,-3.129104392033944,-3.301282669495612,-5.215496360024641,
TPCO,2020-12-31,2020,-39012000,36456000.0,-1.0701119157340355,,,
TPCS,2025-03-31,2024,-2748000,9459164.0,-0.29051193107551576,-0.8078319085573742,-64.03807178224591,
TPG,2024-12-31,2024,23483000,309269698.0,0.07593049093351525,0.2589649115898836,-70.67923585965788,
TPH,2024-12-31,2024,458029000,94912589.0,4.825798187846293,3.447512089342463,39.97915200253026,39.97915200253026
TPIC,2024-12-31,2024,-240707000,47462000.0,-5.071573047912014,-4.162358510463781,21.843734391512704,
TPL,2024-12-31,2024,453960000,69059252.0,6.573485620724649,5.86365606533782,12.105579649919896,12.105579649919896
TPR,2025-06-30,2025,183200000,222500000.0,0.8233707865168539,3.4991423670668955,-76.46935448336637,
TPST,2021-12-31,2021,-28302000,291474.0,-97.09956977294716,-564.3767996709173,-82.79525844620738,
TPVG,2021-12-31,2021,76558000,30936000.0,2.4747220067235585,1.1551069816135575,114.241801505402,114.241801505402
TPX,2024-12-31,2024,384300000,178200000.0,2.1565656565656566,2.0761421319796955,3.873700328468055,3.873700328468055
TR,2024-12-31,2024,86827000,75663388.0,1.1475431155686553,1.204584193032913,-4.735333386754748,
TRC,2024-12-31,2024,2690000,26823406.0,0.10028554912079399,0.12225339860703766,-17.969111482009193,
TRDA,2024-12-31,2024,65626000,39003169.0,1.6825812282073798,-0.20226733666322555,-931.8600798154929,
TREC,2021-12-31,2021,4963000,25356000.0,0.19573276542041332,1.229492033443761,-84.08019246190858,
TREE,2024-12-31,2024,-41704000,13269000.0,-3.142964805185018,-9.458619890271232,-66.7714228751517,
TREX,2024-12-31,2024,226392000,108322576.0,2.089979839475014,1.8875574567760471,10.7240381993301,10.7240381993301
TRGP,2024-12-31,2024,1279100000,221300000.0,5.779936737460461,3.6982300884955754,56.289268086391964,56.289268086391964
TRHC,2022-12-31,2022,-147510000,24293483.0,-6.071998815484795,-3.3773520508970862,79.78578258881721,
TRIN,2024-12-31,2024,115596000,56728848.0,2.037693414821327,1.8005251033961955,13.172174660479797,13.172174660479797
TRIP,2024-12-31,2024,5000000,145000000.0,0.034482758620689655,0.06896551724137931,-50.0,
TRKA,2022-12-31,2022,-38693006,8120687.0,-4.764745396540958,-1.9699072258295387,141.87663936988187,
TRMB,2024-12-31,2024,1504400000,247200000.0,6.085760517799352,1.2496989160979526,386.9781384464564,386.9781384464564
TRN,2024-12-31,2024,138400000,84200000.0,1.6437054631828978,1.2709832134292567,29.325505310805354,29.325505310805354
TRNO,2024-12-31,2024,183706000,95842137.0,1.9167560923646767,1.808120581449934,6.008200560807064,6.008200560807064
TRNS,2025-03-31,2024,14515000,9254000.0,1.5685109141992652,1.6339798850574712,-4.006718286859645,
TRON,2024-12-31,2024,-1598802,18500000.0,-0.08642172972972972,0.043575621621621624,-298.3258677986327,
TROO,2023-12-31,2023,-1719000,101597998.0,-0.016919624735125195,-0.0034055789170176366,396.82080924855495,
TROW,2024-12-31,2024,2100100000,223300000.0,9.404836542767578,7.956850533807829,18.197979248289343,18.197979248289343
TROX,2024-12-31,2024,-48000000,157819000.0,-0.3041458886445865,-2.0204991144331412,-84.94699223216855,
TRP,2022-12-31,2022,641000000,1031180000.0,0.62161795224888,1.7601194747764697,-64.6831955922865,
TRS,2024-12-31,2024,24250000,41055993.0,0.590656764774877,0.9682059029470019,-38.99471558920988,
TRSSF,2024-12-31,2024,-72670000,291513878.0,-0.24928487281144124,-0.3105423399076361,-19.725963008591517,
TRT,2025-06-30,2025,-41000,8728000.0,-0.004697525206232814,0.12212142358688068,-103.84660206887521,
TRTN,2022-12-31,2022,694810000,62100000.0,11.188566827697262,7.224011451064591,54.88024767801858,54.88024767801858
TRTX,2024-12-31,2024,59666000,79888044.0,0.7468702075119026,-1.687446603829535,-144.26037575452378,
TRU,2024-12-31,2024,284300000,196700000.0,1.4453482460599898,-1.0656670113753879,-235.6285059621553,
TRUE,2024-12-31,2024,-31048000,90159000.0,-0.34436939185217225,-0.554396987723637,-37.88397132780996,
TRUP,2024-12-31,2024,-9633000,42158773.0,-0.2284933672049706,-1.078580188538317,-78.81535655548959,
TSBX,2024-12-31,2024,-70837000,23037078.0,-3.0749125388211125,-4.773884774680422,-35.58888234735501,
TSCO,2024-12-31,2024,1101240000,539652000.0,2.0406484178692934,2.0177974595885044,1.1324703662501934,1.1324703662501934
TSE,2024-12-31,2024,-348500000,35300000.0,-9.872521246458923,-19.86685552407932,-50.30657350634535,
TSHA,2024-12-31,2024,-89298000,250134421.0,-0.35700004678684344,-0.9607696877309919,-62.842286622306446,
TSLA,2024-12-31,2024,7091000000,3498000000.0,2.02715837621498,4.303299856527977,-52.89293231240111,
TSM,2021-12-31,2021,21241653637,5186076000.0,4.095900954208924,3.149634962542007,30.043671819771923,30.043671819771923
TSN,2025-09-30,2025,474000000,357000000.0,1.3277310924369747,2.247191011235955,-40.91596638655462,
TSP,2022-12-31,2022,-472045000,224745672.0,-2.1003519035507834,-4.357737708580661,-51.80178239238544,
TSQ,2024-12-31,2024,-12704000,16277000.0,-0.7804878048780488,-2.762241199238189,-71.74440070283134,
TSRI,2023-05-31,2023,1742065,2237935.0,0.7784252000169799,3.5316009381966524,-77.95829105157989,
TSSI,2022-12-31,2022,-73000,20061000.0,-0.0036389013508798165,-0.07222407840516762,-94.96165069706247,
TSVT,2024-12-31,2024,-57247000,52218000.0,-1.0963077865870006,-4.415334036853641,-75.1704451478324,
TT,2024-12-31,2024,2567900000,228400000.0,11.242994746059544,8.772865192891201,28.156474525220453,28.156474525220453
TTC,2024-10-31,2024,418900000,104400000.0,4.012452107279693,3.131054131054131,28.150199240689023,28.150199240689023
TTCF,2022-12-31,2022,-141752000,82794581.0,-1.7120927274213755,-1.0647336588184058,60.800094299768844,
TTD,2024-12-31,2024,393076000,501924000.0,0.7831384831169659,0.3577497790804147,118.90676917537175,118.90676917537175
TTEC,2024-12-31,2024,-320965000,47614000.0,-6.740979543831646,0.1777346633206099,-3892.7207995841577,
TTEK,2025-09-30,2025,247724000,267123000.0,0.9273780243558211,1.2345561060872012,-24.88166234136977,
TTGT,2023-12-31,2023,4461000,28495000.0,0.15655378136515177,1.2212080300540034,-87.18041664381876,
TTI,2024-12-31,2024,108284000,132231000.0,0.8189002578820398,0.1964600016762799,316.8279807059127,316.8279807059127
TTMI,2024-12-31,2024,56299000,104098000.0,0.5408269131011163,-0.18218095460562175,-396.86248722973124,
TTNP,2022-12-31,2022,-10206000,671700.0,-15.194283162125949,-18.039054470709146,-15.770068842590312,
TTOO,2023-12-31,2023,-50077000,2609984.0,-19.18670765797798,-1222.1437954630119,-98.43007772659772,
TTRX,2024-12-31,2024,-1768415,26643432.0,-0.06637339363787668,,,
TTSH,2024-12-31,2024,2321000,43851653.0,0.052928449470308454,0.23087614873549975,-77.07495999036902,
TTWO,2025-03-31,2024,-4478900000,175100000.0,-25.57909765848087,-22.01175778953557,16.206519729383984,
TUEM,2022-06-30,2022,-59003000,2826671.0,-20.873670830457453,1.451628920420359,-1537.948124126165,
TUP,2021-12-31,2021,18599130,52800000.0,0.35225625,2.1454212619502866,-83.58102176726902,
TUSK,2024-12-31,2024,-207326000,48065000.0,-4.313450535732862,-0.0662034033112167,6415.451351429306,
TVAC,2024-12-31,2024,-5394000,7422000.0,-0.7267582861762328,-6.97305308542172,-89.57761718900954,
TVTX,2020-12-31,2020,-169431000,47539631.0,-3.5639948488451667,,,
TVTY,2021-12-31,2021,104914000,50360000.0,2.0832803812549643,-4.543775524717069,-145.84910433894478,
TW,2024-12-31,2024,501507000,213156753.0,2.3527614909765493,1.7117262055497722,37.449639045567416,37.449639045567416
TWCB,2022-12-31,2022,2490917,16851598.0,0.14781488378728236,-0.11399083804976297,-229.67260028630844,
TWI,2024-12-31,2024,-5560000,68662000.0,-0.0809763770353325,1.250933117326599,-106.47327790061144,
TWIN,2025-06-30,2025,-1894000,13856000.0,-0.13669168591224018,0.7918137926064711,-117.26310998729666,
TWKS,2023-12-31,2023,-68661000,317718424.0,-0.21610644776457785,-0.33898067838115464,-36.248151724569766,
TWLO,2024-12-31,2024,-109403000,165925128.0,-0.6593516082747877,-5.538934936691886,-88.09605789179781,
TWLVU,2022-12-31,2022,8697124,35665000.0,0.24385599327071358,0.21312139130434782,14.421171792405985,14.421171792405985
TWNK,2022-12-31,2022,164195000,137924471.0,1.190470398831546,0.863245836182382,37.90630072382179,37.90630072382179
TWO,2022-12-31,2022,186781000,96076175.0,1.9440927992814034,,,
TWOA,2021-12-31,2021,-742883,22436860.0,-0.033109936060571755,,,
TWOU,2023-12-31,2023,-317607000,81515246.0,-3.8962895358249914,-4.1660410835164825,-6.475009302207802,
TWST,2025-09-30,2025,-77670000,59808000.0,-1.29865569823435,-3.59773166023166,-63.9034863942374,
TWTR,2021-12-31,2021,-221409000,865030000.0,-0.2559552847878108,-1.4414040040057827,-82.24264091979143,
TXG,2024-12-31,2024,-182627000,120451550.0,-1.5161863836538425,-2.177262165480835,-30.362709291877955,
TXMD,2023-12-31,2023,-10278000,10441000.0,-0.9843884685374964,,,
TXN,2024-12-31,2024,4799000000,919000000.0,5.221980413492927,7.106986899563319,-26.523286347780008,
TXRH,2024-12-31,2024,433592000,67011000.0,6.47046007371924,4.540290994653681,42.51201258550139,42.51201258550139
TXT,2022-12-31,2022,863000000,226400000.0,3.8118374558303887,3.393441141536905,12.329558605633872,12.329558605633872
TYGO,2024-12-31,2024,-62746000,60263190.0,-1.0411994452998588,-0.10140403053605507,926.783097077834,
TYHT,2022-06-30,2022,-27033094,4401048.0,-6.142421986763153,-7.144990693125819,-14.031770640754448,
TYL,2024-12-31,2024,263026000,43497000.0,6.046991746557234,3.879422011269845,55.87352262761127,55.87352262761127
TYME,2022-03-31,2021,-23626047,172206534.0,-0.13719599629129056,-0.16828016370677212,-18.471676477356937,
TYRA,2024-12-31,2024,-86481000,57217746.0,-1.511436679103018,,,
TZOO,2024-12-31,2024,13564000,12852000.0,1.0553999377528789,0.826383319967923,27.71312201628724,27.71312201628724
TZUP,2024-12-31,2024,-3999905,8003246.0,-0.49978533709947187,-0.4666825120479416,7.093221665038452,
U,2024-12-31,2024,-664114000,395951000.0,-1.6772630956860823,-2.1605884502059367,-22.370079525038012,
UA,2025-03-31,2024,-201267000,454506000.0,-0.44282583728267616,0.5105367145868261,-186.7373147964593,
UAL,2024-12-31,2024,3149000000,333200000.0,9.45078031212485,7.887918047604701,19.81336843369892,19.81336843369892
UAMY,2024-12-31,2024,-1737904,108591429.0,-0.01600406234639384,-0.059095052417050514,-72.91810110692747,
UAN,2024-12-31,2024,60900000,10570000.0,5.76158940397351,16.313434247871335,-64.68193443250424,
UAVS,2024-12-31,2024,-53032566,1146981.0,-46.236656056203195,-10.298001645959586,348.9866834925601,
UBA,2022-10-31,2022,26054000,39458000.0,0.6602970246844746,0.854475241990803,-22.724850032391974,
UBER,2024-12-31,2024,9856000000,2150508000.0,4.583103155161478,0.9021016530403264,408.0473070540533,408.0473070540533
UBX,2024-12-31,2024,-25990000,16827038.0,-1.544538022675173,-2.6980538002487138,-42.75362401843902,
UCAR,2024-12-31,2024,-6666703,14273.0,-467.0849155748616,-439.7351994851995,6.21958763403081,
UCTT,2024-12-31,2024,23700000,45300000.0,0.5231788079470199,-0.6957494407158836,-175.19643959881606,
UDMY,2024-12-31,2024,-85288000,151320497.0,-0.5636249000688915,-0.7148226178739792,-21.151781438418794,
UDR,2024-12-31,2024,84750000,330116000.0,0.25672793805813715,1.3354593076960475,-80.77605685334976,
UE,2024-12-31,2024,76541000,121432000.0,0.6303198497924765,2.214308188134051,-71.53423118018485,
UEC,2025-07-31,2025,-87656000,427680193.0,-0.20495688468790044,-0.0735471450010619,178.6741547682663,
UEEC,2020-12-31,2020,-15711400,279654911.0,-0.056181384206051004,,,
UEIC,2024-12-31,2024,-24029000,12959000.0,-1.8542325796743575,-7.642007001166861,-75.73631404170091,
UEPEP,2024-12-31,2024,1182000000,267400000.0,4.420344053851907,4.373576309794989,1.0693249813014116,1.0693249813014116
UEPS,2022-06-30,2022,-43876000,57207000.0,-0.7669690772108309,-0.6724920923821809,14.048787472575697,
UFI,2023-06-30,2023,-46344000,18037000.0,-2.5693851527415865,0.8045714891811625,-419.34827262603227,
UFPI,2024-12-31,2024,414560000,58878000.0,7.041000033968545,8.481538283942678,-16.984398369118637,
UFPT,2024-12-31,2024,58981000,7785000.0,7.5762363519588956,5.833528113232048,29.874000860198223,29.874000860198223
UFS,2022-12-31,2022,339000000,53500000.0,6.336448598130841,-0.07476635514018691,-8575.0,
UG,2024-12-31,2024,3250875,4594319.0,0.7075858250156334,0.5618612899974947,25.93603396645967,25.93603396645967
UGI,2025-09-30,2025,678000000,219160000.0,3.0936302244935208,1.2495877289555954,147.57207139663376,147.57207139663376
UHAL,2025-03-31,2024,367090000,19607788.0,18.72164264525912,32.06414716438183,-41.61191143092092,
UI,2025-06-30,2025,711922000,60534000.0,11.760696468100571,5.78848125971749,103.17413049160598,103.17413049160598
UIS,2024-12-31,2024,-193400000,69199000.0,-2.7948380756947353,-6.3102528789521495,-55.70957092675448,
ULBI,2024-12-31,2024,6312000,16767000.0,0.37645374843442475,0.4435473930728461,-15.126601054648104,
ULCC,2024-12-31,2024,85000000,226492134.0,0.37528897140419015,-0.04997773968757161,-850.9122536358252,
ULH,2024-12-31,2024,129907000,26348000.0,4.930431152269622,3.531283259844914,39.62151403527328,39.62151403527328
ULNV,2021-12-31,2021,-9169,508110000.0,-1.8045305150459545e-05,-0.004512719686682018,-99.60012350858585,
ULTA,2025-01-31,2024,1201118000,47404000.0,25.337903974348155,26.03042584079361,-2.6604323366856697,
UMH,2021-12-31,2021,21249000,47432000.0,0.4479886996120762,-0.7189032491846842,-162.31557586088877,
UNF,2025-08-31,2025,148271000,18581000.0,7.979710456918357,7.7693868831446276,2.7070807122505203,2.7070807122505203
UNFI,2024-07-31,2024,-116000000,59300000.0,-1.9561551433389546,0.32948929159802304,-693.6930860033727,
UNH,2024-12-31,2024,14405000000,929000000.0,15.505920344456404,23.860341151385928,-35.013836365220016,
UNIT,2024-12-31,2024,91306000,142858212.0,0.6391372166970702,-0.5827982384961888,-209.6669781202933,
UNP,2024-12-31,2024,6747000000,608600000.0,11.08609924416694,10.453949524745985,6.046994180759779,6.046994180759779
UNTC,2022-12-31,2022,148369000,52849000.0,2.807413574523643,5.264496527777778,-46.6727053629819,
UNVR,2022-12-31,2022,545300000,167400000.0,3.2574671445639187,2.6794648051192556,21.57155930319965,21.57155930319965
UP,2024-12-31,2024,-339635000,34885681.0,-9.735656299786724,-73.73772965550671,-86.79691340475159,
UPLD,2024-12-31,2024,-118324000,2778925.0,-42.57905485034681,-57.746381829286506,-26.265415249354163,
UPS,2024-12-31,2024,5782000000,856000000.0,6.7546728971962615,7.8,-13.401629523124846,
UPST,2024-12-31,2024,-128581000,89450038.0,-1.437461658764192,-2.866703652283502,-49.85663559541052,
UPWK,2024-12-31,2024,215586000,143152000.0,1.5059936291494356,0.3415851321914864,340.8838345766182,340.8838345766182
URBN,2025-01-31,2024,402462000,94448046.0,4.261199855844556,3.049727076703858,39.72397361045359,39.72397361045359
URGN,2024-12-31,2024,-126874000,42876737.0,-2.959040469893966,-3.545915432739956,-16.550732074072815,
URI,2024-12-31,2024,2575000000,66567000.0,38.682830832093984,35.27870761170136,9.649228814900045,9.649228814900045
USAC,2024-12-31,2024,82025000,100263000.0,0.8180984012048313,0.20439244786212263,300.25862489630606,300.25862489630606
USAK,2021-12-31,2021,24768000,8874000.0,2.791075050709939,0.5348208248816768,421.8710493046776,421.8710493046776
USAP,2023-12-31,2023,4910000,9278569.0,0.529176427959958,-0.8997524426946967,-158.81355835779794,
USAU,2025-04-30,2025,-20559122,11429229.0,-1.798819675412926,-0.7371522778141679,144.0228063524208,
USCR,2020-12-31,2020,25500001,16600000.0,1.5361446385542168,,,
USDP,2022-12-31,2022,-61286000,33381187.0,-1.835944300003472,0.8398572584798764,-318.6019447312383,
USEG,2022-12-31,2022,-963000,24668000.0,-0.03903843035511594,,,
USFD,2022-12-31,2022,265000000,226000000.0,1.1725663716814159,0.5377777777777778,118.03920134571784,118.03920134571784
USLM,2024-12-31,2024,108839000,28688371.0,3.793836882547287,2.612694325032646,45.20783568892555,45.20783568892555
USM,2022-12-31,2022,30000000,86000000.0,0.3488372093023256,,,
USNA,2024-12-31,2024,42030000,19162000.0,2.193403611314059,3.2973895063323857,-33.48060315283365,
USPH,2020-12-31,2020,35194000,12835000.0,2.742033502142579,,,
USX,2022-12-31,2022,-43988000,51311000.0,-0.8572820642747169,0.21497933271364436,-498.7741767794159,
UTHR,2024-12-31,2024,1195100000,48500000.0,24.641237113402063,19.814889336016098,24.357177552404806,24.357177552404806
UTI,2025-09-30,2025,63018000,55615000.0,1.1331115706194372,0.7482448722738982,51.43592861197141,51.43592861197141
UTMD,2024-12-31,2024,13874000,3503000.0,3.960605195546674,4.5738245806983775,-13.407147002084429,
UTZ,2024-12-31,2024,15900000,85433980.0,0.18610861860819314,-0.3070985724011031,-160.60224153862742,
UVV,2025-03-31,2024,95047000,25127356.0,3.7826104744168068,4.7761036198598825,-20.801331472624586,
UWMC,2024-12-31,2024,14404000,111374469.0,0.12932946059657532,-0.1418837157742937,-191.1517293515984,
V,2025-09-30,2025,20058000000,2085000000.0,9.620143884892085,9.469064748201438,1.595502203312571,1.595502203312571
VAC,2024-12-31,2024,216000000,42100000.0,5.130641330166271,,,
VACC,2024-12-31,2024,-61074000,39348240.0,-1.5521405785875049,,,
VADP,2022-11-30,2022,-34956,99985500.0,-0.00034961069355056483,-0.0023671532372193968,-85.23075363041393,
VALPQ,2024-12-31,2024,373400000,72900000.0,5.122085048010974,11.507978723404255,-55.49101044483184,
VALU,2022-04-30,2022,23822000,9596912.0,2.4822567926016204,2.4237706938012376,2.413021122417236,2.413021122417236
VAPO,2023-12-31,2023,-58193000,6037468.0,-9.638643219309817,-33.89346119155451,-71.5619388505782,
VATE,2024-12-31,2024,-34600000,10696274.0,-3.2347712857767106,-4.50437769206948,-28.186055723703408,
VC,2024-12-31,2024,296000000,27900000.0,10.609318996415771,19.92982456140351,-46.766621232772984,
VCEL,2023-06-30,2023,-5020000,51679000.0,-0.09713810251746358,-0.1920546829801367,-49.42164335169578,
VCRA,2021-12-31,2021,-8495000,34295000.0,-0.24770374690188074,-0.29973614775725593,-17.359401341714086,
VCSA,2024-12-31,2024,-95193000,12419000.0,-7.665109912231259,-24.052097592398745,-68.1312206439172,
VCTR,2024-12-31,2024,288864000,65928000.0,4.381507098653076,3.124827747969625,40.21595595149159,40.21595595149159
VCYT,2024-12-31,2024,24138000,78163217.0,0.3088153344558477,-1.0242208744622285,-130.15124395096834,
VEC,2024-12-31,2024,34684000,31967000.0,1.0849938999593332,-0.7261935400849312,-249.4083656861556,
VECO,2024-12-31,2024,73714000,61596000.0,1.1967335541268913,-0.5647864010861277,-311.8913542934959,
VEEE,2024-12-31,2024,-11045971,27087.0,-407.7960276147229,-279.8076563958917,45.7415543475137,
VEEV,2025-01-31,2024,714138000,165232000.0,4.322032051902779,3.2155964425088386,34.408410046961265,34.408410046961265
VEL,2020-12-31,2020,-31178000,33407000.0,-0.9332774568204268,,,
VER,2020-12-31,2020,201128000,217862005.0,0.9231898880210894,,,
VERA,2024-12-31,2024,-152146000,55326680.0,-2.7499571635239994,-2.2475902820029434,22.35135493971663,
VERI,2022-12-31,2022,-25557000,36033560.0,-0.7092554829442331,-1.9401987263665783,-63.44418366501765,
VERO,2024-12-31,2024,-46996000,660000.0,-71.2060606060606,,,
VERU,2024-09-30,2024,-37801426,13487502.0,-2.8027003072918912,-10.96257345535743,-74.43391993034075,
VERV,2024-12-31,2024,-198709000,84722277.0,-2.345416188471894,-3.11753132681275,-24.766876653337057,
VERX,2024-12-31,2024,-52729000,155310000.0,-0.3395080806129676,-0.08621813656088873,293.7780311143714,
VERY,2023-12-31,2023,-9893000,14875000.0,-0.6650756302521008,-1.3754621848739497,-51.64711632453569,
VFC,2025-03-31,2024,-189716000,392571000.0,-0.48326544752414213,-2.494803790297662,-80.62912003727224,
VFF,2022-12-31,2022,-101146000,82161000.0,-1.2310707026448071,-0.11050254987159358,1014.065425707677,
VG,2021-12-31,2021,-24497000,246082000.0,-0.09954811810697248,-0.14715420063230955,-32.35115431348724,
VGAS,2024-12-31,2024,-3334000,6286033.0,-0.530382198120818,-0.44679994182911603,18.70686373626902,
VGR,2020-12-31,2020,92938000,211853844.0,0.43868923143070276,,,
VGZ,2024-12-31,2024,11249000,125611300.0,0.08955404489882678,-0.05466031387371651,-263.8374142997539,
VHC,2024-12-31,2024,-18175000,3596.0,-5054.226918798665,-7787.370773959206,-35.09713271005553,
VHI,2021-12-31,2021,127200000,28500000.0,4.463157894736842,1.936842105263158,130.4347826086956,130.4347826086956
VIAV,2025-06-30,2025,34800000,225700000.0,0.15418697385910501,-0.11590296495956873,-233.03108674820456,
VICI,2024-12-31,2024,2704255000,1047675111.0,2.581196185350632,2.4956922200391847,3.426062101123395,3.426062101123395
VIDE,2022-02-28,2021,-2560000,6078000.0,-0.42119118130964134,0.13359657782165185,-415.2709359605911,
VIGL,2024-12-31,2024,-84256000,40668444.0,-2.0717783055579897,-2.1346755042924834,-2.9464524518137636,
VII,2024-12-31,2024,-31513389,4458169.0,-7.068684251314833,,,
VINC,2024-12-31,2024,-30074000,1898.0,-15845.100105374078,-37706.103286384976,-57.977359832100525,
VINP,2024-12-31,2024,21932320,55335544.0,0.3963513939611762,0.7982853841646519,-50.34966168447023,
VIOT,2023-12-31,2023,-11968532,207667763.0,-0.05763307615539731,-0.19470435715793,-70.39969880661194,
VIR,2024-12-31,2024,-521960000,136246865.0,-3.830987230421779,-4.5855271972926985,-16.45481390485266,
VIRI,2021-12-31,2021,-15960268,333172.0,-47.903989530932975,-52.49871878789724,-8.752078837443001,
VIRT,2024-12-31,2024,276415000,94973489.0,2.9104437765785356,1.4955331376738197,94.60911318257344,94.60911318257344
VIRX,2023-12-31,2023,-51058000,38624462.0,-1.3219083802384095,-1.3018185476582362,1.543212962844298,
VISL,2022-12-31,2022,-13560000,2334600.0,-5.808275507581598,-150.7864961825039,-96.1480134795681,
VITL,2020-12-31,2020,8800000,32914653.0,0.26735812770075384,,,
VIVE,2021-12-31,2021,-26718000,10501057.0,-2.544315300831145,-16.564052244383323,-84.63953588594909,
VIVK,2023-12-31,2023,742014,963057.0,0.7704777598833714,-24.320676129645733,-103.16799481961851,
VIVO,2022-09-30,2022,42459000,4401200.0,9.647141688630374,16.224438789421068,-40.53944291175936,
VKTX,2024-12-31,2024,-109963000,109037000.0,-1.008492530058604,-0.9104158054840111,10.77273966288972,
VLD,2024-12-31,2024,-69744000,847689.0,-82.27545715468763,-358.9482743050206,-77.07874280382441,
VLDR,2021-12-31,2021,-212236000,196204671.0,-1.0817071730162835,-1.01198884405604,6.889238885362925,
VLGEA,2024-07-31,2024,50462000,14313000.0,3.5256060923635855,3.4937456078706957,0.91192914621816,0.91192914621816
VLO,2022-12-31,2022,11528000000,396000000.0,29.11111111111111,2.2794117647058822,1177.1326164874552,1177.1326164874552
VLTA,2020-12-31,2020,-70555000,1575462.0,-44.783688848096624,,,
VMC,2024-12-31,2024,911900000,133100000.0,6.851239669421488,6.979805534779357,-1.841969159702861,
VMEO,2024-12-31,2024,27012000,169451000.0,0.15940891467149795,0.13330832390437525,19.57911554408649,19.57911554408649
VMGAU,2022-09-30,2022,-634686,5657534.0,-0.1121842131218301,,,
VMI,2024-12-31,2024,348259000,20261000.0,17.188638270569072,7.129306678009358,141.09831498185005,141.09831498185005
VMW,2023-01-31,2022,1314000000,426328000.0,3.0821339438179054,4.30016066534354,-28.325144484533503,
VNCE,2023-01-31,2022,-38346000,12223004.0,-3.137199333322643,-1.0793828112195658,190.64751640597328,
VNDA,2024-12-31,2024,-18900000,58149087.0,-0.3250265992998308,0.04359088014851686,-845.6298156688849,
VNE,2021-12-31,2021,-385000000,111960000.0,-3.438728117184709,-4.885263535317318,-29.610181880160336,
VNJA,2024-12-31,2024,13943,30000000.0,0.00046476666666666667,0.0024473,-81.00900311908362,
VNO,2024-12-31,2024,9020000,196626000.0,0.045873892567615676,0.24301559502960554,-81.12306637686069,
VNOM,2024-12-31,2024,359245000,93932000.0,3.8245219946344164,2.697476272648835,41.781487882333025,41.781487882333025
VNRX,2024-12-31,2024,-26967836,4326559.0,-6.2330910083509785,-9.916276032307913,-37.14282470512986,
VNT,2024-12-31,2024,422200000,153800000.0,2.7451235370611182,2.416025641025641,13.621457092474,13.621457092474
VOD,2023-03-31,2022,12839826584,2777569216.0,4.622684651758467,,,
VOLT,2021-10-31,2021,1374000,22542000.0,0.06095288794250732,,,
VOR,2024-12-31,2024,-116914000,3435282.0,-34.0333049804936,-35.082460734153095,-2.9905420877109012,
VORB,2022-12-31,2022,-191158000,335416139.0,-0.5699129462580809,-0.5205517756818621,9.482470886121064,
VOXX,2024-02-29,2023,-40850000,23428473.0,-1.7436048862424793,-1.128466248660175,54.5110355150326,
VOYG,2024-12-31,2024,-62072000,12746454.0,-4.869746519306467,,,
VPCC,2024-12-31,2024,57873000,13822582.0,4.186844397088763,-4.065205163531983,-202.99220405031403,
VPG,2024-12-31,2024,9911000,13386000.0,0.7404004183475272,1.882882882882883,-60.6772983557055,
VRA,2025-01-31,2024,-62188000,28935000.0,-2.1492310350786243,0.25030337868046243,-958.6504290948205,
VRAY,2022-12-31,2022,-107330000,182310900.0,-0.5887195993218178,-0.6700235548154253,-12.134492124833528,
VRCA,2024-12-31,2024,-76579000,5180823.0,-14.781242285250817,-14.77533745970939,0.03996406550801357,
VRDN,2024-12-31,2024,-269949000,67885831.0,-3.976514627919926,-5.3118417355641965,-25.138683984198916,
VRDR,2024-06-30,2024,-3187774,1187606780.0,-0.0026841998999028957,-0.003921501636936863,-31.551733279408744,
VRE,2021-12-31,2021,-119042000,99893000.0,-1.1916951137717358,-0.5125374027528427,132.50890712972972,
VREX,2025-09-30,2025,-70300000,41400000.0,-1.6980676328502415,-1.196078431372549,41.969588976003806,
VRM,2023-12-31,2023,-365540000,1743128.0,-209.7034755910065,-262.1526438312538,-20.007110160601137,
VRML,2024-12-31,2024,-13094000,14134626.0,-0.9263775355640821,-1.807586578415142,-48.7505856357756,
VRNA,2024-12-31,2024,-173418000,652310582.0,-0.26585188832641077,-0.08573622850101269,210.08115585964995,
VRNOF,2024-12-31,2024,-341859000,349584820.0,-0.9779000129353442,-0.3423477836881533,185.64520044508873,
VRNS,2024-12-31,2024,-95765000,111660541.0,-0.8576440624624951,-0.9246311961564456,-7.244740819086148,
VRNT,2025-01-31,2024,64987000,62756000.0,1.0355503856204984,0.276905376410958,273.9726541400293,273.9726541400293
VRRM,2024-12-31,2024,31448000,167717000.0,0.18750633507634884,0.35630589249892197,-47.374899202118534,
VRS,2021-12-31,2021,-3000000,29605000.0,-0.10133423408208073,-2.950455713951858,-96.56547178109129,
VRSK,2024-12-31,2024,958200000,142842261.0,6.708098802776582,4.1714132102493595,60.81117992085909,60.81117992085909
VRSN,2024-12-31,2024,785700000,98200000.0,8.0010183299389,7.8995169082125605,1.2849066962666411,1.2849066962666411
VRT,2024-12-31,2024,495800000,386325058.0,1.2833752036866322,1.1915295238063133,7.708216879672447,7.708216879672447
VRTS,2024-12-31,2024,121746000,7210000.0,16.885714285714286,17.711322033898306,-4.661468785920442,
VRTV,2022-12-31,2022,337900000,14510000.0,23.28738800827016,9.009345794392523,158.48034407519785,158.48034407519785
VRTX,2024-12-31,2024,-535600000,257900000.0,-2.0767739433889103,13.894817658349329,-114.94639220501743,
VSAC,2022-12-31,2022,147396,13122700.0,0.011232139727342697,,,
VSAT,2025-03-31,2024,-574962000,128476000.0,-4.475248295401475,-9.121197382006844,-50.93573674625566,
VSBC,2022-01-31,2021,909560,205983864.0,0.004415685686913806,-0.004669890937953362,-194.55650561400552,
VSCO,2025-01-31,2024,165000000,81000000.0,2.037037037037037,1.379746835443038,47.63846415222564,47.63846415222564
VSEC,2024-12-31,2024,15324000,17975295.0,0.8525033942419303,2.758882457324352,-69.09968411380912,
VSH,2021-12-31,2021,297970000,145458000.0,2.0484950982414167,0.8450465066717997,142.41211366098386,142.41211366098386
VST,2024-12-31,2024,2659000000,352567060.0,7.5418276454981354,3.9792841611617016,89.52724510371218,89.52724510371218
VSTM,2024-12-31,2024,-130637000,35713000.0,-3.657967686836726,-0.003961503582116623,92237.86139560377,
VSTO,2024-03-31,2023,-5505000,57946000.0,-0.09500224346805647,-0.17169611307420496,-44.66837846993212,
VTAQ,2023-12-31,2023,-34480000,54539795.0,-0.6321989292405664,-1.0325304669737023,-38.771886209468335,
VTIQ,2021-12-31,2021,1320925000,43800000.0,30.15810502283105,-4.114155251141552e-05,-73303374.13984463,
VTLE,2024-12-31,2024,-174173000,36725000.0,-4.7426276378488765,33.42294182745513,-114.18973728384694,
VTNR,2020-12-31,2020,-30809589,45509000.0,-0.6769999121052979,,,
VTOL,2024-12-31,2024,94797000,29552000.0,3.2078031943692475,-0.2409467287394719,-1431.3329511261986,
VTR,2022-12-31,2022,-47447000,376503000.0,-0.12602024419460137,0.1271208202882837,-199.1342282946362,
VTRS,2024-12-31,2024,-634200000,1200400000.0,-0.528323892035988,0.045322727649349574,-1265.6930627024385,
VTS,2024-12-31,2024,21060000,32908225.0,0.6399615901495751,-0.6679981745082302,-195.80289506340415,
VTSI,2024-12-31,2024,747977,11162917.0,0.06700551477718593,0.766440974884154,-91.2575766467452,
VTVT,2024-12-31,2024,-18462000,5771052.0,-3.1990701175452934,-9.71235598734372,-67.06185273980859,
VTYX,2024-12-31,2024,-135122000,68478172.0,-1.973212719521777,-3.2960744358494667,-40.13446122271085,
VUZI,2021-12-31,2021,-40377160,61177273.0,-0.6600026124080425,-0.4710648832392433,40.10864233172779,
VVI,2021-12-31,2021,-92655030,20411000.0,-4.539465484297683,-18.447359337245427,-75.392329052037,
VVNT,2022-12-31,2022,-51734000,212501938.0,-0.24345189736575484,-1.4638330002789721,-83.36887491132126,
VVV,2025-09-30,2025,210700000,128600000.0,1.6384136858475895,1.6145038167938932,1.480942243987804,1.480942243987804
VWE,2023-06-30,2023,-188967000,59289659.0,-3.187183114006441,-0.0070046721492867375,45400.817826727,
VWTR,2021-12-31,2021,32910000,18282000.0,1.8001312766655726,0.5227367760819569,244.36667918373897,244.36667918373897
VXRT,2024-12-31,2024,-66948000,202137531.0,-0.33120024603446846,-0.5694318789226729,-41.83672212713534,
VYGR,2024-12-31,2024,-65002000,57667543.0,-1.127185182833262,2.9690818355060005,-137.96409951904081,
VYNE,2024-12-31,2024,-39834000,851780.0,-46.765596750334595,-138.47950939355593,-66.22922990185664,
VZIO,2023-12-31,2023,28200000,199900000.0,0.14107053526763383,-0.0020714655618850335,-6910.180090045024,
W,2024-12-31,2024,-492000000,123000000.0,-4.0,-6.473684210526316,-38.21138211382114,
WAB,2024-12-31,2024,1056000000,174800000.0,6.0411899313501145,4.540389972144847,33.05442854936756,33.05442854936756
WALD,2024-12-31,2024,-42443000,109295742.0,-0.38833168816402747,,,
WAT,2024-12-31,2024,637834000,59552000.0,10.710538688876948,10.83573477307238,-1.1554000427045685,
WBA,2024-08-31,2024,-8636000000,863100000.0,-10.005793071486503,-3.5669601482854496,180.51317243608798,
WBD,2024-12-31,2024,-11311000000,2450000000.0,-4.616734693877551,-1.2832512315270936,259.7685769125309,
WBEV,2021-12-31,2021,-14648000,7754559.0,-1.8889533241026344,-0.5357040019044516,252.61138938430946,
WBT,2021-12-31,2021,70300000,143134460.0,0.49114657644287757,-0.052300025798047864,-1039.0943292062582,
WCC,2024-12-31,2024,660200000,50600000.0,13.047430830039525,13.539196940726578,-3.632166020185401,
WCN,2024-12-31,2024,617573000,258662190.0,2.3875658054236686,2.95487985236943,-19.199225528268073,
WDAY,2025-01-31,2024,526000000,269205000.0,1.953901301981761,5.205722147878697,-62.466277560012195,
WDC,2025-06-30,2025,1889000000,359000000.0,5.26183844011142,-1.8502288440938748,-384.3885207447588,
WDFC,2025-08-31,2025,90994000,13567000.0,6.7070096557824135,5.128424153166422,30.781102644197865,30.781102644197865
WDH,2024-12-31,2024,51126420,3719776955.0,0.013744485386758895,0.006090507487670464,125.67060979044906,125.67060979044906
WDQ,2024-12-31,2024,-55774000,60212000.0,-0.9262937620407892,-0.7008763032308485,32.162231448092584,
WE,2022-12-31,2022,-2034000000,6589623.0,-308.6671270875436,-254.93443722605605,21.077062183576857,
WEAV,2024-12-31,2024,-28346000,71656892.0,-0.39557953476408103,-0.4583944173820398,-13.703239009040313,
WEC,2024-12-31,2024,1527200000,316500000.0,4.825276461295418,4.215574548907882,14.463079832035962,14.463079832035962
WELL,2024-12-31,2024,951680000,608750000.0,1.563334702258727,0.6556648242436394,138.4350424871665,138.4350424871665
WEN,2024-12-31,2024,194357000,205614000.0,0.9452517824661745,0.9664640199684211,-2.194829508804663,
WERN,2024-12-31,2024,34233000,62662000.0,0.546311959401232,1.7637402303901566,-69.02537289857122,
WES,2024-12-31,2024,1573571000,384772000.0,4.089619307018182,2.656679799985446,53.93723048748993,53.93723048748993
WEST,2021-12-31,2021,-21947000,34472000.0,-0.6366616384311905,,,
WETF,2020-12-31,2020,-35655000,148682000.0,-0.23980710509678374,,,
WEWA,2024-05-31,2024,-651739,107483450.0,-0.006063621887834825,-0.007077275617781156,-14.322654432160276,
WEX,2020-12-31,2020,-243638000,43842000.0,-5.557182610282378,,,
WEYS,2024-12-31,2024,30320000,9599000.0,3.1586623606625692,3.166019926586261,-0.2323916492725564,
WFG,2022-12-31,2022,1975000000,109560000.0,18.02665206279664,26.89850310332238,-32.98269426535461,
WFRD,2024-12-31,2024,506000000,74900000.0,6.7556742323097465,5.635135135135135,19.884866472642983,19.884866472642983
WGO,2025-08-31,2025,25700000,28300000.0,0.9081272084805654,0.4406779661016949,106.07502038597447,106.07502038597447
WH,2024-12-31,2024,289000000,80100000.0,3.6079900124843944,3.4040047114252063,5.992509363295873,5.992509363295873
WHD,2024-12-31,2024,185407000,79915000.0,2.3200525558405807,2.1290083060659453,8.973391471997294,8.973391471997294
WHF,2021-12-31,2021,30094000,21150168.0,1.422872858504008,0.16377858264797795,768.7783442126248,768.7783442126248
WHG,2024-12-31,2024,2215000,8515779.0,0.26010538789228793,1.1735499108188359,-77.83601826437861,
WHLM,2023-12-31,2023,433000,5156999.0,0.08396356097800291,0.6843127175320375,-87.73023519410597,
WHR,2024-12-31,2024,-324000000,55100000.0,-5.88021778584392,8.71376811594203,-167.4819172096849,
WIFI,2020-12-31,2020,-17093000,44440000.0,-0.3846309630963096,,,
WINA,2024-12-31,2024,39954200,3667479.0,10.89418644251269,11.036350811037092,-1.2881465165299755,
WING,2024-12-31,2024,108717000,29384000.0,3.6998706779199564,2.3504488210075025,57.41124183823045,57.41124183823045
WINV,2024-12-31,2024,-2231950,1265429.0,-1.763789197181351,-0.9068924451707682,94.48714195091006,
WIRE,2023-12-31,2023,372399000,17223000.0,21.622191255878768,34.75722655304314,-37.79080381203299,
WISH,2024-12-31,2024,-75000000,25690000.0,-2.919423900350331,-13.357491993932243,-78.14392176557917,
WIT,2025-03-31,2024,1553548895,10977982350.0,0.14151497474397015,0.1215362031439229,16.438535253885167,16.438535253885167
WK,2024-12-31,2024,-55042000,55355381.0,-0.9943387436896153,-2.357219460338796,-57.817302952916314,
WKHS,2024-12-31,2024,-51588000,164041.0,-314.48235502100084,-1794.1101636021428,-82.47140218025433,
WLDN,2024-12-31,2024,22570000,14245000.0,1.5844155844155845,0.8030280758488902,97.30512943033536,97.30512943033536
WLFC,2024-12-31,2024,104378000,20412000.0,5.113560650597687,2.0764285346911486,146.2671151530041,146.2671151530041
WLK,2024-12-31,2024,602000000,129206922.0,4.65919310422084,3.7247729931656015,25.08663246779761,25.08663246779761
WLKP,2024-12-31,2024,62392000,35221868.0,1.7713995180494118,1.5411732279503176,14.938378497872273,14.938378497872273
WLL,2021-12-31,2021,427906000,38119000.0,11.225530575303655,1.0250268894776884,995.1449850280245,995.1449850280245
WM,2024-12-31,2024,2746000000,403400000.0,6.807139315815568,5.662324895551732,20.218098420371298,20.218098420371298
WMB,2024-12-31,2024,2222000000,1222954000.0,1.8169121651345839,2.597498190502284,-30.05145598260288,
WMG,2025-09-30,2025,365000000,520508000.0,0.7012380213176358,0.8405423527070295,-16.573148389340965,
WMK,2024-12-31,2024,109942000,26898443.0,4.087299774191391,3.8600003725122676,5.888584967446153,5.888584967446153
WMS,2025-03-31,2024,450172000,78188000.0,5.757558704660561,6.453231583077059,-10.780224906864166,
WMT,2025-01-31,2024,19436000000,8081000000.0,2.4051478777379036,1.9130488406512087,25.723286652691147,25.723286652691147
WNC,2024-12-31,2024,-284071000,44359000.0,-6.403909015081494,4.81474078700812,-233.0063091321866,
WNDW,2025-08-31,2025,-2257278,55817934.0,-0.04044001341934297,-0.06495336448001,-37.73992503223024,
WOLF,2025-06-30,2025,-1609200000,141320000.0,-11.386923294650439,-6.87548232598474,65.61635612988863,
WOOF,2025-01-31,2024,-101816000,267852000.0,-0.38012036497767426,-4.779542433881397,-92.04692980057959,
WOR,2025-05-31,2025,96053000,50131000.0,1.9160399752648063,2.197187574481608,-12.795794154403684,
WORK,2021-01-31,2020,-300422000,567152000.0,-0.5297027957231923,,,
WOW,2024-12-31,2024,-58800000,81859903.0,-0.7183003869427991,-3.5259182443363546,-79.62799086176778,
WPC,2024-12-31,2024,460839000,220520457.0,2.0897789088111676,3.2829642734970355,-36.34475630205013,
WPG,2020-12-31,2020,-233818000,25201037.0,-9.278110261891207,,,
WR,2024-12-31,2024,873600000,230600000.0,3.7883781439722464,3.172234273318872,19.423025463020082,19.423025463020082
WRAC,2022-12-31,2022,1020172,28750000.0,0.03548424347826087,,,
WRAP,2023-12-31,2023,-30612000,42324190.0,-0.7232743261005113,-0.42785866271836287,69.04515185113951,
WRBY,2024-12-31,2024,-20390000,120385000.0,-0.1693732607883042,-0.5383553274986248,-68.53876015766987,
WRE,2024-12-31,2024,-13103000,87920000.0,-0.14903321201091901,-0.6038297144811079,-75.31866875100897,
WRI,2020-12-31,2020,112149000,128169000.0,0.875008777473492,,,
WRK,2023-09-30,2023,-1649000000,256402917.0,-6.4312840871463255,3.531214953271028,-282.12666666437036,
WSC,2021-12-31,2021,160144000,232793902.0,0.6879217996010909,0.4181625552482193,64.51061697591354,64.51061697591354
WSM,2025-01-31,2024,1125251000,128041000.0,8.788208464476222,7.275416717735016,20.79319722062831,20.79319722062831
WSO,2022-12-31,2022,601167000,38736179.0,15.519522459868847,11.79981174153724,31.523475118146372,31.523475118146372
WSR,2024-12-31,2024,0,51347000.0,0.0,0.0,,
WST,2024-12-31,2024,492700000,73700000.0,6.685210312075983,7.8804780876494025,-15.167452561624273,
WSTG,2024-12-31,2024,18610000,4465000.0,4.167973124300112,2.8000454442172233,48.85376710253018,48.85376710253018
WSTL,2021-03-31,2020,-2734000,14125000.0,-0.1935575221238938,,,
WTI,2024-12-31,2024,-87145000,147133000.0,-0.5922872503109432,0.10517727340157247,-663.1323489909828,
WTRG,2022-12-31,2022,465237000,262868000.0,1.769850267054187,1.671748392594314,5.868220055987794,5.868220055987794
WTRH,2022-12-31,2022,-206789000,9188320.0,-22.505637592073416,-0.8034275889566734,2701.2029834946434,
WTS,2024-12-31,2024,291200000,33500000.0,8.692537313432835,7.823880597014925,11.102632582983585,11.102632582983585
WTTR,2020-12-31,2020,-338684000,101379865.0,-3.340742266721306,,,
WTW,2024-12-31,2024,-98000000,102000000.0,-0.9607843137254902,9.952830188679245,-109.65337793885325,
WU,2024-12-31,2024,934200000,341100000.0,2.7387862796833775,1.6837009144701451,62.66465475819167,62.66465475819167
WVE,2024-12-31,2024,-97008000,138277468.0,-0.7015459669828493,-0.542078048607246,29.41788895258206,
WW,2024-12-31,2024,-345701000,79578000.0,-4.344178039156551,-1.4639983306597806,196.73381097359308,
WWD,2025-09-30,2025,442111000,61464000.0,7.193007288819471,6.007522066877134,19.733347772097055,19.733347772097055
WWE,2022-12-31,2022,195588000,88163000.0,2.218481675986525,2.1069833729216154,5.291845417379926,5.291845417379926
WWR,2024-12-31,2024,12657000,58538139.0,0.2162180113037075,0.14895038215064405,45.161098737585604,45.161098737585604
WWW,2024-12-31,2024,45200000,80000000.0,0.565,-0.48488664987405544,-216.52207792207793,
WY,2024-12-31,2024,396000000,728957000.0,0.5432419196194014,1.1458273583694563,-52.58954888348541,
WYNN,2024-12-31,2024,501078000,110267000.0,4.544224473323841,6.468424084001595,-29.747579714769966,
WYY,2022-12-31,2022,-23585094,8732203.0,-2.700932857378602,,,
X,2024-12-31,2024,384000000,254004000.0,1.511787215949355,3.5048558897243107,-56.865923635214834,
XAIR,2024-03-31,2023,-60241000,82900.0,-726.6706875753921,-744.8688178930793,-2.4431322510132802,
XBIO,2024-12-31,2024,-3960275,1541339.0,-2.569373122979435,-2.7055038247361294,-5.031621116631435,
XBIT,2024-12-31,2024,-38531000,30460980.0,-1.2649297560354262,-0.8067754021318885,56.78833944278341,
XEC,2020-12-31,2020,-1967458000,99952000.0,-19.68402833360013,,,
XEL,2024-12-31,2024,1936000000,563000000.0,3.438721136767318,3.2083333333333335,7.18091854859173,7.18091854859173
XELA,2023-12-31,2023,-125156000,5983517.0,-20.916795256034202,-1349.4335432043044,-98.44995736460159,
XENE,2024-12-31,2024,-234330000,77894643.0,-3.0082941647219568,-2.726800914440273,10.323205071224105,
XENT,2021-12-31,2021,-159635000,33272000.0,-4.797878095696081,-2.2173539782308755,116.37853688674853,
XERS,2024-12-31,2024,-54836000,146772758.0,-0.37361156625536734,-0.45218859388392174,-17.3770476945567,
XFIN,2022-12-31,2022,623118,28750000.0,0.02167366956521739,,,
XFOR,2024-12-31,2024,-37450000,6695372.0,-5.593415869947181,-17.085683944148744,-67.26255800919967,
XGN,2024-12-31,2024,-15115000,18203044.0,-0.830355626234821,-1.3399159601361286,-38.02927564573072,
XHR,2024-12-31,2024,16143000,102271394.0,0.15784472440064717,0.17656637978550163,-10.6031824448109,
XL,2023-12-31,2023,-65831000,18391436.0,-3.579437733953999,-0.6582779554927125,443.7578008023732,
XLNX,2021-03-31,2020,646508000,247229000.0,2.6150168467291457,,,
XLO,2024-12-31,2024,-58241000,3820716.0,-15.243477924033087,-38.917656790724635,-60.831460110758485,
XLRN,2020-12-31,2020,-166030000,56800000.0,-2.92306338028169,,,
XM,2022-12-31,2022,-1061478000,584285678.0,-1.8167106262700488,-2.049155192315165,-11.343433963266447,
XMTR,2024-12-31,2024,-50401000,47989277.0,-1.0502554560261452,-1.405980756909507,-25.300865544225747,
XNCR,2024-12-31,2024,-232618000,65041265.0,-3.5764679546131215,-2.2004260496079198,62.53524881012884,
XNET,2024-12-31,2024,1215000,319146281.0,0.003807031672726902,0.04352155935057842,-91.25253844408425,
XOG_delisted,2020-12-31,2020,-1289809000,25976000.0,-49.65387280566677,,,
XOM,2024-12-31,2024,33680000000,4298000000.0,7.83620288506282,8.886969397828233,-11.823676505763558,
XOMA,2024-12-31,2024,-13821000,11701000.0,-1.181181095632852,-3559.4978641792345,-99.96681607516837,
XONE,2020-12-31,2020,-14924000,17423229.0,-0.8565576449692534,,,
XOS,2024-12-31,2024,-50159000,7500000.0,-6.687866666666666,-13.105754276827371,-48.96999802223013,
XPDB,2024-12-31,2024,215695562,1272270.0,169.53599629009565,-0.4393927599128993,-38684.157900941,
XPEL,2024-12-31,2024,45489000,27643000.0,1.645588394892016,1.910689730042701,-13.874640711276577,
XPER,2024-12-31,2024,64623000,113061000.0,0.5715764056571232,0.5970101640244929,-4.260188502641016,
XPL,2022-12-31,2022,-3928000,79624000.0,-0.04933185974078167,-40.635890744905495,-99.87860027469199,
XPO,2024-12-31,2024,389000000,120000000.0,3.2416666666666667,1.6016949152542372,102.38977072310406,102.38977072310406
XPRO,2024-12-31,2024,51918000,115829638.0,0.4482272490569296,-0.21399495296201307,-309.4569254334217,
XRAY,2024-12-31,2024,-910000000,203200000.0,-4.478346456692913,-0.6226415094339622,619.2495824385587,
XRX,2024-12-31,2024,-1335000000,124210000.0,-10.747926897995331,-0.08718045011937016,12228.368210165167,
XSPA,2024-12-31,2024,-16853000,4610940.0,-3.6550031013199042,-6.644200784629313,-44.989574821769615,
XTNT,2024-12-31,2024,-16449000,133665075.0,-0.12306131575506915,0.005205321624283071,-2464.1443245501355,
XXII,2022-12-31,2022,-59801000,1.0,-59801000.0,-32609000.0,83.38802171179735,
XYL,2024-12-31,2024,890000000,243500000.0,3.6550308008213555,2.7910174152153986,30.956932797901437,30.956932797901437
Y,2021-12-31,2021,1034892000,13854638.0,74.69643017738898,7.123825350131878,948.5438160833937,948.5438160833937
YCQH,2021-12-31,2021,-222108,101400000.0,-0.002190414201183432,,,
YELL,2022-12-31,2022,21800000,50720000.0,0.42981072555205047,-2.1435026916578255,-120.05179313395809,
YELP,2024-12-31,2024,132850000,70611000.0,1.8814349039101557,1.3475324745910104,39.620746763909345,39.620746763909345
YETI,2024-12-31,2024,175689000,85755000.0,2.0487318523701243,1.9436975847510956,5.403837944907419,5.403837944907419
YEXT,2025-01-31,2024,-27948000,126850809.0,-0.22032181127043501,-0.021199941004513983,939.2567187971097,
YI,2022-12-31,2022,-61949028,166634121.0,-0.37176676438314815,-6.258684764711947,-94.05998578999754,
YMAB,2024-12-31,2024,-29666000,44328962.0,-0.6692238812178819,-0.4909338874476268,36.3164976647238,
YMM,2021-12-31,2021,566386596,13445972280.0,0.04212314172642337,,,
YNDX,2021-12-31,2021,-199019895,353382841.0,-0.563184942530925,0.9673488475916124,-158.21942559119955,
YORW,2024-12-31,2024,20325000,14346761.0,1.4166960751628888,1.66182687075489,-14.750681909521045,
YOU,2024-12-31,2024,169676000,89968555.0,1.8859478181015579,0.31242026728116284,503.6573217589298,503.6573217589298
YRD,2024-12-31,2024,220122674,174711569.0,1.2599204234723576,1.6455046622269696,-23.432582575170315,
YSG,2023-12-31,2023,-105274572,2195818231.0,-0.04794320882929221,,,
YTEN,2023-12-31,2023,-14455000,331360.0,-43.623249637856105,-66.19595290259933,-34.09982374293589,
YUM,2024-12-31,2024,1486000000,285000000.0,5.2140350877192985,5.603508771929825,-6.950532247964936,
YUMC,2024-12-31,2024,909000000,390000000.0,2.330769230769231,1.9690476190476192,18.3703841503116,18.3703841503116
YUMM,2023-12-31,2023,-62751,449626500.0,-0.00013956250354460868,,,
Z,2024-12-31,2024,-110000000,233295000.0,-0.4715060331340149,-0.6858269572858399,-31.25,
ZBH,2024-12-31,2024,903700000,203900000.0,4.432074546346248,4.882689556509299,-9.22882777919638,
ZBRA,2024-12-31,2024,528000000,51879709.0,10.177389391293618,5.724124799689474,77.79817434877951,77.79817434877951
ZDGE,2025-07-31,2025,-2392000,13736000.0,-0.1741409435061153,-0.6507947771785411,-73.24180377398129,
ZEN,2021-12-31,2021,-223644000,120164000.0,-1.8611564195599348,-1.8932488719194724,-1.6950995104516142,
ZETA,2024-12-31,2024,-69771000,158055789.0,-0.44143273992957005,-1.1861697770525823,-62.78502888292681,
ZEUS,2024-12-31,2024,22980000,11677000.0,1.967971225485998,3.8460010364484365,-48.83071515489482,
ZEV,2022-12-31,2022,15170000,4280292.0,3.544150726165411,-33.44465066139884,-110.59706307608708,
ZGNX,2021-12-31,2021,-227413000,55905000.0,-4.067847240855022,-3.8986891594980078,4.338845043465711,
ZI,2024-12-31,2024,29100000,362189144.0,0.08034476041612114,0.269950396627199,-70.23721342144309,
ZIMV,2024-12-31,2024,-25825000,27431000.0,-0.9414531005067259,-14.86663642549331,-93.66734294455253,
ZIP,2024-12-31,2024,-12854000,98588000.0,-0.13038097942954519,0.46414762575509777,-128.09041179892606,
ZIVO,2024-12-31,2024,-13384836,3167153.0,-4.22614126946188,-4.601859516724467,-8.164487548937993,
ZIXI,2020-12-31,2020,-15450000,53758033.0,-0.2873989083640765,,,
ZKH,2024-12-31,2024,-37288996,5736262553.0,-0.006500573440540702,-0.08917924344660837,-92.71066540900563,
ZLAB,2020-12-31,2020,-268905000,77667743.0,-3.4622481562261953,,,
ZM,2025-01-31,2024,1010238000,315069582.0,3.206396484189959,2.0661941294502637,55.183699270458206,55.183699270458206
ZNGA,2021-12-31,2021,-104200000,1097100000.0,-0.09497766839850515,-0.42230527143981117,-77.50971280214252,
ZNOG,2024-12-31,2024,-7343000,797267.0,-9.210214394926668,-1.400718921933805e-05,65753380.235786535,
ZNTE,2022-12-31,2022,-174030000,254131000.0,-0.6848042938484482,-0.6349913485211373,7.844665197931078,
ZNTL,2024-12-31,2024,-165839000,71080000.0,-2.3331316826111426,-4.467137549878457,-47.77121464113808,
ZOM,2024-12-31,2024,-46982000,979949668.0,-0.04794327865418492,-0.03523548313503791,36.065336383909184,
ZS,2025-07-31,2025,-41478000,154404000.0,-0.2686329369705448,-0.3857713957188507,-30.36473415298945,
ZTO,2024-12-31,2024,1226560403,838441916.0,1.4629044416715444,1.474056174184375,-0.7565337541495687,
ZTS,2024-12-31,2024,2486000000,454848000.0,5.465562121851695,5.0706406875650325,7.788393195659604,7.788393195659604
ZUMZ,2025-01-31,2024,-1713000,18918000.0,-0.09054868379321282,-3.245723172628305,-97.21021544422445,
ZUO,2024-01-31,2023,-68193000,140147000.0,-0.4865819460994527,-1.5061510487595196,-67.69368208452889,
ZUUS,2022-09-30,2022,-833922,105515460.0,-0.007903315779507572,-0.00034205315234732485,2210.55194938898,
ZVIA,2024-12-31,2024,-20005000,58683445.0,-0.3408968236271746,-0.4246251952685208,-19.71818266421963,
ZVO,2021-12-31,2021,-42349000,31959000.0,-1.3251040395506744,-1.5317125066491442,-13.488723647654844,
ZVSA,2022-12-31,2022,-24063444,58279.0,-412.90077043188796,-116.96173211030411,253.02210644631194,
ZY,2021-12-31,2021,-361785000,97940901.0,-3.693911290442386,-19.654049332792724,-81.20534232974012,
ZYME,2021-12-31,2021,-211843000,52131596.0,-4.06362007409096,-3.5836254800948035,13.394105959517244,
ZYNE,2022-12-31,2022,-35035806,43746878.0,-0.8008755733380563,-0.9305822828860568,-13.938231141230773,
ZYXI,2024-12-31,2024,2994000,32299000.0,0.09269636830861637,0.26927120801283827,-65.5750910048293,
